{"level":"error","message":"Error al iniciar el servidor Failed to connect to localhost\\SQLEXPRESS in 15000ms","stack":"ConnectionError: Failed to connect to localhost\\SQLEXPRESS in 15000ms\n    at C:\\Users\\samue\\Desktop\\Api_WasteLess\\node_modules\\mssql\\lib\\tedious\\connection-pool.js:86:17\n    at Connection.onConnect (C:\\Users\\samue\\Desktop\\Api_WasteLess\\node_modules\\tedious\\lib\\connection.js:874:9)\n    at Object.onceWrapper (node:events:633:26)\n    at Connection.emit (node:events:518:28)\n    at Connection.emit (C:\\Users\\samue\\Desktop\\Api_WasteLess\\node_modules\\tedious\\lib\\connection.js:1013:18)\n    at C:\\Users\\samue\\Desktop\\Api_WasteLess\\node_modules\\tedious\\lib\\connection.js:892:14\n    at processTicksAndRejections (node:internal/process/task_queues:85:11)\n    at runNextTicks (node:internal/process/task_queues:69:3)\n    at listOnTimeout (node:internal/timers:549:9)\n    at process.processTimers (node:internal/timers:523:7)","timestamp":"2026-05-12T13:11:00.666Z"}
{"level":"error","message":"Error al iniciar el servidor Failed to connect to DESKTOP-C6IVMLS\\SQLEXPRESS in 15000ms","stack":"ConnectionError: Failed to connect to DESKTOP-C6IVMLS\\SQLEXPRESS in 15000ms\n    at C:\\Users\\samue\\Desktop\\Api_WasteLess\\node_modules\\mssql\\lib\\tedious\\connection-pool.js:86:17\n    at Connection.onConnect (C:\\Users\\samue\\Desktop\\Api_WasteLess\\node_modules\\tedious\\lib\\connection.js:874:9)\n    at Object.onceWrapper (node:events:633:26)\n    at Connection.emit (node:events:518:28)\n    at Connection.emit (C:\\Users\\samue\\Desktop\\Api_WasteLess\\node_modules\\tedious\\lib\\connection.js:1013:18)\n    at C:\\Users\\samue\\Desktop\\Api_WasteLess\\node_modules\\tedious\\lib\\connection.js:892:14\n    at processTicksAndRejections (node:internal/process/task_queues:85:11)\n    at runNextTicks (node:internal/process/task_queues:69:3)\n    at listOnTimeout (node:internal/timers:549:9)\n    at process.processTimers (node:internal/timers:523:7)","timestamp":"2026-05-12T13:13:00.904Z"}
{"level":"error","message":"Error al iniciar el servidor Failed to connect to DESKTOP-C6IVMLS\\SQLEXPRESS in 15000ms","stack":"ConnectionError: Failed to connect to DESKTOP-C6IVMLS\\SQLEXPRESS in 15000ms\n    at C:\\Users\\samue\\Desktop\\Api_WasteLess\\node_modules\\mssql\\lib\\tedious\\connection-pool.js:86:17\n    at Connection.onConnect (C:\\Users\\samue\\Desktop\\Api_WasteLess\\node_modules\\tedious\\lib\\connection.js:874:9)\n    at Object.onceWrapper (node:events:633:26)\n    at Connection.emit (node:events:518:28)\n    at Connection.emit (C:\\Users\\samue\\Desktop\\Api_WasteLess\\node_modules\\tedious\\lib\\connection.js:1013:18)\n    at C:\\Users\\samue\\Desktop\\Api_WasteLess\\node_modules\\tedious\\lib\\connection.js:892:14\n    at processTicksAndRejections (node:internal/process/task_queues:85:11)\n    at runNextTicks (node:internal/process/task_queues:69:3)\n    at listOnTimeout (node:internal/timers:549:9)\n    at process.processTimers (node:internal/timers:523:7)","timestamp":"2026-05-12T13:13:35.901Z"}
{"level":"error","message":"Error al iniciar el servidor Failed to connect to DESKTOP-C6IVMLS\\SQLEXPRESS in 15000ms","stack":"ConnectionError: Failed to connect to DESKTOP-C6IVMLS\\SQLEXPRESS in 15000ms\n    at C:\\Users\\samue\\Desktop\\Api_WasteLess\\node_modules\\mssql\\lib\\tedious\\connection-pool.js:86:17\n    at Connection.onConnect (C:\\Users\\samue\\Desktop\\Api_WasteLess\\node_modules\\tedious\\lib\\connection.js:874:9)\n    at Object.onceWrapper (node:events:633:26)\n    at Connection.emit (node:events:518:28)\n    at Connection.emit (C:\\Users\\samue\\Desktop\\Api_WasteLess\\node_modules\\tedious\\lib\\connection.js:1013:18)\n    at C:\\Users\\samue\\Desktop\\Api_WasteLess\\node_modules\\tedious\\lib\\connection.js:892:14\n    at processTicksAndRejections (node:internal/process/task_queues:85:11)\n    at runNextTicks (node:internal/process/task_queues:69:3)\n    at listOnTimeout (node:internal/timers:549:9)\n    at process.processTimers (node:internal/timers:523:7)","timestamp":"2026-05-12T13:15:30.336Z"}
{"level":"error","message":"Error al iniciar el servidor Failed to connect to DESKTOP-C6IVMLS\\SQLEXPRESS in 15000ms","stack":"ConnectionError: Failed to connect to DESKTOP-C6IVMLS\\SQLEXPRESS in 15000ms\n    at C:\\Users\\samue\\Desktop\\Api_WasteLess\\node_modules\\mssql\\lib\\tedious\\connection-pool.js:86:17\n    at Connection.onConnect (C:\\Users\\samue\\Desktop\\Api_WasteLess\\node_modules\\tedious\\lib\\connection.js:874:9)\n    at Object.onceWrapper (node:events:633:26)\n    at Connection.emit (node:events:518:28)\n    at Connection.emit (C:\\Users\\samue\\Desktop\\Api_WasteLess\\node_modules\\tedious\\lib\\connection.js:1013:18)\n    at C:\\Users\\samue\\Desktop\\Api_WasteLess\\node_modules\\tedious\\lib\\connection.js:892:14\n    at processTicksAndRejections (node:internal/process/task_queues:85:11)\n    at runNextTicks (node:internal/process/task_queues:69:3)\n    at listOnTimeout (node:internal/timers:549:9)\n    at process.processTimers (node:internal/timers:523:7)","timestamp":"2026-05-12T13:24:22.218Z"}
{"level":"error","message":"Error al iniciar el servidor Failed to connect to DESKTOP-C6IVMLS\\SQLEXPRESS in 15000ms","stack":"ConnectionError: Failed to connect to DESKTOP-C6IVMLS\\SQLEXPRESS in 15000ms\n    at C:\\Users\\samue\\Desktop\\Api_WasteLess\\node_modules\\mssql\\lib\\tedious\\connection-pool.js:86:17\n    at Connection.onConnect (C:\\Users\\samue\\Desktop\\Api_WasteLess\\node_modules\\tedious\\lib\\connection.js:874:9)\n    at Object.onceWrapper (node:events:633:26)\n    at Connection.emit (node:events:518:28)\n    at Connection.emit (C:\\Users\\samue\\Desktop\\Api_WasteLess\\node_modules\\tedious\\lib\\connection.js:1013:18)\n    at C:\\Users\\samue\\Desktop\\Api_WasteLess\\node_modules\\tedious\\lib\\connection.js:892:14\n    at processTicksAndRejections (node:internal/process/task_queues:85:11)\n    at runNextTicks (node:internal/process/task_queues:69:3)\n    at listOnTimeout (node:internal/timers:549:9)\n    at process.processTimers (node:internal/timers:523:7)","timestamp":"2026-05-12T13:26:24.626Z"}
{"level":"error","message":"Error al iniciar el servidor Failed to connect to DESKTOP-C6IVMLS\\SQLEXPRESS in 15000ms","stack":"ConnectionError: Failed to connect to DESKTOP-C6IVMLS\\SQLEXPRESS in 15000ms\n    at C:\\Users\\samue\\Desktop\\Api_WasteLess\\node_modules\\mssql\\lib\\tedious\\connection-pool.js:86:17\n    at Connection.onConnect (C:\\Users\\samue\\Desktop\\Api_WasteLess\\node_modules\\tedious\\lib\\connection.js:874:9)\n    at Object.onceWrapper (node:events:633:26)\n    at Connection.emit (node:events:518:28)\n    at Connection.emit (C:\\Users\\samue\\Desktop\\Api_WasteLess\\node_modules\\tedious\\lib\\connection.js:1013:18)\n    at C:\\Users\\samue\\Desktop\\Api_WasteLess\\node_modules\\tedious\\lib\\connection.js:892:14\n    at processTicksAndRejections (node:internal/process/task_queues:85:11)\n    at runNextTicks (node:internal/process/task_queues:69:3)\n    at listOnTimeout (node:internal/timers:549:9)\n    at process.processTimers (node:internal/timers:523:7)","timestamp":"2026-05-12T13:27:11.269Z"}
{"level":"error","message":"Error al iniciar el servidor Failed to connect to DESKTOP-C6IVMLS\\SQLEXPRESS in 15000ms","stack":"ConnectionError: Failed to connect to DESKTOP-C6IVMLS\\SQLEXPRESS in 15000ms\n    at C:\\Users\\samue\\Desktop\\Api_WasteLess\\node_modules\\mssql\\lib\\tedious\\connection-pool.js:86:17\n    at Connection.onConnect (C:\\Users\\samue\\Desktop\\Api_WasteLess\\node_modules\\tedious\\lib\\connection.js:874:9)\n    at Object.onceWrapper (node:events:633:26)\n    at Connection.emit (node:events:518:28)\n    at Connection.emit (C:\\Users\\samue\\Desktop\\Api_WasteLess\\node_modules\\tedious\\lib\\connection.js:1013:18)\n    at C:\\Users\\samue\\Desktop\\Api_WasteLess\\node_modules\\tedious\\lib\\connection.js:892:14\n    at processTicksAndRejections (node:internal/process/task_queues:85:11)\n    at runNextTicks (node:internal/process/task_queues:69:3)\n    at listOnTimeout (node:internal/timers:549:9)\n    at process.processTimers (node:internal/timers:523:7)","timestamp":"2026-05-12T13:28:32.365Z"}
{"level":"error","message":"Error al iniciar el servidor [Microsoft][Administrador de controladores ODBC] No se encuentra el nombre del origen de datos y no se especific? ning?n controlador predeterminado","stack":"ConnectionError: [Microsoft][Administrador de controladores ODBC] No se encuentra el nombre del origen de datos y no se especific? ning?n controlador predeterminado\n    at PrivateConnection.callback2 (C:\\Users\\samue\\Desktop\\Api_WasteLess\\node_modules\\mssql\\lib\\msnodesqlv8\\connection-pool.js:53:17)\n    at Immediate.<anonymous> (C:\\Users\\samue\\Desktop\\Api_WasteLess\\node_modules\\msnodesqlv8\\lib\\connection.js:47:14)\n    at process.processImmediate (node:internal/timers:485:21)","timestamp":"2026-05-12T13:31:30.633Z"}
{"level":"error","message":"Error al iniciar el servidor [Microsoft][Administrador de controladores ODBC] No se encuentra el nombre del origen de datos y no se especific? ning?n controlador predeterminado","stack":"ConnectionError: [Microsoft][Administrador de controladores ODBC] No se encuentra el nombre del origen de datos y no se especific? ning?n controlador predeterminado\n    at PrivateConnection.callback2 (C:\\Users\\samue\\Desktop\\Api_WasteLess\\node_modules\\mssql\\lib\\msnodesqlv8\\connection-pool.js:53:17)\n    at Immediate.<anonymous> (C:\\Users\\samue\\Desktop\\Api_WasteLess\\node_modules\\msnodesqlv8\\lib\\connection.js:47:14)\n    at process.processImmediate (node:internal/timers:485:21)","timestamp":"2026-05-12T13:31:32.543Z"}
{"level":"error","message":"Error al iniciar el servidor [Microsoft][Administrador de controladores ODBC] No se encuentra el nombre del origen de datos y no se especific? ning?n controlador predeterminado","stack":"ConnectionError: [Microsoft][Administrador de controladores ODBC] No se encuentra el nombre del origen de datos y no se especific? ning?n controlador predeterminado\n    at PrivateConnection.callback2 (C:\\Users\\samue\\Desktop\\Api_WasteLess\\node_modules\\mssql\\lib\\msnodesqlv8\\connection-pool.js:53:17)\n    at Immediate.<anonymous> (C:\\Users\\samue\\Desktop\\Api_WasteLess\\node_modules\\msnodesqlv8\\lib\\connection.js:47:14)\n    at process.processImmediate (node:internal/timers:485:21)","timestamp":"2026-05-12T13:31:35.717Z"}
{"level":"error","message":"Error al iniciar el servidor [Microsoft][Administrador de controladores ODBC] No se encuentra el nombre del origen de datos y no se especific? ning?n controlador predeterminado","stack":"ConnectionError: [Microsoft][Administrador de controladores ODBC] No se encuentra el nombre del origen de datos y no se especific? ning?n controlador predeterminado\n    at PrivateConnection.callback2 (C:\\Users\\samue\\Desktop\\Api_WasteLess\\node_modules\\mssql\\lib\\msnodesqlv8\\connection-pool.js:53:17)\n    at Immediate.<anonymous> (C:\\Users\\samue\\Desktop\\Api_WasteLess\\node_modules\\msnodesqlv8\\lib\\connection.js:47:14)\n    at process.processImmediate (node:internal/timers:485:21)","timestamp":"2026-05-12T13:31:55.084Z"}
{"level":"error","message":"Error al iniciar el servidor [Microsoft][Administrador de controladores ODBC] No se encuentra el nombre del origen de datos y no se especific? ning?n controlador predeterminado","stack":"ConnectionError: [Microsoft][Administrador de controladores ODBC] No se encuentra el nombre del origen de datos y no se especific? ning?n controlador predeterminado\n    at PrivateConnection.callback2 (C:\\Users\\samue\\Desktop\\Api_WasteLess\\node_modules\\mssql\\lib\\msnodesqlv8\\connection-pool.js:53:17)\n    at Immediate.<anonymous> (C:\\Users\\samue\\Desktop\\Api_WasteLess\\node_modules\\msnodesqlv8\\lib\\connection.js:47:14)\n    at process.processImmediate (node:internal/timers:485:21)","timestamp":"2026-05-12T13:37:48.073Z"}
{"level":"error","message":"Error al iniciar el servidor [Microsoft][Administrador de controladores ODBC] No se encuentra el nombre del origen de datos y no se especific? ning?n controlador predeterminado","stack":"ConnectionError: [Microsoft][Administrador de controladores ODBC] No se encuentra el nombre del origen de datos y no se especific? ning?n controlador predeterminado\n    at PrivateConnection.callback2 (C:\\Users\\samue\\Desktop\\Api_WasteLess\\node_modules\\mssql\\lib\\msnodesqlv8\\connection-pool.js:53:17)\n    at Immediate.<anonymous> (C:\\Users\\samue\\Desktop\\Api_WasteLess\\node_modules\\msnodesqlv8\\lib\\connection.js:47:14)\n    at process.processImmediate (node:internal/timers:485:21)","timestamp":"2026-05-12T13:39:25.917Z"}
{"level":"error","message":"Error al iniciar el servidor [Microsoft][Administrador de controladores ODBC] No se encuentra el nombre del origen de datos y no se especific? ning?n controlador predeterminado","stack":"ConnectionError: [Microsoft][Administrador de controladores ODBC] No se encuentra el nombre del origen de datos y no se especific? ning?n controlador predeterminado\n    at PrivateConnection.callback2 (C:\\Users\\samue\\Desktop\\Api_WasteLess\\node_modules\\mssql\\lib\\msnodesqlv8\\connection-pool.js:53:17)\n    at Immediate.<anonymous> (C:\\Users\\samue\\Desktop\\Api_WasteLess\\node_modules\\msnodesqlv8\\lib\\connection.js:47:14)\n    at process.processImmediate (node:internal/timers:485:21)","timestamp":"2026-05-12T13:46:42.326Z"}
{"level":"error","message":"Error al iniciar el servidor [Microsoft][Administrador de controladores ODBC] No se encuentra el nombre del origen de datos y no se especific? ning?n controlador predeterminado","stack":"ConnectionError: [Microsoft][Administrador de controladores ODBC] No se encuentra el nombre del origen de datos y no se especific? ning?n controlador predeterminado\n    at PrivateConnection.callback2 (C:\\Users\\samue\\Desktop\\Api_WasteLess\\node_modules\\mssql\\lib\\msnodesqlv8\\connection-pool.js:53:17)\n    at Immediate.<anonymous> (C:\\Users\\samue\\Desktop\\Api_WasteLess\\node_modules\\msnodesqlv8\\lib\\connection.js:47:14)\n    at process.processImmediate (node:internal/timers:485:21)","timestamp":"2026-05-12T13:46:52.849Z"}
{"level":"error","message":"Error al iniciar el servidor [Microsoft][Administrador de controladores ODBC] No se encuentra el nombre del origen de datos y no se especific? ning?n controlador predeterminado","stack":"ConnectionError: [Microsoft][Administrador de controladores ODBC] No se encuentra el nombre del origen de datos y no se especific? ning?n controlador predeterminado\n    at PrivateConnection.callback2 (C:\\Users\\samue\\Desktop\\Api_WasteLess\\node_modules\\mssql\\lib\\msnodesqlv8\\connection-pool.js:53:17)\n    at Immediate.<anonymous> (C:\\Users\\samue\\Desktop\\Api_WasteLess\\node_modules\\msnodesqlv8\\lib\\connection.js:47:14)\n    at process.processImmediate (node:internal/timers:485:21)","timestamp":"2026-05-12T13:47:30.207Z"}
{"level":"error","message":"Error al iniciar el servidor [Microsoft][ODBC Driver 17 for SQL Server]Invalid connection string attribute","stack":"ConnectionError: [Microsoft][ODBC Driver 17 for SQL Server]Invalid connection string attribute\n    at PrivateConnection.callback2 (C:\\Users\\samue\\Desktop\\Api_WasteLess\\node_modules\\mssql\\lib\\msnodesqlv8\\connection-pool.js:53:17)\n    at Immediate.<anonymous> (C:\\Users\\samue\\Desktop\\Api_WasteLess\\node_modules\\msnodesqlv8\\lib\\connection.js:47:14)\n    at process.processImmediate (node:internal/timers:485:21)","timestamp":"2026-05-12T14:56:27.290Z"}
{"level":"error","message":"Error al iniciar el servidor [Microsoft][ODBC Driver 17 for SQL Server]Invalid connection string attribute","stack":"ConnectionError: [Microsoft][ODBC Driver 17 for SQL Server]Invalid connection string attribute\n    at PrivateConnection.callback2 (C:\\Users\\samue\\Desktop\\Api_WasteLess\\node_modules\\mssql\\lib\\msnodesqlv8\\connection-pool.js:53:17)\n    at Immediate.<anonymous> (C:\\Users\\samue\\Desktop\\Api_WasteLess\\node_modules\\msnodesqlv8\\lib\\connection.js:47:14)\n    at process.processImmediate (node:internal/timers:485:21)","timestamp":"2026-05-12T14:57:20.893Z"}
{"level":"error","message":"Error al iniciar el servidor [Microsoft][ODBC Driver 17 for SQL Server]Invalid connection string attribute","stack":"ConnectionError: [Microsoft][ODBC Driver 17 for SQL Server]Invalid connection string attribute\n    at PrivateConnection.callback2 (C:\\Users\\samue\\Desktop\\Api_WasteLess\\node_modules\\mssql\\lib\\msnodesqlv8\\connection-pool.js:53:17)\n    at Immediate.<anonymous> (C:\\Users\\samue\\Desktop\\Api_WasteLess\\node_modules\\msnodesqlv8\\lib\\connection.js:47:14)\n    at process.processImmediate (node:internal/timers:485:21)","timestamp":"2026-05-12T14:58:06.121Z"}
{"level":"error","message":"Error al iniciar el servidor [Microsoft][ODBC Driver 17 for SQL Server][SQL Server]Cannot open database \"undefined\" requested by the login. The login failed.","stack":"ConnectionError: [Microsoft][ODBC Driver 17 for SQL Server][SQL Server]Cannot open database \"undefined\" requested by the login. The login failed.\n    at PrivateConnection.callback2 (C:\\Users\\samue\\Desktop\\Api_WasteLess\\node_modules\\mssql\\lib\\msnodesqlv8\\connection-pool.js:53:17)\n    at Immediate.<anonymous> (C:\\Users\\samue\\Desktop\\Api_WasteLess\\node_modules\\msnodesqlv8\\lib\\connection.js:47:14)\n    at process.processImmediate (node:internal/timers:485:21)","timestamp":"2026-05-12T14:58:52.481Z"}
{"level":"error","message":"Error al iniciar el servidor [Microsoft][ODBC Driver 17 for SQL Server][SQL Server]Cannot open database \"undefined\" requested by the login. The login failed.","stack":"ConnectionError: [Microsoft][ODBC Driver 17 for SQL Server][SQL Server]Cannot open database \"undefined\" requested by the login. The login failed.\n    at PrivateConnection.callback2 (C:\\Users\\samue\\Desktop\\Api_WasteLess\\node_modules\\mssql\\lib\\msnodesqlv8\\connection-pool.js:53:17)\n    at Immediate.<anonymous> (C:\\Users\\samue\\Desktop\\Api_WasteLess\\node_modules\\msnodesqlv8\\lib\\connection.js:47:14)\n    at process.processImmediate (node:internal/timers:485:21)","timestamp":"2026-05-12T14:59:15.830Z"}
{"level":"info","message":"Conexión a SQL Server establecida","timestamp":"2026-05-12T15:00:13.358Z"}
{"level":"info","message":"Tablas Roles, Permisos y RolPermiso verificadas","timestamp":"2026-05-12T15:00:13.591Z"}
{"level":"info","message":"Permisos base verificados","timestamp":"2026-05-12T15:00:13.615Z"}
{"level":"info","message":"Tabla Usuarios verificada","timestamp":"2026-05-12T15:00:13.694Z"}
{"level":"info","message":"Tablas Sesiones y RecuperacionPassword verificadas","timestamp":"2026-05-12T15:00:13.724Z"}
{"level":"info","message":"Servidor corriendo en http://localhost:3000","timestamp":"2026-05-12T15:00:13.736Z"}
{"level":"info","message":"Conexión a SQL Server establecida","timestamp":"2026-05-13T00:26:46.224Z"}
{"level":"info","message":"Tablas Roles, Permisos y RolPermiso verificadas","timestamp":"2026-05-13T00:26:46.322Z"}
{"level":"info","message":"Permisos base verificados","timestamp":"2026-05-13T00:26:46.333Z"}
{"level":"info","message":"Tabla Usuarios verificada","timestamp":"2026-05-13T00:26:46.367Z"}
{"level":"info","message":"Tablas Sesiones y RecuperacionPassword verificadas","timestamp":"2026-05-13T00:26:46.384Z"}
{"level":"info","message":"Servidor corriendo en http://localhost:3000","timestamp":"2026-05-13T00:26:46.395Z"}
{"level":"info","message":"Conexión a SQL Server establecida","timestamp":"2026-05-13T01:50:18.550Z"}
{"level":"info","message":"Tablas Roles, Permisos y RolPermiso verificadas","timestamp":"2026-05-13T01:50:18.686Z"}
{"level":"info","message":"Permisos base verificados","timestamp":"2026-05-13T01:50:18.702Z"}
{"level":"info","message":"Tabla Usuarios verificada","timestamp":"2026-05-13T01:50:18.735Z"}
{"level":"info","message":"Tablas Sesiones y RecuperacionPassword verificadas","timestamp":"2026-05-13T01:50:18.752Z"}
{"level":"info","message":"Servidor corriendo en http://localhost:3000","timestamp":"2026-05-13T01:50:18.760Z"}
{"level":"info","message":"Conexión a SQL Server establecida","timestamp":"2026-05-13T12:18:55.956Z"}
{"level":"info","message":"Tablas Roles, Permisos y RolPermiso verificadas","timestamp":"2026-05-13T12:18:56.102Z"}
{"level":"info","message":"Permisos base verificados","timestamp":"2026-05-13T12:18:56.115Z"}
{"level":"info","message":"Tabla Usuarios verificada","timestamp":"2026-05-13T12:18:56.185Z"}
{"level":"info","message":"Tablas Sesiones y RecuperacionPassword verificadas","timestamp":"2026-05-13T12:18:56.219Z"}
{"level":"info","message":"Servidor corriendo en http://localhost:3000","timestamp":"2026-05-13T12:18:56.235Z"}
{"level":"info","message":"Conexión a SQL Server establecida","timestamp":"2026-05-13T12:19:29.272Z"}
{"level":"info","message":"Tablas Roles, Permisos y RolPermiso verificadas","timestamp":"2026-05-13T12:19:29.349Z"}
{"level":"info","message":"Permisos base verificados","timestamp":"2026-05-13T12:19:29.356Z"}
{"level":"info","message":"Tabla Usuarios verificada","timestamp":"2026-05-13T12:19:29.388Z"}
{"level":"info","message":"Tablas Sesiones y RecuperacionPassword verificadas","timestamp":"2026-05-13T12:19:29.402Z"}
{"level":"info","message":"Servidor corriendo en http://localhost:3000","timestamp":"2026-05-13T12:19:29.409Z"}
{"level":"error","message":"Token inválido o expirado","method":"POST","path":"/api/auth/refresh-token","stack":"Error: Token inválido o expirado\n    at RefreshToken.execute (C:\\Users\\samue\\Desktop\\Api_WasteLess\\src\\modules\\usuarios\\gestion-acceso\\application\\use-cases\\RefreshToken.js:11:48)\n    at runNextTicks (node:internal/process/task_queues:65:5)\n    at process.processImmediate (node:internal/timers:453:9)\n    at async AuthController.refreshToken (C:\\Users\\samue\\Desktop\\Api_WasteLess\\src\\modules\\usuarios\\gestion-acceso\\interfaces\\controllers\\AuthController.js:60:22)","timestamp":"2026-05-13T12:28:16.326Z"}
{"level":"error","message":"Token inválido o expirado","method":"POST","path":"/api/auth/refresh-token","stack":"Error: Token inválido o expirado\n    at RefreshToken.execute (C:\\Users\\samue\\Desktop\\Api_WasteLess\\src\\modules\\usuarios\\gestion-acceso\\application\\use-cases\\RefreshToken.js:11:48)\n    at runNextTicks (node:internal/process/task_queues:65:5)\n    at process.processImmediate (node:internal/timers:453:9)\n    at async AuthController.refreshToken (C:\\Users\\samue\\Desktop\\Api_WasteLess\\src\\modules\\usuarios\\gestion-acceso\\interfaces\\controllers\\AuthController.js:60:22)","timestamp":"2026-05-13T12:29:03.318Z"}
{"level":"error","message":"Token inválido o expirado","method":"POST","path":"/api/auth/refresh-token","stack":"Error: Token inválido o expirado\n    at RefreshToken.execute (C:\\Users\\samue\\Desktop\\Api_WasteLess\\src\\modules\\usuarios\\gestion-acceso\\application\\use-cases\\RefreshToken.js:11:48)\n    at runNextTicks (node:internal/process/task_queues:65:5)\n    at process.processImmediate (node:internal/timers:453:9)\n    at async AuthController.refreshToken (C:\\Users\\samue\\Desktop\\Api_WasteLess\\src\\modules\\usuarios\\gestion-acceso\\interfaces\\controllers\\AuthController.js:60:22)","timestamp":"2026-05-13T12:30:40.591Z"}
{"level":"error","message":"Token inválido o expirado","method":"POST","path":"/api/auth/refresh-token","stack":"Error: Token inválido o expirado\n    at RefreshToken.execute (C:\\Users\\samue\\Desktop\\Api_WasteLess\\src\\modules\\usuarios\\gestion-acceso\\application\\use-cases\\RefreshToken.js:11:48)\n    at runNextTicks (node:internal/process/task_queues:65:5)\n    at process.processImmediate (node:internal/timers:453:9)\n    at async AuthController.refreshToken (C:\\Users\\samue\\Desktop\\Api_WasteLess\\src\\modules\\usuarios\\gestion-acceso\\interfaces\\controllers\\AuthController.js:60:22)","timestamp":"2026-05-13T12:31:23.422Z"}
{"level":"info","message":"Conexión a SQL Server establecida","timestamp":"2026-05-13T12:33:27.926Z"}
{"level":"info","message":"Tablas Roles, Permisos y RolPermiso verificadas","timestamp":"2026-05-13T12:33:28.039Z"}
{"level":"info","message":"Permisos base verificados","timestamp":"2026-05-13T12:33:28.047Z"}
{"level":"info","message":"Tabla Usuarios verificada","timestamp":"2026-05-13T12:33:28.086Z"}
{"level":"info","message":"Tablas Sesiones y RecuperacionPassword verificadas","timestamp":"2026-05-13T12:33:28.102Z"}
{"level":"info","message":"Servidor corriendo en http://localhost:3000","timestamp":"2026-05-13T12:33:28.108Z"}
{"level":"info","message":"Conexión a SQL Server establecida","timestamp":"2026-05-13T12:33:34.176Z"}
{"level":"info","message":"Tablas Roles, Permisos y RolPermiso verificadas","timestamp":"2026-05-13T12:33:34.335Z"}
{"level":"info","message":"Permisos base verificados","timestamp":"2026-05-13T12:33:34.348Z"}
{"level":"info","message":"Tabla Usuarios verificada","timestamp":"2026-05-13T12:33:34.486Z"}
{"level":"info","message":"Conexión a SQL Server establecida","timestamp":"2026-05-13T12:33:38.649Z"}
{"level":"info","message":"Tablas Roles, Permisos y RolPermiso verificadas","timestamp":"2026-05-13T12:33:38.736Z"}
{"level":"info","message":"Permisos base verificados","timestamp":"2026-05-13T12:33:38.747Z"}
{"level":"info","message":"Tabla Usuarios verificada","timestamp":"2026-05-13T12:33:38.810Z"}
{"level":"info","message":"Conexión a SQL Server establecida","timestamp":"2026-05-13T12:33:40.983Z"}
{"level":"info","message":"Tablas Roles, Permisos y RolPermiso verificadas","timestamp":"2026-05-13T12:33:41.076Z"}
{"level":"info","message":"Permisos base verificados","timestamp":"2026-05-13T12:33:41.090Z"}
{"level":"info","message":"Tabla Usuarios verificada","timestamp":"2026-05-13T12:33:41.149Z"}
{"level":"info","message":"Tablas Sesiones y RecuperacionPassword verificadas","timestamp":"2026-05-13T12:33:41.173Z"}
{"level":"info","message":"Servidor corriendo en http://localhost:3000","timestamp":"2026-05-13T12:33:41.186Z"}
{"level":"info","message":"Conexión a SQL Server establecida","timestamp":"2026-05-13T12:33:44.763Z"}
{"level":"info","message":"Tablas Roles, Permisos y RolPermiso verificadas","timestamp":"2026-05-13T12:33:44.887Z"}
{"level":"info","message":"Permisos base verificados","timestamp":"2026-05-13T12:33:44.897Z"}
{"level":"info","message":"Tabla Usuarios verificada","timestamp":"2026-05-13T12:33:44.953Z"}
{"level":"info","message":"Tablas Sesiones y RecuperacionPassword verificadas","timestamp":"2026-05-13T12:33:44.978Z"}
{"level":"info","message":"Servidor corriendo en http://localhost:3000","timestamp":"2026-05-13T12:33:44.986Z"}
{"level":"info","message":"Conexión a SQL Server establecida","timestamp":"2026-05-13T12:33:48.550Z"}
{"level":"info","message":"Tablas Roles, Permisos y RolPermiso verificadas","timestamp":"2026-05-13T12:33:48.661Z"}
{"level":"info","message":"Permisos base verificados","timestamp":"2026-05-13T12:33:48.672Z"}
{"level":"info","message":"Tabla Usuarios verificada","timestamp":"2026-05-13T12:33:48.745Z"}
{"level":"info","message":"Tablas Sesiones y RecuperacionPassword verificadas","timestamp":"2026-05-13T12:33:48.789Z"}
{"level":"info","message":"Servidor corriendo en http://localhost:3000","timestamp":"2026-05-13T12:33:48.796Z"}
{"level":"info","message":"Conexión a SQL Server establecida","timestamp":"2026-05-13T12:33:50.601Z"}
{"level":"info","message":"Tablas Roles, Permisos y RolPermiso verificadas","timestamp":"2026-05-13T12:33:50.701Z"}
{"level":"info","message":"Permisos base verificados","timestamp":"2026-05-13T12:33:50.712Z"}
{"level":"info","message":"Tabla Usuarios verificada","timestamp":"2026-05-13T12:33:50.770Z"}
{"level":"info","message":"Tablas Sesiones y RecuperacionPassword verificadas","timestamp":"2026-05-13T12:33:50.796Z"}
{"level":"info","message":"Servidor corriendo en http://localhost:3000","timestamp":"2026-05-13T12:33:50.845Z"}
{"level":"info","message":"Conexión a SQL Server establecida","timestamp":"2026-05-13T12:33:53.212Z"}
{"level":"info","message":"Tablas Roles, Permisos y RolPermiso verificadas","timestamp":"2026-05-13T12:33:53.344Z"}
{"level":"info","message":"Permisos base verificados","timestamp":"2026-05-13T12:33:53.356Z"}
{"level":"info","message":"Tabla Usuarios verificada","timestamp":"2026-05-13T12:33:53.423Z"}
{"level":"info","message":"Tablas Sesiones y RecuperacionPassword verificadas","timestamp":"2026-05-13T12:33:53.447Z"}
{"level":"info","message":"Servidor corriendo en http://localhost:3000","timestamp":"2026-05-13T12:33:53.459Z"}
{"level":"info","message":"Conexión a SQL Server establecida","timestamp":"2026-05-13T12:35:21.108Z"}
{"level":"info","message":"Tablas Roles, Permisos y RolPermiso verificadas","timestamp":"2026-05-13T12:35:21.206Z"}
{"level":"info","message":"Permisos base verificados","timestamp":"2026-05-13T12:35:21.215Z"}
{"level":"info","message":"Tabla Usuarios verificada","timestamp":"2026-05-13T12:35:21.247Z"}
{"level":"info","message":"Tablas Sesiones y RecuperacionPassword verificadas","timestamp":"2026-05-13T12:35:21.263Z"}
{"level":"info","message":"Servidor corriendo en http://localhost:3000","timestamp":"2026-05-13T12:35:21.267Z"}
{"level":"info","message":"Conexión a SQL Server establecida","timestamp":"2026-05-13T12:35:31.480Z"}
{"level":"info","message":"Tablas Roles, Permisos y RolPermiso verificadas","timestamp":"2026-05-13T12:35:31.584Z"}
{"level":"info","message":"Permisos base verificados","timestamp":"2026-05-13T12:35:31.595Z"}
{"level":"info","message":"Tabla Usuarios verificada","timestamp":"2026-05-13T12:35:31.654Z"}
{"level":"info","message":"Tablas Sesiones y RecuperacionPassword verificadas","timestamp":"2026-05-13T12:35:31.682Z"}
{"level":"info","message":"Servidor corriendo en http://localhost:3000","timestamp":"2026-05-13T12:35:31.688Z"}
{"level":"error","message":"Token inválido o expirado","method":"POST","path":"/api/auth/refresh-token","stack":"Error: Token inválido o expirado\n    at RefreshToken.execute (C:\\Users\\samue\\Desktop\\Api_WasteLess\\src\\modules\\usuarios\\gestion-acceso\\application\\use-cases\\RefreshToken.js:11:48)\n    at runNextTicks (node:internal/process/task_queues:65:5)\n    at process.processImmediate (node:internal/timers:453:9)\n    at async AuthController.refreshToken (C:\\Users\\samue\\Desktop\\Api_WasteLess\\src\\modules\\usuarios\\gestion-acceso\\interfaces\\controllers\\AuthController.js:60:22)","timestamp":"2026-05-13T12:35:43.706Z"}
{"level":"info","message":"Conexión a SQL Server establecida","timestamp":"2026-05-13T12:36:13.008Z"}
{"level":"info","message":"Tablas Roles, Permisos y RolPermiso verificadas","timestamp":"2026-05-13T12:36:13.079Z"}
{"level":"info","message":"Permisos base verificados","timestamp":"2026-05-13T12:36:13.085Z"}
{"level":"info","message":"Tabla Usuarios verificada","timestamp":"2026-05-13T12:36:13.122Z"}
{"level":"info","message":"Tablas Sesiones y RecuperacionPassword verificadas","timestamp":"2026-05-13T12:36:13.137Z"}
{"level":"info","message":"Servidor corriendo en http://localhost:3000","timestamp":"2026-05-13T12:36:13.143Z"}
{"level":"info","message":{"action":"LOGIN","email":"admin@wasteless.com","idUsuario":"1","ip":"::1"},"timestamp":"2026-05-13T12:41:20.424Z"}
{"level":"info","message":{"action":"LOGIN","email":"admin@wasteless.com","idUsuario":"1","ip":"::1"},"timestamp":"2026-05-13T12:53:46.969Z"}
{"level":"info","message":{"action":"LOGIN","email":"admin@wasteless.com","idUsuario":"1","ip":"::1"},"timestamp":"2026-05-13T12:55:53.281Z"}
{"level":"error","message":"Token inválido o expirado","method":"POST","path":"/api/auth/refresh-token","stack":"Error: Token inválido o expirado\n    at RefreshToken.execute (C:\\Users\\samue\\Desktop\\Api_WasteLess\\src\\modules\\usuarios\\gestion-acceso\\application\\use-cases\\RefreshToken.js:11:48)\n    at runNextTicks (node:internal/process/task_queues:65:5)\n    at process.processImmediate (node:internal/timers:453:9)\n    at async AuthController.refreshToken (C:\\Users\\samue\\Desktop\\Api_WasteLess\\src\\modules\\usuarios\\gestion-acceso\\interfaces\\controllers\\AuthController.js:60:22)","timestamp":"2026-05-13T12:56:50.968Z"}
{"level":"info","message":{"action":"LOGIN","email":"admin@wasteless.com","idUsuario":"1","ip":"::1"},"timestamp":"2026-05-14T01:16:29.700Z"}
{"level":"error","message":"[Microsoft][ODBC Driver 17 for SQL Server][SQL Server]Conversion failed when converting from a character string to uniqueidentifier.","method":"POST","path":"/api/auth/logout","stack":"RequestError: [Microsoft][ODBC Driver 17 for SQL Server][SQL Server]Conversion failed when converting from a character string to uniqueidentifier.\n    at handleError (C:\\Users\\samue\\Desktop\\Api_WasteLess\\node_modules\\mssql\\lib\\msnodesqlv8\\request.js:291:21)\n    at StreamEvents.emit (node:events:518:28)\n    at C:\\Users\\samue\\Desktop\\Api_WasteLess\\node_modules\\msnodesqlv8\\lib\\reader.js:94:20\n    at Array.forEach (<anonymous>)\n    at Query.routeStatementError (C:\\Users\\samue\\Desktop\\Api_WasteLess\\node_modules\\msnodesqlv8\\lib\\reader.js:84:19)\n    at C:\\Users\\samue\\Desktop\\Api_WasteLess\\node_modules\\msnodesqlv8\\lib\\reader.js:436:12","timestamp":"2026-05-14T01:17:42.271Z"}
{"level":"info","message":"Conexión a SQL Server establecida","timestamp":"2026-05-14T01:19:57.430Z"}
{"level":"info","message":"Tablas Roles, Permisos y RolPermiso verificadas","timestamp":"2026-05-14T01:19:57.588Z"}
{"level":"info","message":"Permisos base verificados","timestamp":"2026-05-14T01:19:57.604Z"}
{"level":"info","message":"Tabla Usuarios verificada","timestamp":"2026-05-14T01:19:57.667Z"}
{"level":"info","message":"Tablas Sesiones y RecuperacionPassword verificadas","timestamp":"2026-05-14T01:19:57.708Z"}
{"level":"info","message":"Servidor corriendo en http://localhost:3000","timestamp":"2026-05-14T01:19:57.720Z"}
{"level":"info","message":"Conexión a SQL Server establecida","timestamp":"2026-05-14T01:21:49.602Z"}
{"level":"info","message":"Tablas Roles, Permisos y RolPermiso verificadas","timestamp":"2026-05-14T01:21:49.828Z"}
{"level":"info","message":"Permisos base verificados","timestamp":"2026-05-14T01:21:49.837Z"}
{"level":"info","message":"Tabla Usuarios verificada","timestamp":"2026-05-14T01:21:49.893Z"}
{"level":"info","message":"Tablas Sesiones y RecuperacionPassword verificadas","timestamp":"2026-05-14T01:21:49.960Z"}
{"level":"info","message":"Servidor corriendo en http://localhost:3000","timestamp":"2026-05-14T01:21:49.970Z"}
{"level":"info","message":"Conexión a SQL Server establecida","timestamp":"2026-05-14T01:28:03.153Z"}
{"level":"info","message":"Tablas Roles, Permisos y RolPermiso verificadas","timestamp":"2026-05-14T01:28:03.338Z"}
{"level":"info","message":"Permisos base verificados","timestamp":"2026-05-14T01:28:03.357Z"}
{"level":"info","message":"Tabla Usuarios verificada","timestamp":"2026-05-14T01:28:03.444Z"}
{"level":"info","message":"Tablas Sesiones y RecuperacionPassword verificadas","timestamp":"2026-05-14T01:28:03.489Z"}
{"level":"info","message":"Servidor corriendo en http://localhost:3000","timestamp":"2026-05-14T01:28:03.497Z"}
{"level":"info","message":"Conexión a SQL Server establecida","timestamp":"2026-05-14T01:28:10.508Z"}
{"level":"info","message":"Tablas Roles, Permisos y RolPermiso verificadas","timestamp":"2026-05-14T01:28:10.707Z"}
{"level":"info","message":"Permisos base verificados","timestamp":"2026-05-14T01:28:10.737Z"}
{"level":"info","message":"Tabla Usuarios verificada","timestamp":"2026-05-14T01:28:10.801Z"}
{"level":"info","message":"Tablas Sesiones y RecuperacionPassword verificadas","timestamp":"2026-05-14T01:28:10.822Z"}
{"level":"info","message":"Servidor corriendo en http://localhost:3000","timestamp":"2026-05-14T01:28:10.829Z"}
{"level":"info","message":"Conexión a SQL Server establecida","timestamp":"2026-05-14T01:28:16.058Z"}
{"level":"info","message":"Tablas Roles, Permisos y RolPermiso verificadas","timestamp":"2026-05-14T01:28:16.237Z"}
{"level":"info","message":"Permisos base verificados","timestamp":"2026-05-14T01:28:16.252Z"}
{"level":"info","message":"Tabla Usuarios verificada","timestamp":"2026-05-14T01:28:16.346Z"}
{"level":"info","message":"Tablas Sesiones y RecuperacionPassword verificadas","timestamp":"2026-05-14T01:28:16.427Z"}
{"level":"info","message":"Servidor corriendo en http://localhost:3000","timestamp":"2026-05-14T01:28:16.435Z"}
{"level":"error","message":"[Microsoft][ODBC Driver 17 for SQL Server][SQL Server]Conversion failed when converting from a character string to uniqueidentifier.","method":"POST","path":"/api/auth/logout","stack":"RequestError: [Microsoft][ODBC Driver 17 for SQL Server][SQL Server]Conversion failed when converting from a character string to uniqueidentifier.\n    at handleError (C:\\Users\\samue\\Desktop\\Api_WasteLess\\node_modules\\mssql\\lib\\msnodesqlv8\\request.js:291:21)\n    at StreamEvents.emit (node:events:518:28)\n    at C:\\Users\\samue\\Desktop\\Api_WasteLess\\node_modules\\msnodesqlv8\\lib\\reader.js:94:20\n    at Array.forEach (<anonymous>)\n    at Query.routeStatementError (C:\\Users\\samue\\Desktop\\Api_WasteLess\\node_modules\\msnodesqlv8\\lib\\reader.js:84:19)\n    at C:\\Users\\samue\\Desktop\\Api_WasteLess\\node_modules\\msnodesqlv8\\lib\\reader.js:436:12","timestamp":"2026-05-14T01:29:38.497Z"}
{"level":"info","message":"Conexión a SQL Server establecida","timestamp":"2026-05-14T01:29:55.218Z"}
{"level":"info","message":"Tablas Roles, Permisos y RolPermiso verificadas","timestamp":"2026-05-14T01:29:55.326Z"}
{"level":"info","message":"Permisos base verificados","timestamp":"2026-05-14T01:29:55.338Z"}
{"level":"info","message":"Tabla Usuarios verificada","timestamp":"2026-05-14T01:29:55.383Z"}
{"level":"info","message":"Tablas Sesiones y RecuperacionPassword verificadas","timestamp":"2026-05-14T01:29:55.404Z"}
{"level":"info","message":"Servidor corriendo en http://localhost:3000","timestamp":"2026-05-14T01:29:55.410Z"}
{"level":"info","message":{"action":"LOGIN","email":"admin@wasteless.com","idUsuario":"1","ip":"::1"},"timestamp":"2026-05-14T01:31:06.284Z"}
{"level":"info","message":{"action":"LOGIN","email":"admin@wasteless.com","idUsuario":"1","ip":"::1"},"timestamp":"2026-05-14T01:32:45.826Z"}
{"level":"info","message":{"action":"LOGOUT","idUsuario":"1"},"timestamp":"2026-05-14T01:34:57.033Z"}
{"level":"info","message":{"action":"LOGIN","email":"admin@wasteless.com","idUsuario":"1","ip":"::1"},"timestamp":"2026-05-14T01:35:25.448Z"}
{"level":"error","message":"Uno o más permisos enviados no son válidos","method":"POST","path":"/api/roles","stack":"Error: Uno o más permisos enviados no son válidos\n    at CreateRole.execute (C:\\Users\\samue\\Desktop\\Api_WasteLess\\src\\modules\\configuracion\\roles\\application\\use-cases\\CreateRole.js:15:25)\n    at runNextTicks (node:internal/process/task_queues:65:5)\n    at process.processImmediate (node:internal/timers:453:9)\n    at async create (C:\\Users\\samue\\Desktop\\Api_WasteLess\\src\\modules\\configuracion\\roles\\interfaces\\controllers\\RoleController.js:23:20)","timestamp":"2026-05-14T01:37:05.102Z"}
{"level":"error","message":"Unexpected token ']', ...\" 2, 3, 4, ]\r\n}\" is not valid JSON","method":"POST","path":"/api/roles","stack":"SyntaxError: Unexpected token ']', ...\" 2, 3, 4, ]\r\n}\" is not valid JSON\n    at JSON.parse (<anonymous>)\n    at parse (C:\\Users\\samue\\Desktop\\Api_WasteLess\\node_modules\\body-parser\\lib\\types\\json.js:72:19)\n    at C:\\Users\\samue\\Desktop\\Api_WasteLess\\node_modules\\body-parser\\lib\\read.js:162:18\n    at AsyncResource.runInAsyncScope (node:async_hooks:214:14)\n    at invokeCallback (C:\\Users\\samue\\Desktop\\Api_WasteLess\\node_modules\\raw-body\\index.js:238:16)\n    at done (C:\\Users\\samue\\Desktop\\Api_WasteLess\\node_modules\\raw-body\\index.js:227:7)\n    at IncomingMessage.onEnd (C:\\Users\\samue\\Desktop\\Api_WasteLess\\node_modules\\raw-body\\index.js:287:7)\n    at IncomingMessage.emit (node:events:518:28)\n    at endReadableNT (node:internal/streams/readable:1698:12)\n    at process.processTicksAndRejections (node:internal/process/task_queues:90:21)","timestamp":"2026-05-14T01:37:13.890Z"}
{"level":"error","message":"Uno o más permisos enviados no son válidos","method":"POST","path":"/api/roles","stack":"Error: Uno o más permisos enviados no son válidos\n    at CreateRole.execute (C:\\Users\\samue\\Desktop\\Api_WasteLess\\src\\modules\\configuracion\\roles\\application\\use-cases\\CreateRole.js:15:25)\n    at runNextTicks (node:internal/process/task_queues:65:5)\n    at process.processImmediate (node:internal/timers:453:9)\n    at async create (C:\\Users\\samue\\Desktop\\Api_WasteLess\\src\\modules\\configuracion\\roles\\interfaces\\controllers\\RoleController.js:23:20)","timestamp":"2026-05-14T01:37:20.740Z"}
{"level":"info","message":"Conexión a SQL Server establecida","timestamp":"2026-05-14T01:46:08.154Z"}
{"level":"info","message":"Tablas Roles, Permisos y RolPermiso verificadas","timestamp":"2026-05-14T01:46:08.399Z"}
{"level":"info","message":"Permisos base verificados","timestamp":"2026-05-14T01:46:08.422Z"}
{"level":"info","message":"Tabla Usuarios verificada","timestamp":"2026-05-14T01:46:08.478Z"}
{"level":"info","message":"Tablas Sesiones y RecuperacionPassword verificadas","timestamp":"2026-05-14T01:46:08.519Z"}
{"level":"info","message":"Servidor corriendo en http://localhost:3000","timestamp":"2026-05-14T01:46:08.529Z"}
{"level":"info","message":{"action":"CREATE_ROLE","idRol":"2","nombre":"Gerente"},"timestamp":"2026-05-14T01:47:25.491Z"}
{"level":"error","message":"\"permisos\" is not allowed","method":"PUT","path":"/api/roles/2","stack":"Error: \"permisos\" is not allowed\n    at update (C:\\Users\\samue\\Desktop\\Api_WasteLess\\src\\modules\\configuracion\\roles\\interfaces\\controllers\\RoleController.js:54:24)\n    at Layer.handleRequest (C:\\Users\\samue\\Desktop\\Api_WasteLess\\node_modules\\router\\lib\\layer.js:152:17)\n    at next (C:\\Users\\samue\\Desktop\\Api_WasteLess\\node_modules\\router\\lib\\route.js:157:13)\n    at C:\\Users\\samue\\Desktop\\Api_WasteLess\\src\\shared\\middleware\\authorize.js:11:5\n    at Layer.handleRequest (C:\\Users\\samue\\Desktop\\Api_WasteLess\\node_modules\\router\\lib\\layer.js:152:17)\n    at next (C:\\Users\\samue\\Desktop\\Api_WasteLess\\node_modules\\router\\lib\\route.js:157:13)\n    at Route.dispatch (C:\\Users\\samue\\Desktop\\Api_WasteLess\\node_modules\\router\\lib\\route.js:117:3)\n    at handle (C:\\Users\\samue\\Desktop\\Api_WasteLess\\node_modules\\router\\index.js:435:11)\n    at Layer.handleRequest (C:\\Users\\samue\\Desktop\\Api_WasteLess\\node_modules\\router\\lib\\layer.js:152:17)\n    at C:\\Users\\samue\\Desktop\\Api_WasteLess\\node_modules\\router\\index.js:295:15","timestamp":"2026-05-14T01:52:18.610Z"}
{"level":"info","message":{"action":"ASSIGN_PERMISSIONS","idRol":2,"permisos":[1,2,3,4,5]},"timestamp":"2026-05-14T01:53:12.560Z"}
{"level":"info","message":{"action":"CHANGE_ROLE_STATUS","estado":"inactivo","idRol":2},"timestamp":"2026-05-14T01:54:04.226Z"}
{"level":"info","message":{"action":"CHANGE_ROLE_STATUS","estado":"activo","idRol":2},"timestamp":"2026-05-14T01:54:16.315Z"}
{"level":"info","message":{"action":"CREATE_USER","email":"samuelurrego4@gmail.com","idUsuario":"2"},"timestamp":"2026-05-14T02:06:31.565Z"}
{"level":"error","message":"[Microsoft][ODBC Driver 17 for SQL Server][SQL Server]Ambiguous column name 'estado'.","method":"GET","path":"/api/users/statistics","stack":"RequestError: [Microsoft][ODBC Driver 17 for SQL Server][SQL Server]Ambiguous column name 'estado'.\n    at handleError (C:\\Users\\samue\\Desktop\\Api_WasteLess\\node_modules\\mssql\\lib\\msnodesqlv8\\request.js:291:21)\n    at StreamEvents.emit (node:events:518:28)\n    at C:\\Users\\samue\\Desktop\\Api_WasteLess\\node_modules\\msnodesqlv8\\lib\\reader.js:94:20\n    at Array.forEach (<anonymous>)\n    at Query.routeStatementError (C:\\Users\\samue\\Desktop\\Api_WasteLess\\node_modules\\msnodesqlv8\\lib\\reader.js:84:19)\n    at C:\\Users\\samue\\Desktop\\Api_WasteLess\\node_modules\\msnodesqlv8\\lib\\reader.js:436:12","timestamp":"2026-05-14T02:08:58.916Z"}
{"level":"info","message":"Conexión a SQL Server establecida","timestamp":"2026-05-14T02:11:25.333Z"}
{"level":"info","message":"Tablas Roles, Permisos y RolPermiso verificadas","timestamp":"2026-05-14T02:11:25.444Z"}
{"level":"info","message":"Permisos base verificados","timestamp":"2026-05-14T02:11:25.466Z"}
{"level":"info","message":"Tabla Usuarios verificada","timestamp":"2026-05-14T02:11:25.534Z"}
{"level":"info","message":"Tablas Sesiones y RecuperacionPassword verificadas","timestamp":"2026-05-14T02:11:25.768Z"}
{"level":"info","message":"Servidor corriendo en http://localhost:3000","timestamp":"2026-05-14T02:11:25.836Z"}
{"level":"info","message":{"action":"UPDATE_USER","idUsuario":2},"timestamp":"2026-05-14T02:14:30.335Z"}
{"level":"info","message":{"action":"CHANGE_USER_STATUS","estado":"inactivo","idUsuario":2},"timestamp":"2026-05-14T02:16:01.768Z"}
{"level":"info","message":{"action":"CHANGE_USER_STATUS","estado":"activo","idUsuario":2},"timestamp":"2026-05-14T02:16:33.525Z"}
{"level":"info","message":{"action":"DELETE_USER","idUsuario":2},"timestamp":"2026-05-14T02:17:51.464Z"}
{"level":"info","message":{"action":"LOGIN","email":"admin@wasteless.com","idUsuario":"1","ip":"::1"},"timestamp":"2026-05-14T02:31:39.205Z"}
{"level":"error","message":"Token inválido o expirado","method":"POST","path":"/api/auth/refresh-token","stack":"Error: Token inválido o expirado\n    at RefreshToken.execute (C:\\Users\\samue\\Desktop\\Api_WasteLess\\src\\modules\\usuarios\\gestion-acceso\\application\\use-cases\\RefreshToken.js:11:48)\n    at runNextTicks (node:internal/process/task_queues:65:5)\n    at process.processImmediate (node:internal/timers:453:9)\n    at async AuthController.refreshToken (C:\\Users\\samue\\Desktop\\Api_WasteLess\\src\\modules\\usuarios\\gestion-acceso\\interfaces\\controllers\\AuthController.js:69:22)","timestamp":"2026-05-14T02:33:18.124Z"}
{"level":"error","message":"Credenciales inválidas","method":"POST","path":"/api/auth/login","stack":"Error: Credenciales inválidas\n    at LoginUser.execute (C:\\Users\\samue\\Desktop\\Api_WasteLess\\src\\modules\\usuarios\\gestion-acceso\\application\\use-cases\\LoginUser.js:14:22)\n    at runNextTicks (node:internal/process/task_queues:65:5)\n    at process.processImmediate (node:internal/timers:453:9)\n    at async AuthController.login (C:\\Users\\samue\\Desktop\\Api_WasteLess\\src\\modules\\usuarios\\gestion-acceso\\interfaces\\controllers\\AuthController.js:26:20)","timestamp":"2026-05-14T02:37:04.866Z"}
{"level":"info","message":{"action":"LOGIN","email":"admin@wasteless.com","idUsuario":"1","ip":"::1"},"timestamp":"2026-05-14T02:37:19.036Z"}
{"level":"info","message":{"action":"UPDATE_PROFILE","idUsuario":1},"timestamp":"2026-05-14T02:39:02.367Z"}
{"level":"info","message":{"action":"LOGIN","email":"admin@wasteless.com","idUsuario":"1","ip":"::1"},"timestamp":"2026-05-14T02:40:42.696Z"}
{"level":"error","message":"El email es obligatorio","method":"POST","path":"/api/auth/login","stack":"Error: El email es obligatorio\n    at AuthController.login (C:\\Users\\samue\\Desktop\\Api_WasteLess\\src\\modules\\usuarios\\gestion-acceso\\interfaces\\controllers\\AuthController.js:21:22)\n    at C:\\Users\\samue\\Desktop\\Api_WasteLess\\src\\modules\\usuarios\\gestion-acceso\\interfaces\\routes\\authRoutes.js:6:58\n    at Layer.handleRequest (C:\\Users\\samue\\Desktop\\Api_WasteLess\\node_modules\\router\\lib\\layer.js:152:17)\n    at next (C:\\Users\\samue\\Desktop\\Api_WasteLess\\node_modules\\router\\lib\\route.js:157:13)\n    at Route.dispatch (C:\\Users\\samue\\Desktop\\Api_WasteLess\\node_modules\\router\\lib\\route.js:117:3)\n    at handle (C:\\Users\\samue\\Desktop\\Api_WasteLess\\node_modules\\router\\index.js:435:11)\n    at Layer.handleRequest (C:\\Users\\samue\\Desktop\\Api_WasteLess\\node_modules\\router\\lib\\layer.js:152:17)\n    at C:\\Users\\samue\\Desktop\\Api_WasteLess\\node_modules\\router\\index.js:295:15\n    at processParams (C:\\Users\\samue\\Desktop\\Api_WasteLess\\node_modules\\router\\index.js:582:12)\n    at next (C:\\Users\\samue\\Desktop\\Api_WasteLess\\node_modules\\router\\index.js:291:5)","timestamp":"2026-05-14T02:41:43.710Z"}
{"level":"error","message":"La contraseña es obligatoria","method":"POST","path":"/api/auth/login","stack":"Error: La contraseña es obligatoria\n    at AuthController.login (C:\\Users\\samue\\Desktop\\Api_WasteLess\\src\\modules\\usuarios\\gestion-acceso\\interfaces\\controllers\\AuthController.js:21:22)\n    at C:\\Users\\samue\\Desktop\\Api_WasteLess\\src\\modules\\usuarios\\gestion-acceso\\interfaces\\routes\\authRoutes.js:6:58\n    at Layer.handleRequest (C:\\Users\\samue\\Desktop\\Api_WasteLess\\node_modules\\router\\lib\\layer.js:152:17)\n    at next (C:\\Users\\samue\\Desktop\\Api_WasteLess\\node_modules\\router\\lib\\route.js:157:13)\n    at Route.dispatch (C:\\Users\\samue\\Desktop\\Api_WasteLess\\node_modules\\router\\lib\\route.js:117:3)\n    at handle (C:\\Users\\samue\\Desktop\\Api_WasteLess\\node_modules\\router\\index.js:435:11)\n    at Layer.handleRequest (C:\\Users\\samue\\Desktop\\Api_WasteLess\\node_modules\\router\\lib\\layer.js:152:17)\n    at C:\\Users\\samue\\Desktop\\Api_WasteLess\\node_modules\\router\\index.js:295:15\n    at processParams (C:\\Users\\samue\\Desktop\\Api_WasteLess\\node_modules\\router\\index.js:582:12)\n    at next (C:\\Users\\samue\\Desktop\\Api_WasteLess\\node_modules\\router\\index.js:291:5)","timestamp":"2026-05-14T02:42:06.409Z"}
{"level":"error","message":"\"idSesion\" is not allowed","method":"POST","path":"/api/auth/login","stack":"Error: \"idSesion\" is not allowed\n    at AuthController.login (C:\\Users\\samue\\Desktop\\Api_WasteLess\\src\\modules\\usuarios\\gestion-acceso\\interfaces\\controllers\\AuthController.js:21:22)\n    at C:\\Users\\samue\\Desktop\\Api_WasteLess\\src\\modules\\usuarios\\gestion-acceso\\interfaces\\routes\\authRoutes.js:6:58\n    at Layer.handleRequest (C:\\Users\\samue\\Desktop\\Api_WasteLess\\node_modules\\router\\lib\\layer.js:152:17)\n    at next (C:\\Users\\samue\\Desktop\\Api_WasteLess\\node_modules\\router\\lib\\route.js:157:13)\n    at Route.dispatch (C:\\Users\\samue\\Desktop\\Api_WasteLess\\node_modules\\router\\lib\\route.js:117:3)\n    at handle (C:\\Users\\samue\\Desktop\\Api_WasteLess\\node_modules\\router\\index.js:435:11)\n    at Layer.handleRequest (C:\\Users\\samue\\Desktop\\Api_WasteLess\\node_modules\\router\\lib\\layer.js:152:17)\n    at C:\\Users\\samue\\Desktop\\Api_WasteLess\\node_modules\\router\\index.js:295:15\n    at processParams (C:\\Users\\samue\\Desktop\\Api_WasteLess\\node_modules\\router\\index.js:582:12)\n    at next (C:\\Users\\samue\\Desktop\\Api_WasteLess\\node_modules\\router\\index.js:291:5)","timestamp":"2026-05-14T02:42:19.235Z"}
{"level":"error","message":"\"idSesion\" is not allowed","method":"POST","path":"/api/auth/login","stack":"Error: \"idSesion\" is not allowed\n    at AuthController.login (C:\\Users\\samue\\Desktop\\Api_WasteLess\\src\\modules\\usuarios\\gestion-acceso\\interfaces\\controllers\\AuthController.js:21:22)\n    at C:\\Users\\samue\\Desktop\\Api_WasteLess\\src\\modules\\usuarios\\gestion-acceso\\interfaces\\routes\\authRoutes.js:6:58\n    at Layer.handleRequest (C:\\Users\\samue\\Desktop\\Api_WasteLess\\node_modules\\router\\lib\\layer.js:152:17)\n    at next (C:\\Users\\samue\\Desktop\\Api_WasteLess\\node_modules\\router\\lib\\route.js:157:13)\n    at Route.dispatch (C:\\Users\\samue\\Desktop\\Api_WasteLess\\node_modules\\router\\lib\\route.js:117:3)\n    at handle (C:\\Users\\samue\\Desktop\\Api_WasteLess\\node_modules\\router\\index.js:435:11)\n    at Layer.handleRequest (C:\\Users\\samue\\Desktop\\Api_WasteLess\\node_modules\\router\\lib\\layer.js:152:17)\n    at C:\\Users\\samue\\Desktop\\Api_WasteLess\\node_modules\\router\\index.js:295:15\n    at processParams (C:\\Users\\samue\\Desktop\\Api_WasteLess\\node_modules\\router\\index.js:582:12)\n    at next (C:\\Users\\samue\\Desktop\\Api_WasteLess\\node_modules\\router\\index.js:291:5)","timestamp":"2026-05-14T02:42:25.835Z"}
{"level":"info","message":{"action":"LOGIN","email":"admin@wasteless.com","idUsuario":"1","ip":"::1"},"timestamp":"2026-05-14T02:43:08.661Z"}
{"level":"info","message":{"action":"LOGOUT","idUsuario":"1"},"timestamp":"2026-05-14T02:43:55.633Z"}
{"level":"info","message":"Conexión a SQL Server establecida","timestamp":"2026-05-14T02:47:33.572Z"}
{"level":"info","message":"Tablas Roles, Permisos y RolPermiso verificadas","timestamp":"2026-05-14T02:47:33.881Z"}
{"level":"info","message":"Permisos base verificados","timestamp":"2026-05-14T02:47:33.893Z"}
{"level":"info","message":"Tabla Usuarios verificada","timestamp":"2026-05-14T02:47:33.943Z"}
{"level":"info","message":"Tablas Sesiones y RecuperacionPassword verificadas","timestamp":"2026-05-14T02:47:33.963Z"}
{"level":"info","message":"Servidor corriendo en http://localhost:3000","timestamp":"2026-05-14T02:47:33.973Z"}
{"level":"info","message":"Conexión a SQL Server establecida","timestamp":"2026-05-20T14:33:13.732Z"}
{"level":"info","message":"Tablas Roles, Permisos y RolPermiso verificadas","timestamp":"2026-05-20T14:33:13.922Z"}
{"level":"info","message":"Permisos base verificados","timestamp":"2026-05-20T14:33:13.947Z"}
{"level":"info","message":"Tabla Usuarios verificada","timestamp":"2026-05-20T14:33:14.066Z"}
{"level":"info","message":"Tablas Sesiones y RecuperacionPassword verificadas","timestamp":"2026-05-20T14:33:14.157Z"}
{"level":"info","message":"Servidor corriendo en http://localhost:3000","timestamp":"2026-05-20T14:33:14.169Z"}
{"level":"info","message":{"action":"LOGIN","email":"admin@wasteless.com","idUsuario":"1","ip":"::1"},"timestamp":"2026-05-20T14:36:11.807Z"}
{"level":"info","message":{"action":"CREATE_ROLE","idRol":"3","nombre":"Cajero"},"timestamp":"2026-05-20T14:38:27.964Z"}
{"level":"error","message":"Ya existe un rol con ese nombre","method":"PUT","path":"/api/roles/3","stack":"Error: Ya existe un rol con ese nombre\n    at UpdateRole.execute (C:\\Users\\samue\\Desktop\\Api_WasteLess\\src\\modules\\configuracion\\roles\\application\\use-cases\\UpdateRole.js:15:28)\n    at runNextTicks (node:internal/process/task_queues:65:5)\n    at process.processImmediate (node:internal/timers:453:9)\n    at async update (C:\\Users\\samue\\Desktop\\Api_WasteLess\\src\\modules\\configuracion\\roles\\interfaces\\controllers\\RoleController.js:56:20)","timestamp":"2026-05-20T14:43:15.245Z"}
{"level":"info","message":{"action":"UPDATE_ROLE","idRol":3,"nombre":"Cliente"},"timestamp":"2026-05-20T14:44:01.318Z"}
{"level":"info","message":{"action":"ASSIGN_PERMISSIONS","idRol":3,"permisos":[1,2,3,4,5,6]},"timestamp":"2026-05-20T14:44:50.396Z"}
{"level":"info","message":{"action":"CHANGE_ROLE_STATUS","estado":"inactivo","idRol":2},"timestamp":"2026-05-20T14:45:46.471Z"}
{"level":"info","message":{"action":"CHANGE_ROLE_STATUS","estado":"activo","idRol":2},"timestamp":"2026-05-20T14:45:56.770Z"}
{"level":"error","message":"Expected ':' after property name in JSON at position 230 (line 10 column 11)","method":"GET","path":"/api/users","stack":"SyntaxError: Expected ':' after property name in JSON at position 230 (line 10 column 11)\n    at JSON.parse (<anonymous>)\n    at parse (C:\\Users\\samue\\Desktop\\Api_WasteLess\\node_modules\\body-parser\\lib\\types\\json.js:72:19)\n    at C:\\Users\\samue\\Desktop\\Api_WasteLess\\node_modules\\body-parser\\lib\\read.js:162:18\n    at AsyncResource.runInAsyncScope (node:async_hooks:214:14)\n    at invokeCallback (C:\\Users\\samue\\Desktop\\Api_WasteLess\\node_modules\\raw-body\\index.js:238:16)\n    at done (C:\\Users\\samue\\Desktop\\Api_WasteLess\\node_modules\\raw-body\\index.js:227:7)\n    at IncomingMessage.onEnd (C:\\Users\\samue\\Desktop\\Api_WasteLess\\node_modules\\raw-body\\index.js:287:7)\n    at IncomingMessage.emit (node:events:518:28)\n    at endReadableNT (node:internal/streams/readable:1698:12)\n    at process.processTicksAndRejections (node:internal/process/task_queues:90:21)","timestamp":"2026-05-20T14:49:26.222Z"}
{"level":"info","message":{"action":"CREATE_USER","email":"cacjx@gmail.com","idUsuario":"3"},"timestamp":"2026-05-20T14:51:04.993Z"}
{"level":"error","message":"Usuario no encontrado","method":"GET","path":"/api/users/2","stack":"Error: Usuario no encontrado\n    at GetUserById.execute (C:\\Users\\samue\\Desktop\\Api_WasteLess\\src\\modules\\usuarios\\gestion-usuarios\\application\\use-cases\\GetUserById.js:10:22)\n    at runNextTicks (node:internal/process/task_queues:65:5)\n    at process.processImmediate (node:internal/timers:453:9)\n    at async getById (C:\\Users\\samue\\Desktop\\Api_WasteLess\\src\\modules\\usuarios\\gestion-usuarios\\interfaces\\controllers\\UserController.js:41:20)","timestamp":"2026-05-20T14:56:00.205Z"}
{"level":"error","message":"\"email\" is not allowed","method":"PUT","path":"/api/users/3","stack":"Error: \"email\" is not allowed\n    at update (C:\\Users\\samue\\Desktop\\Api_WasteLess\\src\\modules\\usuarios\\gestion-usuarios\\interfaces\\controllers\\UserController.js:59:24)\n    at Layer.handleRequest (C:\\Users\\samue\\Desktop\\Api_WasteLess\\node_modules\\router\\lib\\layer.js:152:17)\n    at next (C:\\Users\\samue\\Desktop\\Api_WasteLess\\node_modules\\router\\lib\\route.js:157:13)\n    at C:\\Users\\samue\\Desktop\\Api_WasteLess\\src\\shared\\middleware\\authorize.js:11:5\n    at Layer.handleRequest (C:\\Users\\samue\\Desktop\\Api_WasteLess\\node_modules\\router\\lib\\layer.js:152:17)\n    at next (C:\\Users\\samue\\Desktop\\Api_WasteLess\\node_modules\\router\\lib\\route.js:157:13)\n    at Route.dispatch (C:\\Users\\samue\\Desktop\\Api_WasteLess\\node_modules\\router\\lib\\route.js:117:3)\n    at handle (C:\\Users\\samue\\Desktop\\Api_WasteLess\\node_modules\\router\\index.js:435:11)\n    at Layer.handleRequest (C:\\Users\\samue\\Desktop\\Api_WasteLess\\node_modules\\router\\lib\\layer.js:152:17)\n    at C:\\Users\\samue\\Desktop\\Api_WasteLess\\node_modules\\router\\index.js:295:15","timestamp":"2026-05-20T14:57:22.727Z"}
{"level":"error","message":"\"password\" is not allowed","method":"PUT","path":"/api/users/3","stack":"Error: \"password\" is not allowed\n    at update (C:\\Users\\samue\\Desktop\\Api_WasteLess\\src\\modules\\usuarios\\gestion-usuarios\\interfaces\\controllers\\UserController.js:59:24)\n    at Layer.handleRequest (C:\\Users\\samue\\Desktop\\Api_WasteLess\\node_modules\\router\\lib\\layer.js:152:17)\n    at next (C:\\Users\\samue\\Desktop\\Api_WasteLess\\node_modules\\router\\lib\\route.js:157:13)\n    at C:\\Users\\samue\\Desktop\\Api_WasteLess\\src\\shared\\middleware\\authorize.js:11:5\n    at Layer.handleRequest (C:\\Users\\samue\\Desktop\\Api_WasteLess\\node_modules\\router\\lib\\layer.js:152:17)\n    at next (C:\\Users\\samue\\Desktop\\Api_WasteLess\\node_modules\\router\\lib\\route.js:157:13)\n    at Route.dispatch (C:\\Users\\samue\\Desktop\\Api_WasteLess\\node_modules\\router\\lib\\route.js:117:3)\n    at handle (C:\\Users\\samue\\Desktop\\Api_WasteLess\\node_modules\\router\\index.js:435:11)\n    at Layer.handleRequest (C:\\Users\\samue\\Desktop\\Api_WasteLess\\node_modules\\router\\lib\\layer.js:152:17)\n    at C:\\Users\\samue\\Desktop\\Api_WasteLess\\node_modules\\router\\index.js:295:15","timestamp":"2026-05-20T14:57:32.078Z"}
{"level":"info","message":{"action":"UPDATE_USER","idUsuario":3},"timestamp":"2026-05-20T14:57:54.948Z"}
{"level":"info","message":{"action":"CHANGE_USER_STATUS","estado":"inactivo","idUsuario":3},"timestamp":"2026-05-20T14:58:54.612Z"}
{"level":"info","message":{"action":"CHANGE_USER_STATUS","estado":"activo","idUsuario":3},"timestamp":"2026-05-20T14:59:05.889Z"}
{"level":"info","message":"Conexión a SQL Server establecida","timestamp":"2026-05-27T13:13:37.889Z"}
{"level":"info","message":"Tablas Roles, Permisos y RolPermiso verificadas","timestamp":"2026-05-27T13:13:38.003Z"}
{"level":"info","message":"Permisos base verificados","timestamp":"2026-05-27T13:13:38.013Z"}
{"level":"info","message":"Tabla Usuarios verificada","timestamp":"2026-05-27T13:13:38.062Z"}
{"level":"info","message":"Tablas Sesiones y RecuperacionPassword verificadas","timestamp":"2026-05-27T13:13:38.084Z"}
{"level":"info","message":"Tablas CategoriasPlatillo y Platillos verificadas","timestamp":"2026-05-27T13:13:38.170Z"}
{"level":"info","message":"Servidor corriendo en http://localhost:3000","timestamp":"2026-05-27T13:13:38.179Z"}
{"level":"info","message":{"action":"LOGIN","email":"admin@wasteless.com","idUsuario":"1","ip":"::1"},"timestamp":"2026-05-27T13:17:00.057Z"}
{"level":"info","message":{"action":"CREATE_CATEGORY","idCategoria":"1","nombre":"Desayuno"},"timestamp":"2026-05-27T13:17:48.058Z"}
{"level":"info","message":{"action":"UPDATE_CATEGORY","idCategoria":1},"timestamp":"2026-05-27T13:18:46.312Z"}
{"level":"info","message":{"action":"DELETE_CATEGORY","idCategoria":1},"timestamp":"2026-05-27T13:19:05.366Z"}
{"level":"info","message":{"action":"LOGIN","email":"admin@wasteless.com","idUsuario":"1","ip":"::1"},"timestamp":"2026-05-27T13:21:09.755Z"}
{"level":"info","message":{"action":"LOGIN","email":"admin@wasteless.com","idUsuario":"1","ip":"::1"},"timestamp":"2026-05-27T13:24:12.699Z"}
{"level":"info","message":{"action":"CREATE_CATEGORY","idCategoria":"2","nombre":"Desayuno"},"timestamp":"2026-05-27T13:24:46.029Z"}
{"level":"info","message":{"action":"UPDATE_CATEGORY","idCategoria":2},"timestamp":"2026-05-27T13:26:21.898Z"}
{"level":"error","message":"[Microsoft][ODBC Driver 17 for SQL Server][SQL Server]Violation of UNIQUE KEY constraint 'UQ_CategoriasPlatillo_nombre'. Cannot insert duplicate key in object 'dbo.CategoriasPlatillo'. The duplicate key value is (Desayuno Especial).","method":"PUT","path":"/api/dishes/categories/2","stack":"RequestError: [Microsoft][ODBC Driver 17 for SQL Server][SQL Server]Violation of UNIQUE KEY constraint 'UQ_CategoriasPlatillo_nombre'. Cannot insert duplicate key in object 'dbo.CategoriasPlatillo'. The duplicate key value is (Desayuno Especial).\n    at handleError (C:\\Users\\samue\\Desktop\\Api_WasteLess\\node_modules\\mssql\\lib\\msnodesqlv8\\request.js:291:21)\n    at StreamEvents.emit (node:events:518:28)\n    at C:\\Users\\samue\\Desktop\\Api_WasteLess\\node_modules\\msnodesqlv8\\lib\\reader.js:94:20\n    at Array.forEach (<anonymous>)\n    at Query.routeStatementError (C:\\Users\\samue\\Desktop\\Api_WasteLess\\node_modules\\msnodesqlv8\\lib\\reader.js:84:19)\n    at C:\\Users\\samue\\Desktop\\Api_WasteLess\\node_modules\\msnodesqlv8\\lib\\reader.js:436:12","timestamp":"2026-05-27T13:27:51.505Z"}
{"level":"info","message":{"action":"UPDATE_CATEGORY","idCategoria":2},"timestamp":"2026-05-27T13:28:14.912Z"}
{"level":"error","message":"La categoría especificada no existe","method":"POST","path":"/api/dishes","stack":"Error: La categoría especificada no existe\n    at CreateDish.execute (C:\\Users\\samue\\Desktop\\Api_WasteLess\\src\\modules\\platillos\\gestion-platillos\\application\\use-cases\\CreateDish.js:14:26)\n    at runNextTicks (node:internal/process/task_queues:65:5)\n    at process.processImmediate (node:internal/timers:453:9)\n    at async DishController.create (C:\\Users\\samue\\Desktop\\Api_WasteLess\\src\\modules\\platillos\\gestion-platillos\\interfaces\\controllers\\DishController.js:67:20)","timestamp":"2026-05-27T13:28:44.948Z"}
{"level":"info","message":{"action":"CREATE_DISH","idPlatillo":"1","nombre":"Arepa con Huevo"},"timestamp":"2026-05-27T13:28:51.638Z"}
{"level":"info","message":{"action":"CREATE_DISH","idPlatillo":"2","nombre":"Arepa con queso"},"timestamp":"2026-05-27T13:33:09.272Z"}
{"level":"info","message":{"action":"UPDATE_DISH","idPlatillo":2},"timestamp":"2026-05-27T13:38:16.057Z"}
{"level":"info","message":{"action":"CHANGE_DISH_STATUS","estado":"inactivo","idPlatillo":1},"timestamp":"2026-05-27T13:39:19.614Z"}
{"level":"info","message":{"action":"CHANGE_DISH_STATUS","estado":"activo","idPlatillo":1},"timestamp":"2026-05-27T13:39:33.480Z"}
{"level":"info","message":{"action":"DELETE_DISH","idPlatillo":1},"timestamp":"2026-05-27T13:40:14.298Z"}
{"level":"error","message":"Error al iniciar el servidor [Microsoft][ODBC Driver 17 for SQL Server][SQL Server]Cannot open database \"Api_WasteLess\" requested by the login. The login failed.","stack":"ConnectionError: [Microsoft][ODBC Driver 17 for SQL Server][SQL Server]Cannot open database \"Api_WasteLess\" requested by the login. The login failed.\n    at PrivateConnection.callback2 (C:\\Users\\samue.TYSONPC\\OneDrive\\Documents\\Api_WasteLess\\node_modules\\mssql\\lib\\msnodesqlv8\\connection-pool.js:53:17)\n    at Immediate.<anonymous> (C:\\Users\\samue.TYSONPC\\OneDrive\\Documents\\Api_WasteLess\\node_modules\\msnodesqlv8\\lib\\connection.js:47:14)\n    at process.processImmediate (node:internal/timers:485:21)","timestamp":"2026-06-09T01:38:13.061Z"}
{"level":"info","message":"Conexión a SQL Server establecida","timestamp":"2026-06-09T03:27:50.799Z"}
{"level":"info","message":"Tablas Roles, Permisos y RolPermiso verificadas","timestamp":"2026-06-09T03:27:50.995Z"}
{"level":"info","message":"Permisos base verificados","timestamp":"2026-06-09T03:27:51.023Z"}
{"level":"info","message":"Tabla Usuarios verificada","timestamp":"2026-06-09T03:27:51.102Z"}
{"level":"info","message":"Tablas Sesiones y RecuperacionPassword verificadas","timestamp":"2026-06-09T03:27:51.139Z"}
{"level":"info","message":"Tablas CategoriasPlatillo y Platillos verificadas","timestamp":"2026-06-09T03:27:51.230Z"}
{"level":"info","message":"✅ Tablas Ciudades y Empresas verificadas","timestamp":"2026-06-09T03:27:51.330Z"}
{"level":"info","message":"✅ Ciudades base verificadas","timestamp":"2026-06-09T03:27:51.346Z"}
{"level":"info","message":"Servidor corriendo en http://localhost:3000","timestamp":"2026-06-09T03:27:51.361Z"}
{"level":"info","message":"Conexión a SQL Server establecida","timestamp":"2026-06-09T04:34:28.588Z"}
{"level":"info","message":"Tablas Roles, Permisos y RolPermiso verificadas","timestamp":"2026-06-09T04:34:28.670Z"}
{"level":"info","message":"Permisos base verificados","timestamp":"2026-06-09T04:34:28.679Z"}
{"level":"info","message":"Tabla Usuarios verificada","timestamp":"2026-06-09T04:34:28.710Z"}
{"level":"info","message":"Tablas Sesiones y RecuperacionPassword verificadas","timestamp":"2026-06-09T04:34:28.724Z"}
{"level":"info","message":"Tablas CategoriasPlatillo y Platillos verificadas","timestamp":"2026-06-09T04:34:28.763Z"}
{"level":"info","message":"✅ Tablas Ciudades y Empresas verificadas","timestamp":"2026-06-09T04:34:28.802Z"}
{"level":"info","message":"✅ Ciudades base verificadas","timestamp":"2026-06-09T04:34:28.809Z"}
{"level":"info","message":"Servidor corriendo en http://localhost:3000","timestamp":"2026-06-09T04:34:28.815Z"}
{"level":"info","message":"Conexión a SQL Server establecida","timestamp":"2026-06-09T04:35:11.441Z"}
{"level":"info","message":"Tablas Roles, Permisos y RolPermiso verificadas","timestamp":"2026-06-09T04:35:11.523Z"}
{"level":"info","message":"Permisos base verificados","timestamp":"2026-06-09T04:35:11.529Z"}
{"level":"info","message":"Tabla Usuarios verificada","timestamp":"2026-06-09T04:35:11.559Z"}
{"level":"info","message":"Tablas Sesiones y RecuperacionPassword verificadas","timestamp":"2026-06-09T04:35:11.570Z"}
{"level":"info","message":"Tablas CategoriasPlatillo y Platillos verificadas","timestamp":"2026-06-09T04:35:11.608Z"}
{"level":"info","message":"✅ Tablas Ciudades y Empresas verificadas","timestamp":"2026-06-09T04:35:11.649Z"}
{"level":"info","message":"✅ Ciudades base verificadas","timestamp":"2026-06-09T04:35:11.655Z"}
{"level":"info","message":"Servidor corriendo en http://localhost:3000","timestamp":"2026-06-09T04:35:11.662Z"}
{"level":"info","message":"Conexión a SQL Server establecida","timestamp":"2026-06-09T04:35:48.823Z"}
{"level":"info","message":"Tablas Roles, Permisos y RolPermiso verificadas","timestamp":"2026-06-09T04:35:48.895Z"}
{"level":"info","message":"Permisos base verificados","timestamp":"2026-06-09T04:35:48.902Z"}
{"level":"info","message":"Tabla Usuarios verificada","timestamp":"2026-06-09T04:35:48.934Z"}
{"level":"info","message":"Tablas Sesiones y RecuperacionPassword verificadas","timestamp":"2026-06-09T04:35:48.948Z"}
{"level":"info","message":"Tablas CategoriasPlatillo y Platillos verificadas","timestamp":"2026-06-09T04:35:48.984Z"}
{"level":"info","message":"✅ Tablas Ciudades y Empresas verificadas","timestamp":"2026-06-09T04:35:49.022Z"}
{"level":"info","message":"✅ Ciudades base verificadas","timestamp":"2026-06-09T04:35:49.032Z"}
{"level":"info","message":"Servidor corriendo en http://localhost:3000","timestamp":"2026-06-09T04:35:49.036Z"}
{"level":"info","message":{"action":"LOGIN","email":"admin@wasteless.com","idUsuario":"1","ip":"::1"},"timestamp":"2026-06-09T04:36:19.491Z"}
{"level":"info","message":"Conexión a SQL Server establecida","timestamp":"2026-06-09T05:10:49.412Z"}
{"level":"info","message":"Tablas Roles, Permisos y RolPermiso verificadas","timestamp":"2026-06-09T05:10:49.495Z"}
{"level":"info","message":"Permisos base verificados","timestamp":"2026-06-09T05:10:49.501Z"}
{"level":"info","message":"Tabla Usuarios verificada","timestamp":"2026-06-09T05:10:49.534Z"}
{"level":"info","message":"Tablas Sesiones y RecuperacionPassword verificadas","timestamp":"2026-06-09T05:10:49.547Z"}
{"level":"info","message":"Tablas CategoriasPlatillo y Platillos verificadas","timestamp":"2026-06-09T05:10:49.582Z"}
{"level":"info","message":"✅ Tablas Ciudades y Empresas verificadas","timestamp":"2026-06-09T05:10:49.621Z"}
{"level":"info","message":"✅ Ciudades base verificadas","timestamp":"2026-06-09T05:10:49.630Z"}
{"level":"info","message":"Servidor corriendo en http://localhost:3000","timestamp":"2026-06-09T05:10:49.637Z"}
{"level":"info","message":{"action":"LOGIN","email":"admin@wasteless.com","idUsuario":"1","ip":"::1"},"timestamp":"2026-06-09T05:11:49.689Z"}
{"level":"info","message":{"action":"LOGIN","email":"admin@wasteless.com","idUsuario":"1","ip":"::1"},"timestamp":"2026-06-09T05:20:21.307Z"}
{"level":"info","message":{"action":"LOGIN","email":"admin@wasteless.com","idUsuario":"1","ip":"::1"},"timestamp":"2026-06-09T05:22:51.412Z"}
{"level":"info","message":{"action":"LOGIN","email":"admin@wasteless.com","idUsuario":"1","ip":"::1"},"timestamp":"2026-06-09T05:27:42.786Z"}
{"level":"info","message":{"action":"LOGIN","email":"admin@wasteless.com","idUsuario":"1","ip":"::1"},"timestamp":"2026-06-09T05:35:16.142Z"}
{"level":"info","message":{"action":"LOGIN","email":"admin@wasteless.com","idUsuario":"1","ip":"::1"},"timestamp":"2026-06-09T05:40:55.218Z"}
{"level":"info","message":{"action":"LOGIN","email":"admin@wasteless.com","idUsuario":"1","ip":"::1"},"timestamp":"2026-06-09T05:45:43.611Z"}
{"level":"info","message":{"action":"CREATE_ROLE","idRol":"4","nombre":"Test"},"timestamp":"2026-06-09T05:47:31.471Z"}
{"level":"error","message":"Ya existe un rol con ese nombre","method":"POST","path":"/api/roles","stack":"Error: Ya existe un rol con ese nombre\n    at CreateRole.execute (C:\\Users\\samue\\Desktop\\Api_WasteLess\\src\\modules\\configuracion\\roles\\application\\use-cases\\CreateRole.js:11:25)\n    at runNextTicks (node:internal/process/task_queues:65:5)\n    at process.processImmediate (node:internal/timers:453:9)\n    at async create (C:\\Users\\samue\\Desktop\\Api_WasteLess\\src\\modules\\configuracion\\roles\\interfaces\\controllers\\RoleController.js:23:20)","timestamp":"2026-06-09T05:53:18.380Z"}
{"level":"error","message":"Ya existe un rol con ese nombre","method":"POST","path":"/api/roles","stack":"Error: Ya existe un rol con ese nombre\n    at CreateRole.execute (C:\\Users\\samue\\Desktop\\Api_WasteLess\\src\\modules\\configuracion\\roles\\application\\use-cases\\CreateRole.js:11:25)\n    at runNextTicks (node:internal/process/task_queues:65:5)\n    at process.processImmediate (node:internal/timers:453:9)\n    at async create (C:\\Users\\samue\\Desktop\\Api_WasteLess\\src\\modules\\configuracion\\roles\\interfaces\\controllers\\RoleController.js:23:20)","timestamp":"2026-06-09T05:53:20.884Z"}
{"level":"info","message":{"action":"CREATE_ROLE","idRol":"5","nombre":"Coordinador"},"timestamp":"2026-06-09T05:54:52.866Z"}
{"level":"error","message":"No se puede eliminar el rol porque tiene usuarios asociados","method":"DELETE","path":"/api/roles/3","stack":"Error: No se puede eliminar el rol porque tiene usuarios asociados\n    at DeleteRole.execute (C:\\Users\\samue\\Desktop\\Api_WasteLess\\src\\modules\\configuracion\\roles\\application\\use-cases\\DeleteRole.js:14:31)\n    at runNextTicks (node:internal/process/task_queues:65:5)\n    at process.processImmediate (node:internal/timers:453:9)\n    at async delete (C:\\Users\\samue\\Desktop\\Api_WasteLess\\src\\modules\\configuracion\\roles\\interfaces\\controllers\\RoleController.js:63:7)","timestamp":"2026-06-09T06:01:30.076Z"}
{"level":"info","message":{"action":"CREATE_ROLE","idRol":"6","nombre":"Supervisor"},"timestamp":"2026-06-09T06:02:13.990Z"}
{"level":"info","message":{"action":"DELETE_ROLE","idRol":6},"timestamp":"2026-06-09T06:02:33.966Z"}
{"level":"error","message":"[Microsoft][ODBC Driver 17 for SQL Server][SQL Server]Violation of UNIQUE KEY constraint 'UQ_Roles_nombre'. Cannot insert duplicate key in object 'dbo.Roles'. The duplicate key value is (Supervisor).","method":"POST","path":"/api/roles","stack":"RequestError: [Microsoft][ODBC Driver 17 for SQL Server][SQL Server]Violation of UNIQUE KEY constraint 'UQ_Roles_nombre'. Cannot insert duplicate key in object 'dbo.Roles'. The duplicate key value is (Supervisor).\n    at handleError (C:\\Users\\samue\\Desktop\\Api_WasteLess\\node_modules\\mssql\\lib\\msnodesqlv8\\request.js:291:21)\n    at StreamEvents.emit (node:events:518:28)\n    at C:\\Users\\samue\\Desktop\\Api_WasteLess\\node_modules\\msnodesqlv8\\lib\\reader.js:94:20\n    at Array.forEach (<anonymous>)\n    at Query.routeStatementError (C:\\Users\\samue\\Desktop\\Api_WasteLess\\node_modules\\msnodesqlv8\\lib\\reader.js:84:19)\n    at C:\\Users\\samue\\Desktop\\Api_WasteLess\\node_modules\\msnodesqlv8\\lib\\reader.js:436:12","timestamp":"2026-06-09T06:03:20.106Z"}
{"level":"error","message":"[Microsoft][ODBC Driver 17 for SQL Server][SQL Server]Violation of UNIQUE KEY constraint 'UQ_Roles_nombre'. Cannot insert duplicate key in object 'dbo.Roles'. The duplicate key value is (Supervisor).","method":"POST","path":"/api/roles","stack":"RequestError: [Microsoft][ODBC Driver 17 for SQL Server][SQL Server]Violation of UNIQUE KEY constraint 'UQ_Roles_nombre'. Cannot insert duplicate key in object 'dbo.Roles'. The duplicate key value is (Supervisor).\n    at handleError (C:\\Users\\samue\\Desktop\\Api_WasteLess\\node_modules\\mssql\\lib\\msnodesqlv8\\request.js:291:21)\n    at StreamEvents.emit (node:events:518:28)\n    at C:\\Users\\samue\\Desktop\\Api_WasteLess\\node_modules\\msnodesqlv8\\lib\\reader.js:94:20\n    at Array.forEach (<anonymous>)\n    at Query.routeStatementError (C:\\Users\\samue\\Desktop\\Api_WasteLess\\node_modules\\msnodesqlv8\\lib\\reader.js:84:19)\n    at C:\\Users\\samue\\Desktop\\Api_WasteLess\\node_modules\\msnodesqlv8\\lib\\reader.js:436:12","timestamp":"2026-06-09T06:03:28.141Z"}
{"level":"info","message":{"action":"CREATE_ROLE","idRol":"9","nombre":"supervisor-pedidos"},"timestamp":"2026-06-09T06:03:59.588Z"}
{"level":"info","message":{"action":"CREATE_ROLE","idRol":"10","nombre":"PruebaPermisos"},"timestamp":"2026-06-09T06:04:59.429Z"}
{"level":"info","message":"Conexión a SQL Server establecida","timestamp":"2026-06-09T06:12:38.670Z"}
{"level":"info","message":"Tablas Roles, Permisos y RolPermiso verificadas","timestamp":"2026-06-09T06:12:38.780Z"}
{"level":"info","message":"Permisos base verificados","timestamp":"2026-06-09T06:12:38.789Z"}
{"level":"info","message":"Tabla Usuarios verificada","timestamp":"2026-06-09T06:12:38.829Z"}
{"level":"info","message":"Tablas Sesiones y RecuperacionPassword verificadas","timestamp":"2026-06-09T06:12:38.853Z"}
{"level":"info","message":"Tablas CategoriasPlatillo y Platillos verificadas","timestamp":"2026-06-09T06:12:38.913Z"}
{"level":"info","message":"✅ Tablas Ciudades y Empresas verificadas","timestamp":"2026-06-09T06:12:39.126Z"}
{"level":"info","message":"✅ Ciudades base verificadas","timestamp":"2026-06-09T06:12:39.137Z"}
{"level":"info","message":"Servidor corriendo en http://localhost:3000","timestamp":"2026-06-09T06:12:39.143Z"}
{"level":"info","message":"Conexión a SQL Server establecida","timestamp":"2026-06-09T06:13:26.688Z"}
{"level":"info","message":"Tablas Roles, Permisos y RolPermiso verificadas","timestamp":"2026-06-09T06:13:26.781Z"}
{"level":"info","message":"Permisos base verificados","timestamp":"2026-06-09T06:13:26.787Z"}
{"level":"info","message":"Tabla Usuarios verificada","timestamp":"2026-06-09T06:13:26.821Z"}
{"level":"info","message":"Tablas Sesiones y RecuperacionPassword verificadas","timestamp":"2026-06-09T06:13:26.836Z"}
{"level":"info","message":"Tablas CategoriasPlatillo y Platillos verificadas","timestamp":"2026-06-09T06:13:26.879Z"}
{"level":"info","message":"✅ Tablas Ciudades y Empresas verificadas","timestamp":"2026-06-09T06:13:26.925Z"}
{"level":"info","message":"✅ Ciudades base verificadas","timestamp":"2026-06-09T06:13:26.932Z"}
{"level":"info","message":"Servidor corriendo en http://localhost:3000","timestamp":"2026-06-09T06:13:26.939Z"}
{"level":"info","message":{"action":"CREATE_ROLE","idRol":"11","nombre":"Roldeprueba"},"timestamp":"2026-06-09T06:14:42.591Z"}
{"level":"info","message":{"action":"DELETE_ROLE","idRol":11},"timestamp":"2026-06-09T06:14:48.535Z"}
{"level":"info","message":{"action":"DELETE_ROLE","idRol":4},"timestamp":"2026-06-09T06:14:56.315Z"}
{"level":"info","message":{"action":"DELETE_ROLE","idRol":9},"timestamp":"2026-06-09T06:15:01.058Z"}
{"level":"info","message":{"action":"DELETE_ROLE","idRol":10},"timestamp":"2026-06-09T06:15:05.545Z"}
{"level":"error","message":"[Microsoft][ODBC Driver 17 for SQL Server][SQL Server]Violation of UNIQUE KEY constraint 'UQ_Roles_nombre'. Cannot insert duplicate key in object 'dbo.Roles'. The duplicate key value is (Roldeprueba).","method":"POST","path":"/api/roles","stack":"RequestError: [Microsoft][ODBC Driver 17 for SQL Server][SQL Server]Violation of UNIQUE KEY constraint 'UQ_Roles_nombre'. Cannot insert duplicate key in object 'dbo.Roles'. The duplicate key value is (Roldeprueba).\n    at handleError (C:\\Users\\samue\\Desktop\\Api_WasteLess\\node_modules\\mssql\\lib\\msnodesqlv8\\request.js:291:21)\n    at StreamEvents.emit (node:events:518:28)\n    at C:\\Users\\samue\\Desktop\\Api_WasteLess\\node_modules\\msnodesqlv8\\lib\\reader.js:94:20\n    at Array.forEach (<anonymous>)\n    at Query.routeStatementError (C:\\Users\\samue\\Desktop\\Api_WasteLess\\node_modules\\msnodesqlv8\\lib\\reader.js:84:19)\n    at C:\\Users\\samue\\Desktop\\Api_WasteLess\\node_modules\\msnodesqlv8\\lib\\reader.js:436:12","timestamp":"2026-06-09T06:15:52.729Z"}
{"level":"error","message":"[Microsoft][ODBC Driver 17 for SQL Server][SQL Server]Violation of UNIQUE KEY constraint 'UQ_Roles_nombre'. Cannot insert duplicate key in object 'dbo.Roles'. The duplicate key value is (Roldeprueba).","method":"POST","path":"/api/roles","stack":"RequestError: [Microsoft][ODBC Driver 17 for SQL Server][SQL Server]Violation of UNIQUE KEY constraint 'UQ_Roles_nombre'. Cannot insert duplicate key in object 'dbo.Roles'. The duplicate key value is (Roldeprueba).\n    at handleError (C:\\Users\\samue\\Desktop\\Api_WasteLess\\node_modules\\mssql\\lib\\msnodesqlv8\\request.js:291:21)\n    at StreamEvents.emit (node:events:518:28)\n    at C:\\Users\\samue\\Desktop\\Api_WasteLess\\node_modules\\msnodesqlv8\\lib\\reader.js:94:20\n    at Array.forEach (<anonymous>)\n    at Query.routeStatementError (C:\\Users\\samue\\Desktop\\Api_WasteLess\\node_modules\\msnodesqlv8\\lib\\reader.js:84:19)\n    at C:\\Users\\samue\\Desktop\\Api_WasteLess\\node_modules\\msnodesqlv8\\lib\\reader.js:436:12","timestamp":"2026-06-09T06:15:54.030Z"}
{"level":"error","message":"[Microsoft][ODBC Driver 17 for SQL Server][SQL Server]Violation of UNIQUE KEY constraint 'UQ_Roles_nombre'. Cannot insert duplicate key in object 'dbo.Roles'. The duplicate key value is (Roldeprueba).","method":"POST","path":"/api/roles","stack":"RequestError: [Microsoft][ODBC Driver 17 for SQL Server][SQL Server]Violation of UNIQUE KEY constraint 'UQ_Roles_nombre'. Cannot insert duplicate key in object 'dbo.Roles'. The duplicate key value is (Roldeprueba).\n    at handleError (C:\\Users\\samue\\Desktop\\Api_WasteLess\\node_modules\\mssql\\lib\\msnodesqlv8\\request.js:291:21)\n    at StreamEvents.emit (node:events:518:28)\n    at C:\\Users\\samue\\Desktop\\Api_WasteLess\\node_modules\\msnodesqlv8\\lib\\reader.js:94:20\n    at Array.forEach (<anonymous>)\n    at Query.routeStatementError (C:\\Users\\samue\\Desktop\\Api_WasteLess\\node_modules\\msnodesqlv8\\lib\\reader.js:84:19)\n    at C:\\Users\\samue\\Desktop\\Api_WasteLess\\node_modules\\msnodesqlv8\\lib\\reader.js:436:12","timestamp":"2026-06-09T06:15:54.220Z"}
{"level":"error","message":"[Microsoft][ODBC Driver 17 for SQL Server][SQL Server]Violation of UNIQUE KEY constraint 'UQ_Roles_nombre'. Cannot insert duplicate key in object 'dbo.Roles'. The duplicate key value is (Roldeprueba).","method":"POST","path":"/api/roles","stack":"RequestError: [Microsoft][ODBC Driver 17 for SQL Server][SQL Server]Violation of UNIQUE KEY constraint 'UQ_Roles_nombre'. Cannot insert duplicate key in object 'dbo.Roles'. The duplicate key value is (Roldeprueba).\n    at handleError (C:\\Users\\samue\\Desktop\\Api_WasteLess\\node_modules\\mssql\\lib\\msnodesqlv8\\request.js:291:21)\n    at StreamEvents.emit (node:events:518:28)\n    at C:\\Users\\samue\\Desktop\\Api_WasteLess\\node_modules\\msnodesqlv8\\lib\\reader.js:94:20\n    at Array.forEach (<anonymous>)\n    at Query.routeStatementError (C:\\Users\\samue\\Desktop\\Api_WasteLess\\node_modules\\msnodesqlv8\\lib\\reader.js:84:19)\n    at C:\\Users\\samue\\Desktop\\Api_WasteLess\\node_modules\\msnodesqlv8\\lib\\reader.js:436:12","timestamp":"2026-06-09T06:16:47.411Z"}
{"level":"error","message":"[Microsoft][ODBC Driver 17 for SQL Server][SQL Server]Violation of UNIQUE KEY constraint 'UQ_Roles_nombre'. Cannot insert duplicate key in object 'dbo.Roles'. The duplicate key value is (Roldeprueba).","method":"POST","path":"/api/roles","stack":"RequestError: [Microsoft][ODBC Driver 17 for SQL Server][SQL Server]Violation of UNIQUE KEY constraint 'UQ_Roles_nombre'. Cannot insert duplicate key in object 'dbo.Roles'. The duplicate key value is (Roldeprueba).\n    at handleError (C:\\Users\\samue\\Desktop\\Api_WasteLess\\node_modules\\mssql\\lib\\msnodesqlv8\\request.js:291:21)\n    at StreamEvents.emit (node:events:518:28)\n    at C:\\Users\\samue\\Desktop\\Api_WasteLess\\node_modules\\msnodesqlv8\\lib\\reader.js:94:20\n    at Array.forEach (<anonymous>)\n    at Query.routeStatementError (C:\\Users\\samue\\Desktop\\Api_WasteLess\\node_modules\\msnodesqlv8\\lib\\reader.js:84:19)\n    at C:\\Users\\samue\\Desktop\\Api_WasteLess\\node_modules\\msnodesqlv8\\lib\\reader.js:436:12","timestamp":"2026-06-09T06:18:30.175Z"}
{"level":"error","message":"[Microsoft][ODBC Driver 17 for SQL Server][SQL Server]Violation of UNIQUE KEY constraint 'UQ_Roles_nombre'. Cannot insert duplicate key in object 'dbo.Roles'. The duplicate key value is (Roldeprueba).","method":"POST","path":"/api/roles","stack":"RequestError: [Microsoft][ODBC Driver 17 for SQL Server][SQL Server]Violation of UNIQUE KEY constraint 'UQ_Roles_nombre'. Cannot insert duplicate key in object 'dbo.Roles'. The duplicate key value is (Roldeprueba).\n    at handleError (C:\\Users\\samue\\Desktop\\Api_WasteLess\\node_modules\\mssql\\lib\\msnodesqlv8\\request.js:291:21)\n    at StreamEvents.emit (node:events:518:28)\n    at C:\\Users\\samue\\Desktop\\Api_WasteLess\\node_modules\\msnodesqlv8\\lib\\reader.js:94:20\n    at Array.forEach (<anonymous>)\n    at Query.routeStatementError (C:\\Users\\samue\\Desktop\\Api_WasteLess\\node_modules\\msnodesqlv8\\lib\\reader.js:84:19)\n    at C:\\Users\\samue\\Desktop\\Api_WasteLess\\node_modules\\msnodesqlv8\\lib\\reader.js:436:12","timestamp":"2026-06-09T06:19:49.965Z"}
{"level":"error","message":"[Microsoft][ODBC Driver 17 for SQL Server][SQL Server]Violation of UNIQUE KEY constraint 'UQ_Roles_nombre'. Cannot insert duplicate key in object 'dbo.Roles'. The duplicate key value is (Roldeprueba).","method":"POST","path":"/api/roles","stack":"RequestError: [Microsoft][ODBC Driver 17 for SQL Server][SQL Server]Violation of UNIQUE KEY constraint 'UQ_Roles_nombre'. Cannot insert duplicate key in object 'dbo.Roles'. The duplicate key value is (Roldeprueba).\n    at handleError (C:\\Users\\samue\\Desktop\\Api_WasteLess\\node_modules\\mssql\\lib\\msnodesqlv8\\request.js:291:21)\n    at StreamEvents.emit (node:events:518:28)\n    at C:\\Users\\samue\\Desktop\\Api_WasteLess\\node_modules\\msnodesqlv8\\lib\\reader.js:94:20\n    at Array.forEach (<anonymous>)\n    at Query.routeStatementError (C:\\Users\\samue\\Desktop\\Api_WasteLess\\node_modules\\msnodesqlv8\\lib\\reader.js:84:19)\n    at C:\\Users\\samue\\Desktop\\Api_WasteLess\\node_modules\\msnodesqlv8\\lib\\reader.js:436:12","timestamp":"2026-06-09T06:20:33.027Z"}
{"level":"error","message":"[Microsoft][ODBC Driver 17 for SQL Server][SQL Server]Violation of UNIQUE KEY constraint 'UQ_Roles_nombre'. Cannot insert duplicate key in object 'dbo.Roles'. The duplicate key value is (Roldeprueba).","method":"POST","path":"/api/roles","stack":"RequestError: [Microsoft][ODBC Driver 17 for SQL Server][SQL Server]Violation of UNIQUE KEY constraint 'UQ_Roles_nombre'. Cannot insert duplicate key in object 'dbo.Roles'. The duplicate key value is (Roldeprueba).\n    at handleError (C:\\Users\\samue\\Desktop\\Api_WasteLess\\node_modules\\mssql\\lib\\msnodesqlv8\\request.js:291:21)\n    at StreamEvents.emit (node:events:518:28)\n    at C:\\Users\\samue\\Desktop\\Api_WasteLess\\node_modules\\msnodesqlv8\\lib\\reader.js:94:20\n    at Array.forEach (<anonymous>)\n    at Query.routeStatementError (C:\\Users\\samue\\Desktop\\Api_WasteLess\\node_modules\\msnodesqlv8\\lib\\reader.js:84:19)\n    at C:\\Users\\samue\\Desktop\\Api_WasteLess\\node_modules\\msnodesqlv8\\lib\\reader.js:436:12","timestamp":"2026-06-09T06:20:37.103Z"}
{"level":"error","message":"[Microsoft][ODBC Driver 17 for SQL Server][SQL Server]Violation of UNIQUE KEY constraint 'UQ_Roles_nombre'. Cannot insert duplicate key in object 'dbo.Roles'. The duplicate key value is (Roldeprueba).","method":"POST","path":"/api/roles","stack":"RequestError: [Microsoft][ODBC Driver 17 for SQL Server][SQL Server]Violation of UNIQUE KEY constraint 'UQ_Roles_nombre'. Cannot insert duplicate key in object 'dbo.Roles'. The duplicate key value is (Roldeprueba).\n    at handleError (C:\\Users\\samue\\Desktop\\Api_WasteLess\\node_modules\\mssql\\lib\\msnodesqlv8\\request.js:291:21)\n    at StreamEvents.emit (node:events:518:28)\n    at C:\\Users\\samue\\Desktop\\Api_WasteLess\\node_modules\\msnodesqlv8\\lib\\reader.js:94:20\n    at Array.forEach (<anonymous>)\n    at Query.routeStatementError (C:\\Users\\samue\\Desktop\\Api_WasteLess\\node_modules\\msnodesqlv8\\lib\\reader.js:84:19)\n    at C:\\Users\\samue\\Desktop\\Api_WasteLess\\node_modules\\msnodesqlv8\\lib\\reader.js:436:12","timestamp":"2026-06-09T06:22:26.477Z"}
{"level":"info","message":"Conexión a SQL Server establecida","timestamp":"2026-06-09T06:23:25.099Z"}
{"level":"info","message":"Tablas Roles, Permisos y RolPermiso verificadas","timestamp":"2026-06-09T06:23:25.194Z"}
{"level":"info","message":"Permisos base verificados","timestamp":"2026-06-09T06:23:25.200Z"}
{"level":"info","message":"Tabla Usuarios verificada","timestamp":"2026-06-09T06:23:25.233Z"}
{"level":"info","message":"Tablas Sesiones y RecuperacionPassword verificadas","timestamp":"2026-06-09T06:23:25.249Z"}
{"level":"info","message":"Tablas CategoriasPlatillo y Platillos verificadas","timestamp":"2026-06-09T06:23:25.287Z"}
{"level":"info","message":"✅ Tablas Ciudades y Empresas verificadas","timestamp":"2026-06-09T06:23:25.328Z"}
{"level":"info","message":"✅ Ciudades base verificadas","timestamp":"2026-06-09T06:23:25.335Z"}
{"level":"info","message":"Servidor corriendo en http://localhost:3000","timestamp":"2026-06-09T06:23:25.339Z"}
{"level":"error","message":"[Microsoft][ODBC Driver 17 for SQL Server][SQL Server]Violation of UNIQUE KEY constraint 'UQ_Roles_nombre'. Cannot insert duplicate key in object 'dbo.Roles'. The duplicate key value is (Roldeprueba).","method":"POST","path":"/api/roles","stack":"RequestError: [Microsoft][ODBC Driver 17 for SQL Server][SQL Server]Violation of UNIQUE KEY constraint 'UQ_Roles_nombre'. Cannot insert duplicate key in object 'dbo.Roles'. The duplicate key value is (Roldeprueba).\n    at handleError (C:\\Users\\samue\\Desktop\\Api_WasteLess\\node_modules\\mssql\\lib\\msnodesqlv8\\request.js:291:21)\n    at StreamEvents.emit (node:events:518:28)\n    at C:\\Users\\samue\\Desktop\\Api_WasteLess\\node_modules\\msnodesqlv8\\lib\\reader.js:94:20\n    at Array.forEach (<anonymous>)\n    at Query.routeStatementError (C:\\Users\\samue\\Desktop\\Api_WasteLess\\node_modules\\msnodesqlv8\\lib\\reader.js:84:19)\n    at C:\\Users\\samue\\Desktop\\Api_WasteLess\\node_modules\\msnodesqlv8\\lib\\reader.js:436:12","timestamp":"2026-06-09T06:24:05.800Z"}
{"level":"error","message":"[Microsoft][ODBC Driver 17 for SQL Server][SQL Server]Violation of UNIQUE KEY constraint 'UQ_Roles_nombre'. Cannot insert duplicate key in object 'dbo.Roles'. The duplicate key value is (Roldeprueba).","method":"POST","path":"/api/roles","stack":"RequestError: [Microsoft][ODBC Driver 17 for SQL Server][SQL Server]Violation of UNIQUE KEY constraint 'UQ_Roles_nombre'. Cannot insert duplicate key in object 'dbo.Roles'. The duplicate key value is (Roldeprueba).\n    at handleError (C:\\Users\\samue\\Desktop\\Api_WasteLess\\node_modules\\mssql\\lib\\msnodesqlv8\\request.js:291:21)\n    at StreamEvents.emit (node:events:518:28)\n    at C:\\Users\\samue\\Desktop\\Api_WasteLess\\node_modules\\msnodesqlv8\\lib\\reader.js:94:20\n    at Array.forEach (<anonymous>)\n    at Query.routeStatementError (C:\\Users\\samue\\Desktop\\Api_WasteLess\\node_modules\\msnodesqlv8\\lib\\reader.js:84:19)\n    at C:\\Users\\samue\\Desktop\\Api_WasteLess\\node_modules\\msnodesqlv8\\lib\\reader.js:436:12","timestamp":"2026-06-09T06:24:19.330Z"}
{"level":"info","message":{"action":"CREATE_ROLE","idRol":"23","nombre":"Roldepureba"},"timestamp":"2026-06-09T06:25:03.111Z"}
{"level":"info","message":{"action":"DELETE_ROLE","idRol":23},"timestamp":"2026-06-09T06:25:14.337Z"}
{"level":"error","message":"[Microsoft][ODBC Driver 17 for SQL Server][SQL Server]Violation of UNIQUE KEY constraint 'UQ_Roles_nombre'. Cannot insert duplicate key in object 'dbo.Roles'. The duplicate key value is (Roldeprueba).","method":"POST","path":"/api/roles","stack":"RequestError: [Microsoft][ODBC Driver 17 for SQL Server][SQL Server]Violation of UNIQUE KEY constraint 'UQ_Roles_nombre'. Cannot insert duplicate key in object 'dbo.Roles'. The duplicate key value is (Roldeprueba).\n    at handleError (C:\\Users\\samue\\Desktop\\Api_WasteLess\\node_modules\\mssql\\lib\\msnodesqlv8\\request.js:291:21)\n    at StreamEvents.emit (node:events:518:28)\n    at C:\\Users\\samue\\Desktop\\Api_WasteLess\\node_modules\\msnodesqlv8\\lib\\reader.js:94:20\n    at Array.forEach (<anonymous>)\n    at Query.routeStatementError (C:\\Users\\samue\\Desktop\\Api_WasteLess\\node_modules\\msnodesqlv8\\lib\\reader.js:84:19)\n    at C:\\Users\\samue\\Desktop\\Api_WasteLess\\node_modules\\msnodesqlv8\\lib\\reader.js:436:12","timestamp":"2026-06-09T06:26:09.936Z"}
{"level":"info","message":"Conexión a SQL Server establecida","timestamp":"2026-06-09T06:26:55.542Z"}
{"level":"info","message":"Tablas Roles, Permisos y RolPermiso verificadas","timestamp":"2026-06-09T06:26:55.697Z"}
{"level":"info","message":"Permisos base verificados","timestamp":"2026-06-09T06:26:55.707Z"}
{"level":"info","message":"Tabla Usuarios verificada","timestamp":"2026-06-09T06:26:55.778Z"}
{"level":"info","message":"Tablas Sesiones y RecuperacionPassword verificadas","timestamp":"2026-06-09T06:26:55.818Z"}
{"level":"info","message":"Tablas CategoriasPlatillo y Platillos verificadas","timestamp":"2026-06-09T06:26:55.897Z"}
{"level":"info","message":"✅ Tablas Ciudades y Empresas verificadas","timestamp":"2026-06-09T06:26:55.970Z"}
{"level":"info","message":"✅ Ciudades base verificadas","timestamp":"2026-06-09T06:26:55.980Z"}
{"level":"info","message":"Servidor corriendo en http://localhost:3000","timestamp":"2026-06-09T06:26:55.984Z"}
{"level":"info","message":"Conexión a SQL Server establecida","timestamp":"2026-06-09T06:26:56.912Z"}
{"level":"info","message":"Tablas Roles, Permisos y RolPermiso verificadas","timestamp":"2026-06-09T06:26:56.939Z"}
{"level":"info","message":"Permisos base verificados","timestamp":"2026-06-09T06:26:56.943Z"}
{"level":"info","message":"Tabla Usuarios verificada","timestamp":"2026-06-09T06:26:56.949Z"}
{"level":"info","message":"Tablas Sesiones y RecuperacionPassword verificadas","timestamp":"2026-06-09T06:26:56.953Z"}
{"level":"info","message":"Tablas CategoriasPlatillo y Platillos verificadas","timestamp":"2026-06-09T06:26:56.958Z"}
{"level":"info","message":"✅ Tablas Ciudades y Empresas verificadas","timestamp":"2026-06-09T06:26:56.961Z"}
{"level":"info","message":"✅ Ciudades base verificadas","timestamp":"2026-06-09T06:26:56.964Z"}
{"level":"info","message":"Servidor corriendo en http://localhost:3000","timestamp":"2026-06-09T06:26:56.966Z"}
{"level":"info","message":"Conexión a SQL Server establecida","timestamp":"2026-06-09T06:27:07.531Z"}
{"level":"info","message":"Tablas Roles, Permisos y RolPermiso verificadas","timestamp":"2026-06-09T06:27:07.600Z"}
{"level":"info","message":"Permisos base verificados","timestamp":"2026-06-09T06:27:07.606Z"}
{"level":"info","message":"Tabla Usuarios verificada","timestamp":"2026-06-09T06:27:07.630Z"}
{"level":"info","message":"Tablas Sesiones y RecuperacionPassword verificadas","timestamp":"2026-06-09T06:27:07.698Z"}
{"level":"info","message":"Tablas CategoriasPlatillo y Platillos verificadas","timestamp":"2026-06-09T06:27:07.787Z"}
{"level":"info","message":"✅ Tablas Ciudades y Empresas verificadas","timestamp":"2026-06-09T06:27:07.826Z"}
{"level":"info","message":"✅ Ciudades base verificadas","timestamp":"2026-06-09T06:27:07.835Z"}
{"level":"info","message":"Servidor corriendo en http://localhost:3000","timestamp":"2026-06-09T06:27:07.840Z"}
{"level":"error","message":"[Microsoft][ODBC Driver 17 for SQL Server][SQL Server]Violation of UNIQUE KEY constraint 'UQ_Roles_nombre'. Cannot insert duplicate key in object 'dbo.Roles'. The duplicate key value is (Roldeprueba).","method":"POST","path":"/api/roles","stack":"RequestError: [Microsoft][ODBC Driver 17 for SQL Server][SQL Server]Violation of UNIQUE KEY constraint 'UQ_Roles_nombre'. Cannot insert duplicate key in object 'dbo.Roles'. The duplicate key value is (Roldeprueba).\n    at handleError (C:\\Users\\samue\\Desktop\\Api_WasteLess\\node_modules\\mssql\\lib\\msnodesqlv8\\request.js:291:21)\n    at StreamEvents.emit (node:events:518:28)\n    at C:\\Users\\samue\\Desktop\\Api_WasteLess\\node_modules\\msnodesqlv8\\lib\\reader.js:94:20\n    at Array.forEach (<anonymous>)\n    at Query.routeStatementError (C:\\Users\\samue\\Desktop\\Api_WasteLess\\node_modules\\msnodesqlv8\\lib\\reader.js:84:19)\n    at C:\\Users\\samue\\Desktop\\Api_WasteLess\\node_modules\\msnodesqlv8\\lib\\reader.js:436:12","timestamp":"2026-06-09T06:27:15.364Z"}
{"level":"info","message":"Conexión a SQL Server establecida","timestamp":"2026-06-09T06:28:20.816Z"}
{"level":"info","message":"Tablas Roles, Permisos y RolPermiso verificadas","timestamp":"2026-06-09T06:28:20.926Z"}
{"level":"info","message":"Permisos base verificados","timestamp":"2026-06-09T06:28:20.937Z"}
{"level":"info","message":"Tabla Usuarios verificada","timestamp":"2026-06-09T06:28:20.980Z"}
{"level":"info","message":"Tablas Sesiones y RecuperacionPassword verificadas","timestamp":"2026-06-09T06:28:20.999Z"}
{"level":"info","message":"Tablas CategoriasPlatillo y Platillos verificadas","timestamp":"2026-06-09T06:28:21.053Z"}
{"level":"info","message":"✅ Tablas Ciudades y Empresas verificadas","timestamp":"2026-06-09T06:28:21.113Z"}
{"level":"info","message":"✅ Ciudades base verificadas","timestamp":"2026-06-09T06:28:21.125Z"}
{"level":"info","message":"Servidor corriendo en http://localhost:3000","timestamp":"2026-06-09T06:28:21.131Z"}
{"level":"info","message":"Conexión a SQL Server establecida","timestamp":"2026-06-09T06:28:27.709Z"}
{"level":"info","message":"Tablas Roles, Permisos y RolPermiso verificadas","timestamp":"2026-06-09T06:28:27.824Z"}
{"level":"info","message":"Permisos base verificados","timestamp":"2026-06-09T06:28:27.837Z"}
{"level":"info","message":"Tabla Usuarios verificada","timestamp":"2026-06-09T06:28:27.953Z"}
{"level":"info","message":"Tablas Sesiones y RecuperacionPassword verificadas","timestamp":"2026-06-09T06:28:27.973Z"}
{"level":"info","message":"Tablas CategoriasPlatillo y Platillos verificadas","timestamp":"2026-06-09T06:28:28.021Z"}
{"level":"info","message":"✅ Tablas Ciudades y Empresas verificadas","timestamp":"2026-06-09T06:28:28.081Z"}
{"level":"info","message":"✅ Ciudades base verificadas","timestamp":"2026-06-09T06:28:28.090Z"}
{"level":"info","message":"Servidor corriendo en http://localhost:3000","timestamp":"2026-06-09T06:28:28.096Z"}
{"level":"error","message":"[Microsoft][ODBC Driver 17 for SQL Server][SQL Server]Violation of UNIQUE KEY constraint 'UQ_Roles_nombre'. Cannot insert duplicate key in object 'dbo.Roles'. The duplicate key value is (Roldeprueba).","method":"POST","path":"/api/roles","stack":"RequestError: [Microsoft][ODBC Driver 17 for SQL Server][SQL Server]Violation of UNIQUE KEY constraint 'UQ_Roles_nombre'. Cannot insert duplicate key in object 'dbo.Roles'. The duplicate key value is (Roldeprueba).\n    at handleError (C:\\Users\\samue\\Desktop\\Api_WasteLess\\node_modules\\mssql\\lib\\msnodesqlv8\\request.js:291:21)\n    at StreamEvents.emit (node:events:518:28)\n    at C:\\Users\\samue\\Desktop\\Api_WasteLess\\node_modules\\msnodesqlv8\\lib\\reader.js:94:20\n    at Array.forEach (<anonymous>)\n    at Query.routeStatementError (C:\\Users\\samue\\Desktop\\Api_WasteLess\\node_modules\\msnodesqlv8\\lib\\reader.js:84:19)\n    at C:\\Users\\samue\\Desktop\\Api_WasteLess\\node_modules\\msnodesqlv8\\lib\\reader.js:436:12","timestamp":"2026-06-09T06:28:34.920Z"}
{"level":"error","message":"[Microsoft][ODBC Driver 17 for SQL Server][SQL Server]Violation of UNIQUE KEY constraint 'UQ_Roles_nombre'. Cannot insert duplicate key in object 'dbo.Roles'. The duplicate key value is (Roldeprueba).","method":"POST","path":"/api/roles","stack":"RequestError: [Microsoft][ODBC Driver 17 for SQL Server][SQL Server]Violation of UNIQUE KEY constraint 'UQ_Roles_nombre'. Cannot insert duplicate key in object 'dbo.Roles'. The duplicate key value is (Roldeprueba).\n    at handleError (C:\\Users\\samue\\Desktop\\Api_WasteLess\\node_modules\\mssql\\lib\\msnodesqlv8\\request.js:291:21)\n    at StreamEvents.emit (node:events:518:28)\n    at C:\\Users\\samue\\Desktop\\Api_WasteLess\\node_modules\\msnodesqlv8\\lib\\reader.js:94:20\n    at Array.forEach (<anonymous>)\n    at Query.routeStatementError (C:\\Users\\samue\\Desktop\\Api_WasteLess\\node_modules\\msnodesqlv8\\lib\\reader.js:84:19)\n    at C:\\Users\\samue\\Desktop\\Api_WasteLess\\node_modules\\msnodesqlv8\\lib\\reader.js:436:12","timestamp":"2026-06-09T06:29:20.591Z"}
{"level":"info","message":"Conexión a SQL Server establecida","timestamp":"2026-06-09T06:33:13.065Z"}
{"level":"info","message":"Tablas Roles, Permisos y RolPermiso verificadas","timestamp":"2026-06-09T06:33:13.149Z"}
{"level":"info","message":"Permisos base verificados","timestamp":"2026-06-09T06:33:13.156Z"}
{"level":"info","message":"Tabla Usuarios verificada","timestamp":"2026-06-09T06:33:13.188Z"}
{"level":"info","message":"Tablas Sesiones y RecuperacionPassword verificadas","timestamp":"2026-06-09T06:33:13.202Z"}
{"level":"info","message":"Tablas CategoriasPlatillo y Platillos verificadas","timestamp":"2026-06-09T06:33:13.241Z"}
{"level":"info","message":"✅ Tablas Ciudades y Empresas verificadas","timestamp":"2026-06-09T06:33:13.280Z"}
{"level":"info","message":"✅ Ciudades base verificadas","timestamp":"2026-06-09T06:33:13.290Z"}
{"level":"info","message":"Servidor corriendo en http://localhost:3000","timestamp":"2026-06-09T06:33:13.295Z"}
{"level":"info","message":"Conexión a SQL Server establecida","timestamp":"2026-06-09T06:34:29.926Z"}
{"level":"info","message":"Tablas Roles, Permisos y RolPermiso verificadas","timestamp":"2026-06-09T06:34:29.995Z"}
{"level":"info","message":"Permisos base verificados","timestamp":"2026-06-09T06:34:30.002Z"}
{"level":"info","message":"Tabla Usuarios verificada","timestamp":"2026-06-09T06:34:30.029Z"}
{"level":"info","message":"Tablas Sesiones y RecuperacionPassword verificadas","timestamp":"2026-06-09T06:34:30.043Z"}
{"level":"info","message":"Tablas CategoriasPlatillo y Platillos verificadas","timestamp":"2026-06-09T06:34:30.076Z"}
{"level":"info","message":"✅ Tablas Ciudades y Empresas verificadas","timestamp":"2026-06-09T06:34:30.117Z"}
{"level":"info","message":"✅ Ciudades base verificadas","timestamp":"2026-06-09T06:34:30.124Z"}
{"level":"info","message":"Servidor corriendo en http://localhost:3000","timestamp":"2026-06-09T06:34:30.129Z"}
{"level":"info","message":{"action":"CREATE_ROLE","idRol":"28","nombre":"Roldeprueba"},"timestamp":"2026-06-09T06:34:40.891Z"}
{"level":"info","message":{"action":"DELETE_ROLE","idRol":28},"timestamp":"2026-06-09T06:34:48.641Z"}
{"level":"info","message":{"action":"CREATE_ROLE","idRol":"29","nombre":"Roldeprueba"},"timestamp":"2026-06-09T06:35:19.860Z"}
{"level":"error","message":"\"nombre\" is required","method":"PUT","path":"/api/roles/29","stack":"Error: \"nombre\" is required\n    at update (C:\\Users\\samue\\Desktop\\Api_WasteLess\\src\\modules\\configuracion\\roles\\interfaces\\controllers\\RoleController.js:54:24)\n    at Layer.handleRequest (C:\\Users\\samue\\Desktop\\Api_WasteLess\\node_modules\\router\\lib\\layer.js:152:17)\n    at next (C:\\Users\\samue\\Desktop\\Api_WasteLess\\node_modules\\router\\lib\\route.js:157:13)\n    at C:\\Users\\samue\\Desktop\\Api_WasteLess\\src\\shared\\middleware\\authorize.js:11:5\n    at Layer.handleRequest (C:\\Users\\samue\\Desktop\\Api_WasteLess\\node_modules\\router\\lib\\layer.js:152:17)\n    at next (C:\\Users\\samue\\Desktop\\Api_WasteLess\\node_modules\\router\\lib\\route.js:157:13)\n    at Route.dispatch (C:\\Users\\samue\\Desktop\\Api_WasteLess\\node_modules\\router\\lib\\route.js:117:3)\n    at handle (C:\\Users\\samue\\Desktop\\Api_WasteLess\\node_modules\\router\\index.js:435:11)\n    at Layer.handleRequest (C:\\Users\\samue\\Desktop\\Api_WasteLess\\node_modules\\router\\lib\\layer.js:152:17)\n    at C:\\Users\\samue\\Desktop\\Api_WasteLess\\node_modules\\router\\index.js:295:15","timestamp":"2026-06-09T06:35:29.556Z"}
{"level":"info","message":{"action":"LOGIN","email":"admin@wasteless.com","idUsuario":"1","ip":"::1"},"timestamp":"2026-06-09T06:39:10.513Z"}
{"level":"error","message":"\"permisos\" is not allowed","method":"PUT","path":"/api/roles/1","stack":"Error: \"permisos\" is not allowed\n    at update (C:\\Users\\samue\\Desktop\\Api_WasteLess\\src\\modules\\configuracion\\roles\\interfaces\\controllers\\RoleController.js:54:24)\n    at Layer.handleRequest (C:\\Users\\samue\\Desktop\\Api_WasteLess\\node_modules\\router\\lib\\layer.js:152:17)\n    at next (C:\\Users\\samue\\Desktop\\Api_WasteLess\\node_modules\\router\\lib\\route.js:157:13)\n    at C:\\Users\\samue\\Desktop\\Api_WasteLess\\src\\shared\\middleware\\authorize.js:11:5\n    at Layer.handleRequest (C:\\Users\\samue\\Desktop\\Api_WasteLess\\node_modules\\router\\lib\\layer.js:152:17)\n    at next (C:\\Users\\samue\\Desktop\\Api_WasteLess\\node_modules\\router\\lib\\route.js:157:13)\n    at Route.dispatch (C:\\Users\\samue\\Desktop\\Api_WasteLess\\node_modules\\router\\lib\\route.js:117:3)\n    at handle (C:\\Users\\samue\\Desktop\\Api_WasteLess\\node_modules\\router\\index.js:435:11)\n    at Layer.handleRequest (C:\\Users\\samue\\Desktop\\Api_WasteLess\\node_modules\\router\\lib\\layer.js:152:17)\n    at C:\\Users\\samue\\Desktop\\Api_WasteLess\\node_modules\\router\\index.js:295:15","timestamp":"2026-06-09T06:39:10.613Z"}
{"level":"info","message":{"action":"LOGIN","email":"admin@wasteless.com","idUsuario":"1","ip":"::1"},"timestamp":"2026-06-09T22:52:11.469Z"}
{"level":"info","message":{"action":"CREATE_ROLE","idRol":"30","nombre":"Secretaria"},"timestamp":"2026-06-09T22:53:22.637Z"}
{"level":"info","message":{"action":"ASSIGN_PERMISSIONS","idRol":30,"permisos":[5,9,13]},"timestamp":"2026-06-09T22:53:22.895Z"}
{"level":"info","message":{"action":"DELETE_ROLE","idRol":30},"timestamp":"2026-06-09T22:53:35.645Z"}
{"level":"info","message":{"action":"UPDATE_ROLE","idRol":29,"nombre":"Roldeprueba"},"timestamp":"2026-06-09T23:02:16.897Z"}
{"level":"error","message":"[Microsoft][ODBC Driver 17 for SQL Server][SQL Server]Violation of PRIMARY KEY constraint 'PK__RolPermi__4CED773ED6D3C984'. Cannot insert duplicate key in object 'dbo.RolPermiso'. The duplicate key value is (29, 1).","method":"PUT","path":"/api/roles/29/permissions","stack":"RequestError: [Microsoft][ODBC Driver 17 for SQL Server][SQL Server]Violation of PRIMARY KEY constraint 'PK__RolPermi__4CED773ED6D3C984'. Cannot insert duplicate key in object 'dbo.RolPermiso'. The duplicate key value is (29, 1).\n    at handleError (C:\\Users\\samue\\Desktop\\Api_WasteLess\\node_modules\\mssql\\lib\\msnodesqlv8\\request.js:291:21)\n    at StreamEvents.emit (node:events:518:28)\n    at C:\\Users\\samue\\Desktop\\Api_WasteLess\\node_modules\\msnodesqlv8\\lib\\reader.js:94:20\n    at Array.forEach (<anonymous>)\n    at Query.routeStatementError (C:\\Users\\samue\\Desktop\\Api_WasteLess\\node_modules\\msnodesqlv8\\lib\\reader.js:84:19)\n    at C:\\Users\\samue\\Desktop\\Api_WasteLess\\node_modules\\msnodesqlv8\\lib\\reader.js:436:12","timestamp":"2026-06-09T23:02:17.090Z"}
{"level":"info","message":{"action":"UPDATE_ROLE","idRol":29,"nombre":"Roldeprueba"},"timestamp":"2026-06-09T23:11:27.130Z"}
{"level":"error","message":"[Microsoft][ODBC Driver 17 for SQL Server][SQL Server]Violation of PRIMARY KEY constraint 'PK__RolPermi__4CED773ED6D3C984'. Cannot insert duplicate key in object 'dbo.RolPermiso'. The duplicate key value is (29, 1).","method":"PUT","path":"/api/roles/29/permissions","stack":"RequestError: [Microsoft][ODBC Driver 17 for SQL Server][SQL Server]Violation of PRIMARY KEY constraint 'PK__RolPermi__4CED773ED6D3C984'. Cannot insert duplicate key in object 'dbo.RolPermiso'. The duplicate key value is (29, 1).\n    at handleError (C:\\Users\\samue\\Desktop\\Api_WasteLess\\node_modules\\mssql\\lib\\msnodesqlv8\\request.js:291:21)\n    at StreamEvents.emit (node:events:518:28)\n    at C:\\Users\\samue\\Desktop\\Api_WasteLess\\node_modules\\msnodesqlv8\\lib\\reader.js:94:20\n    at Array.forEach (<anonymous>)\n    at Query.routeStatementError (C:\\Users\\samue\\Desktop\\Api_WasteLess\\node_modules\\msnodesqlv8\\lib\\reader.js:84:19)\n    at C:\\Users\\samue\\Desktop\\Api_WasteLess\\node_modules\\msnodesqlv8\\lib\\reader.js:436:12","timestamp":"2026-06-09T23:11:27.272Z"}
{"level":"info","message":{"action":"LOGIN","email":"admin@wasteless.com","idUsuario":"1","ip":"::1"},"timestamp":"2026-06-09T23:15:08.276Z"}
{"level":"info","message":{"action":"DELETE_ROLE","idRol":29},"timestamp":"2026-06-09T23:15:32.692Z"}
{"level":"info","message":{"action":"CREATE_ROLE","idRol":"31","nombre":"Roldeprueba"},"timestamp":"2026-06-09T23:16:06.287Z"}
{"level":"info","message":{"action":"ASSIGN_PERMISSIONS","idRol":31,"permisos":[1,3,2,4,5,7,6,8,9,11,10,12,13,15,14,16]},"timestamp":"2026-06-09T23:16:06.397Z"}
{"level":"info","message":{"action":"LOGIN","email":"admin@wasteless.com","idUsuario":"1","ip":"::1"},"timestamp":"2026-06-09T23:23:56.593Z"}
{"level":"info","message":{"action":"CREATE_ROLE","idRol":"32","nombre":"hola"},"timestamp":"2026-06-09T23:24:15.811Z"}
{"level":"info","message":{"action":"ASSIGN_PERMISSIONS","idRol":32,"permisos":[1,3,2,4]},"timestamp":"2026-06-09T23:24:15.871Z"}
{"level":"info","message":{"action":"DELETE_ROLE","idRol":32},"timestamp":"2026-06-09T23:24:22.777Z"}
{"level":"info","message":{"action":"LOGIN","email":"admin@wasteless.com","idUsuario":"1","ip":"::1"},"timestamp":"2026-06-09T23:28:25.465Z"}
{"level":"info","message":{"action":"CHANGE_ROLE_STATUS","estado":"inactivo","idRol":31},"timestamp":"2026-06-09T23:28:52.600Z"}
{"level":"info","message":{"action":"CHANGE_ROLE_STATUS","estado":"activo","idRol":31},"timestamp":"2026-06-09T23:28:56.341Z"}
{"level":"info","message":{"action":"CHANGE_ROLE_STATUS","estado":"inactivo","idRol":5},"timestamp":"2026-06-09T23:28:57.947Z"}
{"level":"info","message":{"action":"CHANGE_ROLE_STATUS","estado":"activo","idRol":5},"timestamp":"2026-06-09T23:28:58.708Z"}
{"level":"info","message":{"action":"CHANGE_ROLE_STATUS","estado":"inactivo","idRol":3},"timestamp":"2026-06-09T23:28:59.792Z"}
{"level":"info","message":{"action":"CHANGE_ROLE_STATUS","estado":"activo","idRol":3},"timestamp":"2026-06-09T23:29:00.485Z"}
{"level":"info","message":{"action":"CHANGE_ROLE_STATUS","estado":"inactivo","idRol":2},"timestamp":"2026-06-09T23:29:01.525Z"}
{"level":"info","message":{"action":"CHANGE_ROLE_STATUS","estado":"activo","idRol":2},"timestamp":"2026-06-09T23:29:02.071Z"}
{"level":"info","message":{"action":"CHANGE_ROLE_STATUS","estado":"inactivo","idRol":31},"timestamp":"2026-06-09T23:29:23.204Z"}
{"level":"info","message":{"action":"CHANGE_ROLE_STATUS","estado":"activo","idRol":31},"timestamp":"2026-06-09T23:29:24.380Z"}
{"level":"info","message":{"action":"CHANGE_ROLE_STATUS","estado":"inactivo","idRol":5},"timestamp":"2026-06-09T23:29:26.579Z"}
{"level":"info","message":{"action":"CHANGE_ROLE_STATUS","estado":"activo","idRol":5},"timestamp":"2026-06-09T23:29:27.083Z"}
{"level":"info","message":{"action":"LOGIN","email":"admin@wasteless.com","idUsuario":"1","ip":"::1"},"timestamp":"2026-06-09T23:47:52.995Z"}
{"level":"info","message":{"action":"LOGIN","email":"admin@wasteless.com","idUsuario":"1","ip":"::1"},"timestamp":"2026-06-10T00:10:23.679Z"}
{"level":"info","message":{"action":"UPDATE_ROLE","idRol":31,"nombre":"Roldeprueba"},"timestamp":"2026-06-10T00:14:29.200Z"}
{"level":"info","message":{"action":"ASSIGN_PERMISSIONS","idRol":31,"permisos":[2,3,4,5,6,7,8,9,10,11,12,13,14,15,16]},"timestamp":"2026-06-10T00:14:29.267Z"}
{"level":"info","message":{"action":"UPDATE_ROLE","idRol":31,"nombre":"Roldeprueba"},"timestamp":"2026-06-10T00:14:35.570Z"}
{"level":"info","message":{"action":"ASSIGN_PERMISSIONS","idRol":31,"permisos":[2,3,4,5,6,7,8,9,10,11,12,13,14,15,16,1]},"timestamp":"2026-06-10T00:14:35.637Z"}
{"level":"info","message":{"action":"CHANGE_ROLE_STATUS","estado":"inactivo","idRol":31},"timestamp":"2026-06-10T00:14:39.562Z"}
{"level":"info","message":{"action":"CHANGE_ROLE_STATUS","estado":"activo","idRol":31},"timestamp":"2026-06-10T00:14:42.397Z"}
{"level":"info","message":{"action":"DELETE_ROLE","idRol":31},"timestamp":"2026-06-10T00:14:51.464Z"}
{"level":"info","message":{"action":"LOGIN","email":"admin@wasteless.com","idUsuario":"1","ip":"::1"},"timestamp":"2026-06-10T00:15:11.392Z"}
{"level":"info","message":{"action":"LOGIN","email":"admin@wasteless.com","idUsuario":"1","ip":"::1"},"timestamp":"2026-06-10T00:19:37.496Z"}
{"level":"info","message":{"action":"LOGIN","email":"admin@wasteless.com","idUsuario":"1","ip":"::1"},"timestamp":"2026-06-10T00:24:06.657Z"}
{"level":"error","message":"\"password\" is required","method":"POST","path":"/api/users","stack":"Error: \"password\" is required\n    at create (C:\\Users\\samue\\Desktop\\Api_WasteLess\\src\\modules\\usuarios\\gestion-usuarios\\interfaces\\controllers\\UserController.js:24:24)\n    at Layer.handleRequest (C:\\Users\\samue\\Desktop\\Api_WasteLess\\node_modules\\router\\lib\\layer.js:152:17)\n    at next (C:\\Users\\samue\\Desktop\\Api_WasteLess\\node_modules\\router\\lib\\route.js:157:13)\n    at C:\\Users\\samue\\Desktop\\Api_WasteLess\\src\\shared\\middleware\\authorize.js:11:5\n    at Layer.handleRequest (C:\\Users\\samue\\Desktop\\Api_WasteLess\\node_modules\\router\\lib\\layer.js:152:17)\n    at next (C:\\Users\\samue\\Desktop\\Api_WasteLess\\node_modules\\router\\lib\\route.js:157:13)\n    at Route.dispatch (C:\\Users\\samue\\Desktop\\Api_WasteLess\\node_modules\\router\\lib\\route.js:117:3)\n    at handle (C:\\Users\\samue\\Desktop\\Api_WasteLess\\node_modules\\router\\index.js:435:11)\n    at Layer.handleRequest (C:\\Users\\samue\\Desktop\\Api_WasteLess\\node_modules\\router\\lib\\layer.js:152:17)\n    at C:\\Users\\samue\\Desktop\\Api_WasteLess\\node_modules\\router\\index.js:295:15","timestamp":"2026-06-10T00:24:06.671Z"}
{"level":"error","message":"\"password\" is required","method":"POST","path":"/api/users","stack":"Error: \"password\" is required\n    at create (C:\\Users\\samue\\Desktop\\Api_WasteLess\\src\\modules\\usuarios\\gestion-usuarios\\interfaces\\controllers\\UserController.js:24:24)\n    at Layer.handleRequest (C:\\Users\\samue\\Desktop\\Api_WasteLess\\node_modules\\router\\lib\\layer.js:152:17)\n    at next (C:\\Users\\samue\\Desktop\\Api_WasteLess\\node_modules\\router\\lib\\route.js:157:13)\n    at C:\\Users\\samue\\Desktop\\Api_WasteLess\\src\\shared\\middleware\\authorize.js:11:5\n    at Layer.handleRequest (C:\\Users\\samue\\Desktop\\Api_WasteLess\\node_modules\\router\\lib\\layer.js:152:17)\n    at next (C:\\Users\\samue\\Desktop\\Api_WasteLess\\node_modules\\router\\lib\\route.js:157:13)\n    at Route.dispatch (C:\\Users\\samue\\Desktop\\Api_WasteLess\\node_modules\\router\\lib\\route.js:117:3)\n    at handle (C:\\Users\\samue\\Desktop\\Api_WasteLess\\node_modules\\router\\index.js:435:11)\n    at Layer.handleRequest (C:\\Users\\samue\\Desktop\\Api_WasteLess\\node_modules\\router\\lib\\layer.js:152:17)\n    at C:\\Users\\samue\\Desktop\\Api_WasteLess\\node_modules\\router\\index.js:295:15","timestamp":"2026-06-10T00:24:24.860Z"}
{"level":"info","message":{"action":"LOGIN","email":"admin@wasteless.com","idUsuario":"1","ip":"::1"},"timestamp":"2026-06-10T00:24:36.609Z"}
{"level":"error","message":"\"password\" is required","method":"POST","path":"/api/users","stack":"Error: \"password\" is required\n    at create (C:\\Users\\samue\\Desktop\\Api_WasteLess\\src\\modules\\usuarios\\gestion-usuarios\\interfaces\\controllers\\UserController.js:24:24)\n    at Layer.handleRequest (C:\\Users\\samue\\Desktop\\Api_WasteLess\\node_modules\\router\\lib\\layer.js:152:17)\n    at next (C:\\Users\\samue\\Desktop\\Api_WasteLess\\node_modules\\router\\lib\\route.js:157:13)\n    at C:\\Users\\samue\\Desktop\\Api_WasteLess\\src\\shared\\middleware\\authorize.js:11:5\n    at Layer.handleRequest (C:\\Users\\samue\\Desktop\\Api_WasteLess\\node_modules\\router\\lib\\layer.js:152:17)\n    at next (C:\\Users\\samue\\Desktop\\Api_WasteLess\\node_modules\\router\\lib\\route.js:157:13)\n    at Route.dispatch (C:\\Users\\samue\\Desktop\\Api_WasteLess\\node_modules\\router\\lib\\route.js:117:3)\n    at handle (C:\\Users\\samue\\Desktop\\Api_WasteLess\\node_modules\\router\\index.js:435:11)\n    at Layer.handleRequest (C:\\Users\\samue\\Desktop\\Api_WasteLess\\node_modules\\router\\lib\\layer.js:152:17)\n    at C:\\Users\\samue\\Desktop\\Api_WasteLess\\node_modules\\router\\index.js:295:15","timestamp":"2026-06-10T00:24:36.617Z"}
{"level":"info","message":{"action":"CREATE_USER","email":"test@test.com","idUsuario":"4"},"timestamp":"2026-06-10T00:25:09.155Z"}
{"level":"error","message":"[Microsoft][ODBC Driver 17 for SQL Server][SQL Server]Violation of UNIQUE KEY constraint 'UQ_Usuarios_documento'. Cannot insert duplicate key in object 'dbo.Usuarios'. The duplicate key value is (1025762827).","method":"POST","path":"/api/users","stack":"RequestError: [Microsoft][ODBC Driver 17 for SQL Server][SQL Server]Violation of UNIQUE KEY constraint 'UQ_Usuarios_documento'. Cannot insert duplicate key in object 'dbo.Usuarios'. The duplicate key value is (1025762827).\n    at handleError (C:\\Users\\samue\\Desktop\\Api_WasteLess\\node_modules\\mssql\\lib\\msnodesqlv8\\request.js:291:21)\n    at StreamEvents.emit (node:events:518:28)\n    at C:\\Users\\samue\\Desktop\\Api_WasteLess\\node_modules\\msnodesqlv8\\lib\\reader.js:94:20\n    at Array.forEach (<anonymous>)\n    at Query.routeStatementError (C:\\Users\\samue\\Desktop\\Api_WasteLess\\node_modules\\msnodesqlv8\\lib\\reader.js:84:19)\n    at C:\\Users\\samue\\Desktop\\Api_WasteLess\\node_modules\\msnodesqlv8\\lib\\reader.js:436:12","timestamp":"2026-06-10T00:32:03.170Z"}
{"level":"error","message":"[Microsoft][ODBC Driver 17 for SQL Server][SQL Server]Violation of UNIQUE KEY constraint 'UQ_Usuarios_documento'. Cannot insert duplicate key in object 'dbo.Usuarios'. The duplicate key value is (1025762827).","method":"POST","path":"/api/users","stack":"RequestError: [Microsoft][ODBC Driver 17 for SQL Server][SQL Server]Violation of UNIQUE KEY constraint 'UQ_Usuarios_documento'. Cannot insert duplicate key in object 'dbo.Usuarios'. The duplicate key value is (1025762827).\n    at handleError (C:\\Users\\samue\\Desktop\\Api_WasteLess\\node_modules\\mssql\\lib\\msnodesqlv8\\request.js:291:21)\n    at StreamEvents.emit (node:events:518:28)\n    at C:\\Users\\samue\\Desktop\\Api_WasteLess\\node_modules\\msnodesqlv8\\lib\\reader.js:94:20\n    at Array.forEach (<anonymous>)\n    at Query.routeStatementError (C:\\Users\\samue\\Desktop\\Api_WasteLess\\node_modules\\msnodesqlv8\\lib\\reader.js:84:19)\n    at C:\\Users\\samue\\Desktop\\Api_WasteLess\\node_modules\\msnodesqlv8\\lib\\reader.js:436:12","timestamp":"2026-06-10T00:36:34.602Z"}
{"level":"info","message":{"action":"LOGIN","email":"admin@wasteless.com","idUsuario":"1","ip":"::1"},"timestamp":"2026-06-10T00:37:43.289Z"}
{"level":"error","message":"[Microsoft][ODBC Driver 17 for SQL Server][SQL Server]Violation of UNIQUE KEY constraint 'UQ_Usuarios_documento'. Cannot insert duplicate key in object 'dbo.Usuarios'. The duplicate key value is (1025762827).","method":"POST","path":"/api/users","stack":"RequestError: [Microsoft][ODBC Driver 17 for SQL Server][SQL Server]Violation of UNIQUE KEY constraint 'UQ_Usuarios_documento'. Cannot insert duplicate key in object 'dbo.Usuarios'. The duplicate key value is (1025762827).\n    at handleError (C:\\Users\\samue\\Desktop\\Api_WasteLess\\node_modules\\mssql\\lib\\msnodesqlv8\\request.js:291:21)\n    at StreamEvents.emit (node:events:518:28)\n    at C:\\Users\\samue\\Desktop\\Api_WasteLess\\node_modules\\msnodesqlv8\\lib\\reader.js:94:20\n    at Array.forEach (<anonymous>)\n    at Query.routeStatementError (C:\\Users\\samue\\Desktop\\Api_WasteLess\\node_modules\\msnodesqlv8\\lib\\reader.js:84:19)\n    at C:\\Users\\samue\\Desktop\\Api_WasteLess\\node_modules\\msnodesqlv8\\lib\\reader.js:436:12","timestamp":"2026-06-10T00:38:24.667Z"}
{"level":"info","message":{"action":"CREATE_USER","email":"test2@test.com","idUsuario":"8"},"timestamp":"2026-06-10T00:39:06.531Z"}
{"level":"info","message":"Conexión a SQL Server establecida","timestamp":"2026-06-10T01:03:28.322Z"}
{"level":"info","message":"Tablas Roles, Permisos y RolPermiso verificadas","timestamp":"2026-06-10T01:03:28.453Z"}
{"level":"info","message":"Permisos base verificados","timestamp":"2026-06-10T01:03:28.469Z"}
{"level":"info","message":"Tabla Usuarios verificada","timestamp":"2026-06-10T01:03:28.549Z"}
{"level":"info","message":"Tablas Sesiones y RecuperacionPassword verificadas","timestamp":"2026-06-10T01:03:28.589Z"}
{"level":"info","message":"Tablas CategoriasPlatillo y Platillos verificadas","timestamp":"2026-06-10T01:03:28.653Z"}
{"level":"info","message":"✅ Tablas Ciudades y Empresas verificadas","timestamp":"2026-06-10T01:03:28.715Z"}
{"level":"info","message":"✅ Ciudades base verificadas","timestamp":"2026-06-10T01:03:28.731Z"}
{"level":"info","message":"Servidor corriendo en http://localhost:3000","timestamp":"2026-06-10T01:03:28.741Z"}
{"level":"info","message":"Conexión a SQL Server establecida","timestamp":"2026-06-10T01:04:00.060Z"}
{"level":"info","message":"Tablas Roles, Permisos y RolPermiso verificadas","timestamp":"2026-06-10T01:04:00.217Z"}
{"level":"info","message":"Permisos base verificados","timestamp":"2026-06-10T01:04:00.232Z"}
{"level":"info","message":"Tabla Usuarios verificada","timestamp":"2026-06-10T01:04:00.307Z"}
{"level":"info","message":"Tablas Sesiones y RecuperacionPassword verificadas","timestamp":"2026-06-10T01:04:00.358Z"}
{"level":"info","message":"Tablas CategoriasPlatillo y Platillos verificadas","timestamp":"2026-06-10T01:04:00.416Z"}
{"level":"info","message":"✅ Tablas Ciudades y Empresas verificadas","timestamp":"2026-06-10T01:04:00.486Z"}
{"level":"info","message":"✅ Ciudades base verificadas","timestamp":"2026-06-10T01:04:00.499Z"}
{"level":"info","message":"Servidor corriendo en http://localhost:3000","timestamp":"2026-06-10T01:04:00.506Z"}
{"level":"error","message":"[Microsoft][ODBC Driver 17 for SQL Server][SQL Server]Violation of UNIQUE KEY constraint 'UQ_Usuarios_documento'. Cannot insert duplicate key in object 'dbo.Usuarios'. The duplicate key value is (1025762827).","method":"POST","path":"/api/users","stack":"RequestError: [Microsoft][ODBC Driver 17 for SQL Server][SQL Server]Violation of UNIQUE KEY constraint 'UQ_Usuarios_documento'. Cannot insert duplicate key in object 'dbo.Usuarios'. The duplicate key value is (1025762827).\n    at handleError (C:\\Users\\samue\\Desktop\\Api_WasteLess\\node_modules\\mssql\\lib\\msnodesqlv8\\request.js:291:21)\n    at StreamEvents.emit (node:events:518:28)\n    at C:\\Users\\samue\\Desktop\\Api_WasteLess\\node_modules\\msnodesqlv8\\lib\\reader.js:94:20\n    at Array.forEach (<anonymous>)\n    at Query.routeStatementError (C:\\Users\\samue\\Desktop\\Api_WasteLess\\node_modules\\msnodesqlv8\\lib\\reader.js:84:19)\n    at C:\\Users\\samue\\Desktop\\Api_WasteLess\\node_modules\\msnodesqlv8\\lib\\reader.js:436:12","timestamp":"2026-06-10T01:04:52.015Z"}
{"level":"info","message":{"action":"CREATE_USER","email":"samuelurregoh2@gmail.com","idUsuario":"10"},"timestamp":"2026-06-10T01:05:53.966Z"}
{"level":"error","message":"\"email\" is not allowed","method":"PUT","path":"/api/users/10","stack":"Error: \"email\" is not allowed\n    at update (C:\\Users\\samue\\Desktop\\Api_WasteLess\\src\\modules\\usuarios\\gestion-usuarios\\interfaces\\controllers\\UserController.js:59:24)\n    at Layer.handleRequest (C:\\Users\\samue\\Desktop\\Api_WasteLess\\node_modules\\router\\lib\\layer.js:152:17)\n    at next (C:\\Users\\samue\\Desktop\\Api_WasteLess\\node_modules\\router\\lib\\route.js:157:13)\n    at C:\\Users\\samue\\Desktop\\Api_WasteLess\\src\\shared\\middleware\\authorize.js:11:5\n    at Layer.handleRequest (C:\\Users\\samue\\Desktop\\Api_WasteLess\\node_modules\\router\\lib\\layer.js:152:17)\n    at next (C:\\Users\\samue\\Desktop\\Api_WasteLess\\node_modules\\router\\lib\\route.js:157:13)\n    at Route.dispatch (C:\\Users\\samue\\Desktop\\Api_WasteLess\\node_modules\\router\\lib\\route.js:117:3)\n    at handle (C:\\Users\\samue\\Desktop\\Api_WasteLess\\node_modules\\router\\index.js:435:11)\n    at Layer.handleRequest (C:\\Users\\samue\\Desktop\\Api_WasteLess\\node_modules\\router\\lib\\layer.js:152:17)\n    at C:\\Users\\samue\\Desktop\\Api_WasteLess\\node_modules\\router\\index.js:295:15","timestamp":"2026-06-10T01:06:28.921Z"}
{"level":"error","message":"\"email\" is not allowed","method":"PUT","path":"/api/users/10","stack":"Error: \"email\" is not allowed\n    at update (C:\\Users\\samue\\Desktop\\Api_WasteLess\\src\\modules\\usuarios\\gestion-usuarios\\interfaces\\controllers\\UserController.js:59:24)\n    at Layer.handleRequest (C:\\Users\\samue\\Desktop\\Api_WasteLess\\node_modules\\router\\lib\\layer.js:152:17)\n    at next (C:\\Users\\samue\\Desktop\\Api_WasteLess\\node_modules\\router\\lib\\route.js:157:13)\n    at C:\\Users\\samue\\Desktop\\Api_WasteLess\\src\\shared\\middleware\\authorize.js:11:5\n    at Layer.handleRequest (C:\\Users\\samue\\Desktop\\Api_WasteLess\\node_modules\\router\\lib\\layer.js:152:17)\n    at next (C:\\Users\\samue\\Desktop\\Api_WasteLess\\node_modules\\router\\lib\\route.js:157:13)\n    at Route.dispatch (C:\\Users\\samue\\Desktop\\Api_WasteLess\\node_modules\\router\\lib\\route.js:117:3)\n    at handle (C:\\Users\\samue\\Desktop\\Api_WasteLess\\node_modules\\router\\index.js:435:11)\n    at Layer.handleRequest (C:\\Users\\samue\\Desktop\\Api_WasteLess\\node_modules\\router\\lib\\layer.js:152:17)\n    at C:\\Users\\samue\\Desktop\\Api_WasteLess\\node_modules\\router\\index.js:295:15","timestamp":"2026-06-10T01:06:44.824Z"}
{"level":"error","message":"\"email\" is not allowed","method":"PUT","path":"/api/users/10","stack":"Error: \"email\" is not allowed\n    at update (C:\\Users\\samue\\Desktop\\Api_WasteLess\\src\\modules\\usuarios\\gestion-usuarios\\interfaces\\controllers\\UserController.js:59:24)\n    at Layer.handleRequest (C:\\Users\\samue\\Desktop\\Api_WasteLess\\node_modules\\router\\lib\\layer.js:152:17)\n    at next (C:\\Users\\samue\\Desktop\\Api_WasteLess\\node_modules\\router\\lib\\route.js:157:13)\n    at C:\\Users\\samue\\Desktop\\Api_WasteLess\\src\\shared\\middleware\\authorize.js:11:5\n    at Layer.handleRequest (C:\\Users\\samue\\Desktop\\Api_WasteLess\\node_modules\\router\\lib\\layer.js:152:17)\n    at next (C:\\Users\\samue\\Desktop\\Api_WasteLess\\node_modules\\router\\lib\\route.js:157:13)\n    at Route.dispatch (C:\\Users\\samue\\Desktop\\Api_WasteLess\\node_modules\\router\\lib\\route.js:117:3)\n    at handle (C:\\Users\\samue\\Desktop\\Api_WasteLess\\node_modules\\router\\index.js:435:11)\n    at Layer.handleRequest (C:\\Users\\samue\\Desktop\\Api_WasteLess\\node_modules\\router\\lib\\layer.js:152:17)\n    at C:\\Users\\samue\\Desktop\\Api_WasteLess\\node_modules\\router\\index.js:295:15","timestamp":"2026-06-10T01:06:53.010Z"}
{"level":"error","message":"\"email\" is not allowed","method":"PUT","path":"/api/users/10","stack":"Error: \"email\" is not allowed\n    at update (C:\\Users\\samue\\Desktop\\Api_WasteLess\\src\\modules\\usuarios\\gestion-usuarios\\interfaces\\controllers\\UserController.js:59:24)\n    at Layer.handleRequest (C:\\Users\\samue\\Desktop\\Api_WasteLess\\node_modules\\router\\lib\\layer.js:152:17)\n    at next (C:\\Users\\samue\\Desktop\\Api_WasteLess\\node_modules\\router\\lib\\route.js:157:13)\n    at C:\\Users\\samue\\Desktop\\Api_WasteLess\\src\\shared\\middleware\\authorize.js:11:5\n    at Layer.handleRequest (C:\\Users\\samue\\Desktop\\Api_WasteLess\\node_modules\\router\\lib\\layer.js:152:17)\n    at next (C:\\Users\\samue\\Desktop\\Api_WasteLess\\node_modules\\router\\lib\\route.js:157:13)\n    at Route.dispatch (C:\\Users\\samue\\Desktop\\Api_WasteLess\\node_modules\\router\\lib\\route.js:117:3)\n    at handle (C:\\Users\\samue\\Desktop\\Api_WasteLess\\node_modules\\router\\index.js:435:11)\n    at Layer.handleRequest (C:\\Users\\samue\\Desktop\\Api_WasteLess\\node_modules\\router\\lib\\layer.js:152:17)\n    at C:\\Users\\samue\\Desktop\\Api_WasteLess\\node_modules\\router\\index.js:295:15","timestamp":"2026-06-10T01:06:57.282Z"}
{"level":"info","message":{"action":"DELETE_USER","idUsuario":10},"timestamp":"2026-06-10T01:07:07.164Z"}
{"level":"error","message":"[Microsoft][ODBC Driver 17 for SQL Server][SQL Server]Violation of UNIQUE KEY constraint 'UQ_Usuarios_documento'. Cannot insert duplicate key in object 'dbo.Usuarios'. The duplicate key value is (1025762827).","method":"POST","path":"/api/users","stack":"RequestError: [Microsoft][ODBC Driver 17 for SQL Server][SQL Server]Violation of UNIQUE KEY constraint 'UQ_Usuarios_documento'. Cannot insert duplicate key in object 'dbo.Usuarios'. The duplicate key value is (1025762827).\n    at handleError (C:\\Users\\samue\\Desktop\\Api_WasteLess\\node_modules\\mssql\\lib\\msnodesqlv8\\request.js:291:21)\n    at StreamEvents.emit (node:events:518:28)\n    at C:\\Users\\samue\\Desktop\\Api_WasteLess\\node_modules\\msnodesqlv8\\lib\\reader.js:94:20\n    at Array.forEach (<anonymous>)\n    at Query.routeStatementError (C:\\Users\\samue\\Desktop\\Api_WasteLess\\node_modules\\msnodesqlv8\\lib\\reader.js:84:19)\n    at C:\\Users\\samue\\Desktop\\Api_WasteLess\\node_modules\\msnodesqlv8\\lib\\reader.js:436:12","timestamp":"2026-06-10T01:07:28.977Z"}
{"level":"info","message":{"action":"DELETE_ROLE","idRol":5},"timestamp":"2026-06-10T01:07:46.718Z"}
{"level":"info","message":{"action":"LOGIN","email":"admin@wasteless.com","idUsuario":"1","ip":"::1"},"timestamp":"2026-06-10T01:17:50.377Z"}
{"level":"error","message":"[Microsoft][ODBC Driver 17 for SQL Server][SQL Server]Violation of UNIQUE KEY constraint 'UQ_Usuarios_documento'. Cannot insert duplicate key in object 'dbo.Usuarios'. The duplicate key value is (1025762827).","method":"POST","path":"/api/users","stack":"RequestError: [Microsoft][ODBC Driver 17 for SQL Server][SQL Server]Violation of UNIQUE KEY constraint 'UQ_Usuarios_documento'. Cannot insert duplicate key in object 'dbo.Usuarios'. The duplicate key value is (1025762827).\n    at handleError (C:\\Users\\samue\\Desktop\\Api_WasteLess\\node_modules\\mssql\\lib\\msnodesqlv8\\request.js:291:21)\n    at StreamEvents.emit (node:events:518:28)\n    at C:\\Users\\samue\\Desktop\\Api_WasteLess\\node_modules\\msnodesqlv8\\lib\\reader.js:94:20\n    at Array.forEach (<anonymous>)\n    at Query.routeStatementError (C:\\Users\\samue\\Desktop\\Api_WasteLess\\node_modules\\msnodesqlv8\\lib\\reader.js:84:19)\n    at C:\\Users\\samue\\Desktop\\Api_WasteLess\\node_modules\\msnodesqlv8\\lib\\reader.js:436:12","timestamp":"2026-06-10T01:18:22.904Z"}
{"level":"error","message":"[Microsoft][ODBC Driver 17 for SQL Server][SQL Server]Violation of UNIQUE KEY constraint 'UQ_Usuarios_documento'. Cannot insert duplicate key in object 'dbo.Usuarios'. The duplicate key value is (1025762827).","method":"POST","path":"/api/users","stack":"RequestError: [Microsoft][ODBC Driver 17 for SQL Server][SQL Server]Violation of UNIQUE KEY constraint 'UQ_Usuarios_documento'. Cannot insert duplicate key in object 'dbo.Usuarios'. The duplicate key value is (1025762827).\n    at handleError (C:\\Users\\samue\\Desktop\\Api_WasteLess\\node_modules\\mssql\\lib\\msnodesqlv8\\request.js:291:21)\n    at StreamEvents.emit (node:events:518:28)\n    at C:\\Users\\samue\\Desktop\\Api_WasteLess\\node_modules\\msnodesqlv8\\lib\\reader.js:94:20\n    at Array.forEach (<anonymous>)\n    at Query.routeStatementError (C:\\Users\\samue\\Desktop\\Api_WasteLess\\node_modules\\msnodesqlv8\\lib\\reader.js:84:19)\n    at C:\\Users\\samue\\Desktop\\Api_WasteLess\\node_modules\\msnodesqlv8\\lib\\reader.js:436:12","timestamp":"2026-06-10T01:18:36.376Z"}
{"level":"error","message":"[Microsoft][ODBC Driver 17 for SQL Server][SQL Server]Violation of UNIQUE KEY constraint 'UQ_Usuarios_documento'. Cannot insert duplicate key in object 'dbo.Usuarios'. The duplicate key value is (1025762827).","method":"POST","path":"/api/users","stack":"RequestError: [Microsoft][ODBC Driver 17 for SQL Server][SQL Server]Violation of UNIQUE KEY constraint 'UQ_Usuarios_documento'. Cannot insert duplicate key in object 'dbo.Usuarios'. The duplicate key value is (1025762827).\n    at handleError (C:\\Users\\samue\\Desktop\\Api_WasteLess\\node_modules\\mssql\\lib\\msnodesqlv8\\request.js:291:21)\n    at StreamEvents.emit (node:events:518:28)\n    at C:\\Users\\samue\\Desktop\\Api_WasteLess\\node_modules\\msnodesqlv8\\lib\\reader.js:94:20\n    at Array.forEach (<anonymous>)\n    at Query.routeStatementError (C:\\Users\\samue\\Desktop\\Api_WasteLess\\node_modules\\msnodesqlv8\\lib\\reader.js:84:19)\n    at C:\\Users\\samue\\Desktop\\Api_WasteLess\\node_modules\\msnodesqlv8\\lib\\reader.js:436:12","timestamp":"2026-06-10T01:19:34.534Z"}
{"level":"error","message":"[Microsoft][ODBC Driver 17 for SQL Server][SQL Server]Violation of UNIQUE KEY constraint 'UQ_Usuarios_documento'. Cannot insert duplicate key in object 'dbo.Usuarios'. The duplicate key value is (1025762827).","method":"POST","path":"/api/users","stack":"RequestError: [Microsoft][ODBC Driver 17 for SQL Server][SQL Server]Violation of UNIQUE KEY constraint 'UQ_Usuarios_documento'. Cannot insert duplicate key in object 'dbo.Usuarios'. The duplicate key value is (1025762827).\n    at handleError (C:\\Users\\samue\\Desktop\\Api_WasteLess\\node_modules\\mssql\\lib\\msnodesqlv8\\request.js:291:21)\n    at StreamEvents.emit (node:events:518:28)\n    at C:\\Users\\samue\\Desktop\\Api_WasteLess\\node_modules\\msnodesqlv8\\lib\\reader.js:94:20\n    at Array.forEach (<anonymous>)\n    at Query.routeStatementError (C:\\Users\\samue\\Desktop\\Api_WasteLess\\node_modules\\msnodesqlv8\\lib\\reader.js:84:19)\n    at C:\\Users\\samue\\Desktop\\Api_WasteLess\\node_modules\\msnodesqlv8\\lib\\reader.js:436:12","timestamp":"2026-06-10T01:20:08.098Z"}
{"level":"error","message":"[Microsoft][ODBC Driver 17 for SQL Server][SQL Server]Violation of UNIQUE KEY constraint 'UQ_Usuarios_email'. Cannot insert duplicate key in object 'dbo.Usuarios'. The duplicate key value is (samuelurrego4@gmail.com).","method":"POST","path":"/api/users","stack":"RequestError: [Microsoft][ODBC Driver 17 for SQL Server][SQL Server]Violation of UNIQUE KEY constraint 'UQ_Usuarios_email'. Cannot insert duplicate key in object 'dbo.Usuarios'. The duplicate key value is (samuelurrego4@gmail.com).\n    at handleError (C:\\Users\\samue\\Desktop\\Api_WasteLess\\node_modules\\mssql\\lib\\msnodesqlv8\\request.js:291:21)\n    at StreamEvents.emit (node:events:518:28)\n    at C:\\Users\\samue\\Desktop\\Api_WasteLess\\node_modules\\msnodesqlv8\\lib\\reader.js:94:20\n    at Array.forEach (<anonymous>)\n    at Query.routeStatementError (C:\\Users\\samue\\Desktop\\Api_WasteLess\\node_modules\\msnodesqlv8\\lib\\reader.js:84:19)\n    at C:\\Users\\samue\\Desktop\\Api_WasteLess\\node_modules\\msnodesqlv8\\lib\\reader.js:436:12","timestamp":"2026-06-10T01:25:24.603Z"}
{"level":"info","message":"Conexión a SQL Server establecida","timestamp":"2026-06-10T01:27:15.997Z"}
{"level":"info","message":"Tablas Roles, Permisos y RolPermiso verificadas","timestamp":"2026-06-10T01:27:16.084Z"}
{"level":"info","message":"Permisos base verificados","timestamp":"2026-06-10T01:27:16.092Z"}
{"level":"info","message":"Tabla Usuarios verificada","timestamp":"2026-06-10T01:27:16.125Z"}
{"level":"info","message":"Tablas Sesiones y RecuperacionPassword verificadas","timestamp":"2026-06-10T01:27:16.141Z"}
{"level":"info","message":"Tablas CategoriasPlatillo y Platillos verificadas","timestamp":"2026-06-10T01:27:16.184Z"}
{"level":"info","message":"✅ Tablas Ciudades y Empresas verificadas","timestamp":"2026-06-10T01:27:16.228Z"}
{"level":"info","message":"✅ Ciudades base verificadas","timestamp":"2026-06-10T01:27:16.237Z"}
{"level":"info","message":"Servidor corriendo en http://localhost:3000","timestamp":"2026-06-10T01:27:16.242Z"}
{"level":"error","message":"[Microsoft][ODBC Driver 17 for SQL Server][SQL Server]Violation of UNIQUE KEY constraint 'UQ_Usuarios_documento'. Cannot insert duplicate key in object 'dbo.Usuarios'. The duplicate key value is (1025762827).","method":"POST","path":"/api/users","stack":"RequestError: [Microsoft][ODBC Driver 17 for SQL Server][SQL Server]Violation of UNIQUE KEY constraint 'UQ_Usuarios_documento'. Cannot insert duplicate key in object 'dbo.Usuarios'. The duplicate key value is (1025762827).\n    at handleError (C:\\Users\\samue\\Desktop\\Api_WasteLess\\node_modules\\mssql\\lib\\msnodesqlv8\\request.js:291:21)\n    at StreamEvents.emit (node:events:518:28)\n    at C:\\Users\\samue\\Desktop\\Api_WasteLess\\node_modules\\msnodesqlv8\\lib\\reader.js:94:20\n    at Array.forEach (<anonymous>)\n    at Query.routeStatementError (C:\\Users\\samue\\Desktop\\Api_WasteLess\\node_modules\\msnodesqlv8\\lib\\reader.js:84:19)\n    at C:\\Users\\samue\\Desktop\\Api_WasteLess\\node_modules\\msnodesqlv8\\lib\\reader.js:436:12","timestamp":"2026-06-10T01:27:37.306Z"}
{"level":"error","message":"[Microsoft][ODBC Driver 17 for SQL Server][SQL Server]Violation of UNIQUE KEY constraint 'UQ_Usuarios_email'. Cannot insert duplicate key in object 'dbo.Usuarios'. The duplicate key value is (samuelurrego4@gmail.com).","method":"POST","path":"/api/users","stack":"RequestError: [Microsoft][ODBC Driver 17 for SQL Server][SQL Server]Violation of UNIQUE KEY constraint 'UQ_Usuarios_email'. Cannot insert duplicate key in object 'dbo.Usuarios'. The duplicate key value is (samuelurrego4@gmail.com).\n    at handleError (C:\\Users\\samue\\Desktop\\Api_WasteLess\\node_modules\\mssql\\lib\\msnodesqlv8\\request.js:291:21)\n    at StreamEvents.emit (node:events:518:28)\n    at C:\\Users\\samue\\Desktop\\Api_WasteLess\\node_modules\\msnodesqlv8\\lib\\reader.js:94:20\n    at Array.forEach (<anonymous>)\n    at Query.routeStatementError (C:\\Users\\samue\\Desktop\\Api_WasteLess\\node_modules\\msnodesqlv8\\lib\\reader.js:84:19)\n    at C:\\Users\\samue\\Desktop\\Api_WasteLess\\node_modules\\msnodesqlv8\\lib\\reader.js:436:12","timestamp":"2026-06-10T01:28:01.838Z"}
{"level":"error","message":"[Microsoft][ODBC Driver 17 for SQL Server][SQL Server]Violation of UNIQUE KEY constraint 'UQ_Usuarios_email'. Cannot insert duplicate key in object 'dbo.Usuarios'. The duplicate key value is (samuelurregoh2@gmail.com).","method":"POST","path":"/api/users","stack":"RequestError: [Microsoft][ODBC Driver 17 for SQL Server][SQL Server]Violation of UNIQUE KEY constraint 'UQ_Usuarios_email'. Cannot insert duplicate key in object 'dbo.Usuarios'. The duplicate key value is (samuelurregoh2@gmail.com).\n    at handleError (C:\\Users\\samue\\Desktop\\Api_WasteLess\\node_modules\\mssql\\lib\\msnodesqlv8\\request.js:291:21)\n    at StreamEvents.emit (node:events:518:28)\n    at C:\\Users\\samue\\Desktop\\Api_WasteLess\\node_modules\\msnodesqlv8\\lib\\reader.js:94:20\n    at Array.forEach (<anonymous>)\n    at Query.routeStatementError (C:\\Users\\samue\\Desktop\\Api_WasteLess\\node_modules\\msnodesqlv8\\lib\\reader.js:84:19)\n    at C:\\Users\\samue\\Desktop\\Api_WasteLess\\node_modules\\msnodesqlv8\\lib\\reader.js:436:12","timestamp":"2026-06-10T01:28:36.521Z"}
{"level":"info","message":{"action":"CREATE_USER","email":"samuelurregoh3@gmail.com","idUsuario":"20"},"timestamp":"2026-06-10T01:29:12.419Z"}
{"level":"info","message":{"action":"CHANGE_USER_STATUS","estado":"inactivo","idUsuario":20},"timestamp":"2026-06-10T01:29:37.930Z"}
{"level":"info","message":{"action":"CHANGE_USER_STATUS","estado":"activo","idUsuario":20},"timestamp":"2026-06-10T01:29:39.652Z"}
{"level":"error","message":"\"email\" is not allowed","method":"PUT","path":"/api/users/20","stack":"Error: \"email\" is not allowed\n    at update (C:\\Users\\samue\\Desktop\\Api_WasteLess\\src\\modules\\usuarios\\gestion-usuarios\\interfaces\\controllers\\UserController.js:59:24)\n    at Layer.handleRequest (C:\\Users\\samue\\Desktop\\Api_WasteLess\\node_modules\\router\\lib\\layer.js:152:17)\n    at next (C:\\Users\\samue\\Desktop\\Api_WasteLess\\node_modules\\router\\lib\\route.js:157:13)\n    at C:\\Users\\samue\\Desktop\\Api_WasteLess\\src\\shared\\middleware\\authorize.js:11:5\n    at Layer.handleRequest (C:\\Users\\samue\\Desktop\\Api_WasteLess\\node_modules\\router\\lib\\layer.js:152:17)\n    at next (C:\\Users\\samue\\Desktop\\Api_WasteLess\\node_modules\\router\\lib\\route.js:157:13)\n    at Route.dispatch (C:\\Users\\samue\\Desktop\\Api_WasteLess\\node_modules\\router\\lib\\route.js:117:3)\n    at handle (C:\\Users\\samue\\Desktop\\Api_WasteLess\\node_modules\\router\\index.js:435:11)\n    at Layer.handleRequest (C:\\Users\\samue\\Desktop\\Api_WasteLess\\node_modules\\router\\lib\\layer.js:152:17)\n    at C:\\Users\\samue\\Desktop\\Api_WasteLess\\node_modules\\router\\index.js:295:15","timestamp":"2026-06-10T01:29:45.136Z"}
{"level":"error","message":"\"email\" is not allowed","method":"PUT","path":"/api/users/20","stack":"Error: \"email\" is not allowed\n    at update (C:\\Users\\samue\\Desktop\\Api_WasteLess\\src\\modules\\usuarios\\gestion-usuarios\\interfaces\\controllers\\UserController.js:59:24)\n    at Layer.handleRequest (C:\\Users\\samue\\Desktop\\Api_WasteLess\\node_modules\\router\\lib\\layer.js:152:17)\n    at next (C:\\Users\\samue\\Desktop\\Api_WasteLess\\node_modules\\router\\lib\\route.js:157:13)\n    at C:\\Users\\samue\\Desktop\\Api_WasteLess\\src\\shared\\middleware\\authorize.js:11:5\n    at Layer.handleRequest (C:\\Users\\samue\\Desktop\\Api_WasteLess\\node_modules\\router\\lib\\layer.js:152:17)\n    at next (C:\\Users\\samue\\Desktop\\Api_WasteLess\\node_modules\\router\\lib\\route.js:157:13)\n    at Route.dispatch (C:\\Users\\samue\\Desktop\\Api_WasteLess\\node_modules\\router\\lib\\route.js:117:3)\n    at handle (C:\\Users\\samue\\Desktop\\Api_WasteLess\\node_modules\\router\\index.js:435:11)\n    at Layer.handleRequest (C:\\Users\\samue\\Desktop\\Api_WasteLess\\node_modules\\router\\lib\\layer.js:152:17)\n    at C:\\Users\\samue\\Desktop\\Api_WasteLess\\node_modules\\router\\index.js:295:15","timestamp":"2026-06-10T01:29:57.746Z"}
{"level":"info","message":"Conexión a SQL Server establecida","timestamp":"2026-06-10T01:32:53.224Z"}
{"level":"info","message":"Tablas Roles, Permisos y RolPermiso verificadas","timestamp":"2026-06-10T01:32:53.309Z"}
{"level":"info","message":"Permisos base verificados","timestamp":"2026-06-10T01:32:53.318Z"}
{"level":"info","message":"Tabla Usuarios verificada","timestamp":"2026-06-10T01:32:53.352Z"}
{"level":"info","message":"Tablas Sesiones y RecuperacionPassword verificadas","timestamp":"2026-06-10T01:32:53.368Z"}
{"level":"info","message":"Tablas CategoriasPlatillo y Platillos verificadas","timestamp":"2026-06-10T01:32:53.423Z"}
{"level":"info","message":"✅ Tablas Ciudades y Empresas verificadas","timestamp":"2026-06-10T01:32:53.482Z"}
{"level":"info","message":"✅ Ciudades base verificadas","timestamp":"2026-06-10T01:32:53.490Z"}
{"level":"info","message":"Servidor corriendo en http://localhost:3000","timestamp":"2026-06-10T01:32:53.498Z"}
{"level":"info","message":"Conexión a SQL Server establecida","timestamp":"2026-06-10T01:32:58.116Z"}
{"level":"info","message":"Tablas Roles, Permisos y RolPermiso verificadas","timestamp":"2026-06-10T01:32:58.198Z"}
{"level":"info","message":"Permisos base verificados","timestamp":"2026-06-10T01:32:58.211Z"}
{"level":"info","message":"Tabla Usuarios verificada","timestamp":"2026-06-10T01:32:58.247Z"}
{"level":"info","message":"Tablas Sesiones y RecuperacionPassword verificadas","timestamp":"2026-06-10T01:32:58.264Z"}
{"level":"info","message":"Tablas CategoriasPlatillo y Platillos verificadas","timestamp":"2026-06-10T01:32:58.306Z"}
{"level":"info","message":"✅ Tablas Ciudades y Empresas verificadas","timestamp":"2026-06-10T01:32:58.360Z"}
{"level":"info","message":"✅ Ciudades base verificadas","timestamp":"2026-06-10T01:32:58.368Z"}
{"level":"info","message":"Servidor corriendo en http://localhost:3000","timestamp":"2026-06-10T01:32:58.374Z"}
{"level":"info","message":"Conexión a SQL Server establecida","timestamp":"2026-06-10T01:34:10.348Z"}
{"level":"info","message":"Tablas Roles, Permisos y RolPermiso verificadas","timestamp":"2026-06-10T01:34:10.453Z"}
{"level":"info","message":"Permisos base verificados","timestamp":"2026-06-10T01:34:10.460Z"}
{"level":"info","message":"Tabla Usuarios verificada","timestamp":"2026-06-10T01:34:10.489Z"}
{"level":"info","message":"Tablas Sesiones y RecuperacionPassword verificadas","timestamp":"2026-06-10T01:34:10.503Z"}
{"level":"info","message":"Tablas CategoriasPlatillo y Platillos verificadas","timestamp":"2026-06-10T01:34:10.540Z"}
{"level":"info","message":"✅ Tablas Ciudades y Empresas verificadas","timestamp":"2026-06-10T01:34:10.582Z"}
{"level":"info","message":"✅ Ciudades base verificadas","timestamp":"2026-06-10T01:34:10.589Z"}
{"level":"info","message":"Servidor corriendo en http://localhost:3000","timestamp":"2026-06-10T01:34:10.596Z"}
{"level":"info","message":"Conexión a SQL Server establecida","timestamp":"2026-06-10T01:34:20.277Z"}
{"level":"info","message":"Tablas Roles, Permisos y RolPermiso verificadas","timestamp":"2026-06-10T01:34:20.343Z"}
{"level":"info","message":"Permisos base verificados","timestamp":"2026-06-10T01:34:20.350Z"}
{"level":"info","message":"Tabla Usuarios verificada","timestamp":"2026-06-10T01:34:20.382Z"}
{"level":"info","message":"Tablas Sesiones y RecuperacionPassword verificadas","timestamp":"2026-06-10T01:34:20.396Z"}
{"level":"info","message":"Tablas CategoriasPlatillo y Platillos verificadas","timestamp":"2026-06-10T01:34:20.433Z"}
{"level":"info","message":"✅ Tablas Ciudades y Empresas verificadas","timestamp":"2026-06-10T01:34:20.476Z"}
{"level":"info","message":"✅ Ciudades base verificadas","timestamp":"2026-06-10T01:34:20.482Z"}
{"level":"info","message":"Servidor corriendo en http://localhost:3000","timestamp":"2026-06-10T01:34:20.487Z"}
{"level":"info","message":{"action":"UPDATE_USER","idUsuario":20},"timestamp":"2026-06-10T01:34:39.401Z"}
{"level":"info","message":{"action":"UPDATE_USER","idUsuario":20},"timestamp":"2026-06-10T01:34:45.836Z"}
{"level":"info","message":{"action":"CHANGE_USER_STATUS","estado":"inactivo","idUsuario":20},"timestamp":"2026-06-10T01:35:05.860Z"}
{"level":"info","message":{"action":"CHANGE_USER_STATUS","estado":"activo","idUsuario":20},"timestamp":"2026-06-10T01:35:06.829Z"}
{"level":"info","message":{"action":"DELETE_USER","idUsuario":20},"timestamp":"2026-06-10T01:35:09.521Z"}
{"level":"error","message":"[Microsoft][ODBC Driver 17 for SQL Server][SQL Server]Violation of UNIQUE KEY constraint 'UQ_Usuarios_documento'. Cannot insert duplicate key in object 'dbo.Usuarios'. The duplicate key value is (1025762828).","method":"POST","path":"/api/users","stack":"RequestError: [Microsoft][ODBC Driver 17 for SQL Server][SQL Server]Violation of UNIQUE KEY constraint 'UQ_Usuarios_documento'. Cannot insert duplicate key in object 'dbo.Usuarios'. The duplicate key value is (1025762828).\n    at handleError (C:\\Users\\samue\\Desktop\\Api_WasteLess\\node_modules\\mssql\\lib\\msnodesqlv8\\request.js:291:21)\n    at StreamEvents.emit (node:events:518:28)\n    at C:\\Users\\samue\\Desktop\\Api_WasteLess\\node_modules\\msnodesqlv8\\lib\\reader.js:94:20\n    at Array.forEach (<anonymous>)\n    at Query.routeStatementError (C:\\Users\\samue\\Desktop\\Api_WasteLess\\node_modules\\msnodesqlv8\\lib\\reader.js:84:19)\n    at C:\\Users\\samue\\Desktop\\Api_WasteLess\\node_modules\\msnodesqlv8\\lib\\reader.js:436:12","timestamp":"2026-06-10T01:35:33.866Z"}
{"level":"info","message":"Conexión a SQL Server establecida","timestamp":"2026-06-10T01:51:23.909Z"}
{"level":"info","message":"Tablas Roles, Permisos y RolPermiso verificadas","timestamp":"2026-06-10T01:51:24.025Z"}
{"level":"info","message":"Permisos base verificados","timestamp":"2026-06-10T01:51:24.033Z"}
{"level":"info","message":"Tabla Usuarios verificada","timestamp":"2026-06-10T01:51:24.082Z"}
{"level":"info","message":"Tablas Sesiones y RecuperacionPassword verificadas","timestamp":"2026-06-10T01:51:24.101Z"}
{"level":"info","message":"Tablas CategoriasPlatillo y Platillos verificadas","timestamp":"2026-06-10T01:51:24.160Z"}
{"level":"info","message":"✅ Tablas Ciudades y Empresas verificadas","timestamp":"2026-06-10T01:51:24.216Z"}
{"level":"info","message":"✅ Ciudades base verificadas","timestamp":"2026-06-10T01:51:24.224Z"}
{"level":"info","message":"Servidor corriendo en http://localhost:3000","timestamp":"2026-06-10T01:51:24.230Z"}
{"level":"error","message":"[Microsoft][ODBC Driver 17 for SQL Server][SQL Server]Violation of UNIQUE KEY constraint 'UQ_Usuarios_documento'. Cannot insert duplicate key in object 'dbo.Usuarios'. The duplicate key value is (1025762827).","method":"POST","path":"/api/users","stack":"RequestError: [Microsoft][ODBC Driver 17 for SQL Server][SQL Server]Violation of UNIQUE KEY constraint 'UQ_Usuarios_documento'. Cannot insert duplicate key in object 'dbo.Usuarios'. The duplicate key value is (1025762827).\n    at handleError (C:\\Users\\samue\\Desktop\\Api_WasteLess\\node_modules\\mssql\\lib\\msnodesqlv8\\request.js:291:21)\n    at StreamEvents.emit (node:events:518:28)\n    at C:\\Users\\samue\\Desktop\\Api_WasteLess\\node_modules\\msnodesqlv8\\lib\\reader.js:94:20\n    at Array.forEach (<anonymous>)\n    at Query.routeStatementError (C:\\Users\\samue\\Desktop\\Api_WasteLess\\node_modules\\msnodesqlv8\\lib\\reader.js:84:19)\n    at C:\\Users\\samue\\Desktop\\Api_WasteLess\\node_modules\\msnodesqlv8\\lib\\reader.js:436:12","timestamp":"2026-06-10T01:51:58.219Z"}
{"level":"error","message":"[Microsoft][ODBC Driver 17 for SQL Server][SQL Server]Violation of UNIQUE KEY constraint 'UQ_Usuarios_documento'. Cannot insert duplicate key in object 'dbo.Usuarios'. The duplicate key value is (1025762828).","method":"POST","path":"/api/users","stack":"RequestError: [Microsoft][ODBC Driver 17 for SQL Server][SQL Server]Violation of UNIQUE KEY constraint 'UQ_Usuarios_documento'. Cannot insert duplicate key in object 'dbo.Usuarios'. The duplicate key value is (1025762828).\n    at handleError (C:\\Users\\samue\\Desktop\\Api_WasteLess\\node_modules\\mssql\\lib\\msnodesqlv8\\request.js:291:21)\n    at StreamEvents.emit (node:events:518:28)\n    at C:\\Users\\samue\\Desktop\\Api_WasteLess\\node_modules\\msnodesqlv8\\lib\\reader.js:94:20\n    at Array.forEach (<anonymous>)\n    at Query.routeStatementError (C:\\Users\\samue\\Desktop\\Api_WasteLess\\node_modules\\msnodesqlv8\\lib\\reader.js:84:19)\n    at C:\\Users\\samue\\Desktop\\Api_WasteLess\\node_modules\\msnodesqlv8\\lib\\reader.js:436:12","timestamp":"2026-06-10T01:52:17.622Z"}
{"level":"info","message":"Conexión a SQL Server establecida","timestamp":"2026-06-10T01:52:46.778Z"}
{"level":"info","message":"Tablas Roles, Permisos y RolPermiso verificadas","timestamp":"2026-06-10T01:52:46.859Z"}
{"level":"info","message":"Permisos base verificados","timestamp":"2026-06-10T01:52:46.865Z"}
{"level":"info","message":"Tabla Usuarios verificada","timestamp":"2026-06-10T01:52:46.897Z"}
{"level":"info","message":"Tablas Sesiones y RecuperacionPassword verificadas","timestamp":"2026-06-10T01:52:46.909Z"}
{"level":"info","message":"Tablas CategoriasPlatillo y Platillos verificadas","timestamp":"2026-06-10T01:52:46.944Z"}
{"level":"info","message":"✅ Tablas Ciudades y Empresas verificadas","timestamp":"2026-06-10T01:52:46.984Z"}
{"level":"info","message":"✅ Ciudades base verificadas","timestamp":"2026-06-10T01:52:46.992Z"}
{"level":"info","message":"Servidor corriendo en http://localhost:3000","timestamp":"2026-06-10T01:52:46.997Z"}
{"level":"info","message":{"action":"LOGIN","email":"admin@wasteless.com","idUsuario":"1","ip":"::1"},"timestamp":"2026-06-10T01:53:44.624Z"}
{"level":"error","message":"[Microsoft][ODBC Driver 17 for SQL Server][SQL Server]Violation of UNIQUE KEY constraint 'UQ_Usuarios_documento'. Cannot insert duplicate key in object 'dbo.Usuarios'. The duplicate key value is (1025762828).","method":"POST","path":"/api/users","stack":"RequestError: [Microsoft][ODBC Driver 17 for SQL Server][SQL Server]Violation of UNIQUE KEY constraint 'UQ_Usuarios_documento'. Cannot insert duplicate key in object 'dbo.Usuarios'. The duplicate key value is (1025762828).\n    at handleError (C:\\Users\\samue\\Desktop\\Api_WasteLess\\node_modules\\mssql\\lib\\msnodesqlv8\\request.js:291:21)\n    at StreamEvents.emit (node:events:518:28)\n    at C:\\Users\\samue\\Desktop\\Api_WasteLess\\node_modules\\msnodesqlv8\\lib\\reader.js:94:20\n    at Array.forEach (<anonymous>)\n    at Query.routeStatementError (C:\\Users\\samue\\Desktop\\Api_WasteLess\\node_modules\\msnodesqlv8\\lib\\reader.js:84:19)\n    at C:\\Users\\samue\\Desktop\\Api_WasteLess\\node_modules\\msnodesqlv8\\lib\\reader.js:436:12","timestamp":"2026-06-10T01:54:09.896Z"}
{"level":"info","message":{"action":"CREATE_USER","email":"samuelurregoh4@gmail.com","idUsuario":"25"},"timestamp":"2026-06-10T01:55:19.594Z"}
{"level":"info","message":{"action":"DELETE_USER","idUsuario":25},"timestamp":"2026-06-10T01:55:25.932Z"}
{"level":"info","message":{"action":"CREATE_USER","email":"samuelurregoh4@gmail.com","idUsuario":"26"},"timestamp":"2026-06-10T01:55:45.768Z"}
{"level":"info","message":{"action":"LOGIN","email":"admin@wasteless.com","idUsuario":"1","ip":"::1"},"timestamp":"2026-06-10T02:14:34.454Z"}
{"level":"info","message":{"action":"CHANGE_USER_STATUS","estado":"inactivo","idUsuario":1},"timestamp":"2026-06-10T02:25:37.808Z"}
{"level":"info","message":{"action":"CHANGE_USER_STATUS","estado":"activo","idUsuario":1},"timestamp":"2026-06-10T02:25:38.707Z"}
{"level":"info","message":"Conexión a SQL Server establecida","timestamp":"2026-06-10T02:32:31.956Z"}
{"level":"info","message":"Tablas Roles, Permisos y RolPermiso verificadas","timestamp":"2026-06-10T02:32:32.165Z"}
{"level":"info","message":"Permisos base verificados","timestamp":"2026-06-10T02:32:32.259Z"}
{"level":"info","message":"Tabla Usuarios verificada","timestamp":"2026-06-10T02:32:32.723Z"}
{"level":"info","message":"Tablas Sesiones y RecuperacionPassword verificadas","timestamp":"2026-06-10T02:32:32.748Z"}
{"level":"info","message":"Tablas CategoriasPlatillo y Platillos verificadas","timestamp":"2026-06-10T02:32:32.812Z"}
{"level":"info","message":"✅ Tablas Ciudades y Empresas verificadas","timestamp":"2026-06-10T02:32:32.898Z"}
{"level":"info","message":"✅ Ciudades base verificadas","timestamp":"2026-06-10T02:32:32.909Z"}
{"level":"info","message":"Servidor corriendo en http://localhost:3000","timestamp":"2026-06-10T02:32:32.915Z"}
{"level":"info","message":{"action":"LOGIN","email":"admin@wasteless.com","idUsuario":"1","ip":"::1"},"timestamp":"2026-06-10T02:44:45.610Z"}
{"level":"info","message":{"action":"DELETE_DISH","idPlatillo":2},"timestamp":"2026-06-10T02:58:59.384Z"}
{"level":"error","message":"\"informacionNutricional\" is not allowed","method":"POST","path":"/api/dishes","stack":"Error: \"informacionNutricional\" is not allowed\n    at DishController.create (C:\\Users\\samue\\Desktop\\Api_WasteLess\\src\\modules\\platillos\\gestion-platillos\\interfaces\\controllers\\DishController.js:63:24)\n    at C:\\Users\\samue\\Desktop\\Api_WasteLess\\src\\modules\\platillos\\gestion-platillos\\interfaces\\routes\\dishRoutes.js:17:106\n    at Layer.handleRequest (C:\\Users\\samue\\Desktop\\Api_WasteLess\\node_modules\\router\\lib\\layer.js:152:17)\n    at next (C:\\Users\\samue\\Desktop\\Api_WasteLess\\node_modules\\router\\lib\\route.js:157:13)\n    at C:\\Users\\samue\\Desktop\\Api_WasteLess\\src\\shared\\middleware\\authorize.js:11:5\n    at Layer.handleRequest (C:\\Users\\samue\\Desktop\\Api_WasteLess\\node_modules\\router\\lib\\layer.js:152:17)\n    at next (C:\\Users\\samue\\Desktop\\Api_WasteLess\\node_modules\\router\\lib\\route.js:157:13)\n    at multerMiddleware (C:\\Users\\samue\\Desktop\\Api_WasteLess\\node_modules\\multer\\lib\\make-middleware.js:18:41)\n    at Layer.handleRequest (C:\\Users\\samue\\Desktop\\Api_WasteLess\\node_modules\\router\\lib\\layer.js:152:17)\n    at next (C:\\Users\\samue\\Desktop\\Api_WasteLess\\node_modules\\router\\lib\\route.js:157:13)","timestamp":"2026-06-10T03:02:34.694Z"}
{"level":"error","message":"\"informacionNutricional\" is not allowed","method":"POST","path":"/api/dishes","stack":"Error: \"informacionNutricional\" is not allowed\n    at DishController.create (C:\\Users\\samue\\Desktop\\Api_WasteLess\\src\\modules\\platillos\\gestion-platillos\\interfaces\\controllers\\DishController.js:63:24)\n    at C:\\Users\\samue\\Desktop\\Api_WasteLess\\src\\modules\\platillos\\gestion-platillos\\interfaces\\routes\\dishRoutes.js:17:106\n    at Layer.handleRequest (C:\\Users\\samue\\Desktop\\Api_WasteLess\\node_modules\\router\\lib\\layer.js:152:17)\n    at next (C:\\Users\\samue\\Desktop\\Api_WasteLess\\node_modules\\router\\lib\\route.js:157:13)\n    at C:\\Users\\samue\\Desktop\\Api_WasteLess\\src\\shared\\middleware\\authorize.js:11:5\n    at Layer.handleRequest (C:\\Users\\samue\\Desktop\\Api_WasteLess\\node_modules\\router\\lib\\layer.js:152:17)\n    at next (C:\\Users\\samue\\Desktop\\Api_WasteLess\\node_modules\\router\\lib\\route.js:157:13)\n    at multerMiddleware (C:\\Users\\samue\\Desktop\\Api_WasteLess\\node_modules\\multer\\lib\\make-middleware.js:18:41)\n    at Layer.handleRequest (C:\\Users\\samue\\Desktop\\Api_WasteLess\\node_modules\\router\\lib\\layer.js:152:17)\n    at next (C:\\Users\\samue\\Desktop\\Api_WasteLess\\node_modules\\router\\lib\\route.js:157:13)","timestamp":"2026-06-10T03:02:45.173Z"}
{"level":"error","message":"\"informacionNutricional\" is not allowed","method":"POST","path":"/api/dishes","stack":"Error: \"informacionNutricional\" is not allowed\n    at DishController.create (C:\\Users\\samue\\Desktop\\Api_WasteLess\\src\\modules\\platillos\\gestion-platillos\\interfaces\\controllers\\DishController.js:63:24)\n    at C:\\Users\\samue\\Desktop\\Api_WasteLess\\src\\modules\\platillos\\gestion-platillos\\interfaces\\routes\\dishRoutes.js:17:106\n    at Layer.handleRequest (C:\\Users\\samue\\Desktop\\Api_WasteLess\\node_modules\\router\\lib\\layer.js:152:17)\n    at next (C:\\Users\\samue\\Desktop\\Api_WasteLess\\node_modules\\router\\lib\\route.js:157:13)\n    at C:\\Users\\samue\\Desktop\\Api_WasteLess\\src\\shared\\middleware\\authorize.js:11:5\n    at Layer.handleRequest (C:\\Users\\samue\\Desktop\\Api_WasteLess\\node_modules\\router\\lib\\layer.js:152:17)\n    at next (C:\\Users\\samue\\Desktop\\Api_WasteLess\\node_modules\\router\\lib\\route.js:157:13)\n    at multerMiddleware (C:\\Users\\samue\\Desktop\\Api_WasteLess\\node_modules\\multer\\lib\\make-middleware.js:18:41)\n    at Layer.handleRequest (C:\\Users\\samue\\Desktop\\Api_WasteLess\\node_modules\\router\\lib\\layer.js:152:17)\n    at next (C:\\Users\\samue\\Desktop\\Api_WasteLess\\node_modules\\router\\lib\\route.js:157:13)","timestamp":"2026-06-10T03:02:51.672Z"}
{"level":"info","message":{"action":"CREATE_DISH","idPlatillo":"3","nombre":"Test"},"timestamp":"2026-06-10T03:03:22.138Z"}
{"level":"info","message":{"action":"DELETE_DISH","idPlatillo":3},"timestamp":"2026-06-10T03:08:32.326Z"}
{"level":"error","message":"\"nombre\" is required","method":"POST","path":"/api/dishes","stack":"Error: \"nombre\" is required\n    at DishController.create (C:\\Users\\samue\\Desktop\\Api_WasteLess\\src\\modules\\platillos\\gestion-platillos\\interfaces\\controllers\\DishController.js:63:24)\n    at C:\\Users\\samue\\Desktop\\Api_WasteLess\\src\\modules\\platillos\\gestion-platillos\\interfaces\\routes\\dishRoutes.js:17:106\n    at Layer.handleRequest (C:\\Users\\samue\\Desktop\\Api_WasteLess\\node_modules\\router\\lib\\layer.js:152:17)\n    at next (C:\\Users\\samue\\Desktop\\Api_WasteLess\\node_modules\\router\\lib\\route.js:157:13)\n    at C:\\Users\\samue\\Desktop\\Api_WasteLess\\src\\shared\\middleware\\authorize.js:11:5\n    at Layer.handleRequest (C:\\Users\\samue\\Desktop\\Api_WasteLess\\node_modules\\router\\lib\\layer.js:152:17)\n    at next (C:\\Users\\samue\\Desktop\\Api_WasteLess\\node_modules\\router\\lib\\route.js:157:13)\n    at multerMiddleware (C:\\Users\\samue\\Desktop\\Api_WasteLess\\node_modules\\multer\\lib\\make-middleware.js:18:41)\n    at Layer.handleRequest (C:\\Users\\samue\\Desktop\\Api_WasteLess\\node_modules\\router\\lib\\layer.js:152:17)\n    at next (C:\\Users\\samue\\Desktop\\Api_WasteLess\\node_modules\\router\\lib\\route.js:157:13)","timestamp":"2026-06-10T03:09:24.579Z"}
{"level":"error","message":"\"nombre\" is required","method":"POST","path":"/api/dishes","stack":"Error: \"nombre\" is required\n    at DishController.create (C:\\Users\\samue\\Desktop\\Api_WasteLess\\src\\modules\\platillos\\gestion-platillos\\interfaces\\controllers\\DishController.js:63:24)\n    at C:\\Users\\samue\\Desktop\\Api_WasteLess\\src\\modules\\platillos\\gestion-platillos\\interfaces\\routes\\dishRoutes.js:17:106\n    at Layer.handleRequest (C:\\Users\\samue\\Desktop\\Api_WasteLess\\node_modules\\router\\lib\\layer.js:152:17)\n    at next (C:\\Users\\samue\\Desktop\\Api_WasteLess\\node_modules\\router\\lib\\route.js:157:13)\n    at C:\\Users\\samue\\Desktop\\Api_WasteLess\\src\\shared\\middleware\\authorize.js:11:5\n    at Layer.handleRequest (C:\\Users\\samue\\Desktop\\Api_WasteLess\\node_modules\\router\\lib\\layer.js:152:17)\n    at next (C:\\Users\\samue\\Desktop\\Api_WasteLess\\node_modules\\router\\lib\\route.js:157:13)\n    at multerMiddleware (C:\\Users\\samue\\Desktop\\Api_WasteLess\\node_modules\\multer\\lib\\make-middleware.js:18:41)\n    at Layer.handleRequest (C:\\Users\\samue\\Desktop\\Api_WasteLess\\node_modules\\router\\lib\\layer.js:152:17)\n    at next (C:\\Users\\samue\\Desktop\\Api_WasteLess\\node_modules\\router\\lib\\route.js:157:13)","timestamp":"2026-06-10T03:10:34.004Z"}
{"level":"info","message":{"action":"LOGIN","email":"admin@wasteless.com","idUsuario":"1","ip":"::1"},"timestamp":"2026-06-10T03:22:13.220Z"}
{"level":"info","message":"Conexión a SQL Server establecida","timestamp":"2026-06-10T03:36:59.402Z"}
{"level":"info","message":"Tablas Roles, Permisos y RolPermiso verificadas","timestamp":"2026-06-10T03:36:59.540Z"}
{"level":"info","message":"Permisos base verificados","timestamp":"2026-06-10T03:36:59.556Z"}
{"level":"info","message":"Tabla Usuarios verificada","timestamp":"2026-06-10T03:36:59.598Z"}
{"level":"info","message":"Tablas Sesiones y RecuperacionPassword verificadas","timestamp":"2026-06-10T03:36:59.614Z"}
{"level":"info","message":"Tablas CategoriasPlatillo y Platillos verificadas","timestamp":"2026-06-10T03:36:59.666Z"}
{"level":"info","message":"✅ Tablas Ciudades y Empresas verificadas","timestamp":"2026-06-10T03:36:59.737Z"}
{"level":"info","message":"✅ Ciudades base verificadas","timestamp":"2026-06-10T03:36:59.748Z"}
{"level":"info","message":"Servidor corriendo en http://localhost:3000","timestamp":"2026-06-10T03:36:59.755Z"}
{"level":"info","message":"Conexión a SQL Server establecida","timestamp":"2026-06-10T03:37:38.995Z"}
{"level":"info","message":"Tablas Roles, Permisos y RolPermiso verificadas","timestamp":"2026-06-10T03:37:39.117Z"}
{"level":"info","message":"Permisos base verificados","timestamp":"2026-06-10T03:37:39.124Z"}
{"level":"info","message":"Tabla Usuarios verificada","timestamp":"2026-06-10T03:37:39.186Z"}
{"level":"info","message":"Tablas Sesiones y RecuperacionPassword verificadas","timestamp":"2026-06-10T03:37:39.206Z"}
{"level":"info","message":"Tablas CategoriasPlatillo y Platillos verificadas","timestamp":"2026-06-10T03:37:39.271Z"}
{"level":"info","message":"✅ Tablas Ciudades y Empresas verificadas","timestamp":"2026-06-10T03:37:39.346Z"}
{"level":"info","message":"✅ Ciudades base verificadas","timestamp":"2026-06-10T03:37:39.359Z"}
{"level":"info","message":"Servidor corriendo en http://localhost:3000","timestamp":"2026-06-10T03:37:39.368Z"}
{"level":"error","message":{"method":"POST","path":"/api/dishes"},"timestamp":"2026-06-10T03:43:17.970Z"}
{"level":"error","message":{"method":"POST","path":"/api/dishes"},"timestamp":"2026-06-10T03:43:52.079Z"}
{"level":"error","message":{"method":"POST","path":"/api/dishes"},"timestamp":"2026-06-10T04:26:38.044Z"}
{"level":"info","message":{"action":"LOGIN","email":"admin@wasteless.com","idUsuario":"1","ip":"::1"},"timestamp":"2026-06-10T04:28:05.907Z"}
{"level":"error","message":"\"bebida\" is not allowed","method":"POST","path":"/api/dishes","stack":"Error: \"bebida\" is not allowed\n    at DishController.create (C:\\Users\\samue\\Desktop\\Api_WasteLess\\src\\modules\\platillos\\gestion-platillos\\interfaces\\controllers\\DishController.js:63:24)\n    at C:\\Users\\samue\\Desktop\\Api_WasteLess\\src\\modules\\platillos\\gestion-platillos\\interfaces\\routes\\dishRoutes.js:17:106\n    at Layer.handleRequest (C:\\Users\\samue\\Desktop\\Api_WasteLess\\node_modules\\router\\lib\\layer.js:152:17)\n    at next (C:\\Users\\samue\\Desktop\\Api_WasteLess\\node_modules\\router\\lib\\route.js:157:13)\n    at C:\\Users\\samue\\Desktop\\Api_WasteLess\\src\\shared\\middleware\\authorize.js:11:5\n    at Layer.handleRequest (C:\\Users\\samue\\Desktop\\Api_WasteLess\\node_modules\\router\\lib\\layer.js:152:17)\n    at next (C:\\Users\\samue\\Desktop\\Api_WasteLess\\node_modules\\router\\lib\\route.js:157:13)\n    at multerMiddleware (C:\\Users\\samue\\Desktop\\Api_WasteLess\\node_modules\\multer\\lib\\make-middleware.js:18:41)\n    at Layer.handleRequest (C:\\Users\\samue\\Desktop\\Api_WasteLess\\node_modules\\router\\lib\\layer.js:152:17)\n    at next (C:\\Users\\samue\\Desktop\\Api_WasteLess\\node_modules\\router\\lib\\route.js:157:13)","timestamp":"2026-06-10T04:28:05.926Z"}
{"level":"info","message":"Conexión a SQL Server establecida","timestamp":"2026-06-10T04:30:28.801Z"}
{"level":"info","message":"Tablas Roles, Permisos y RolPermiso verificadas","timestamp":"2026-06-10T04:30:28.906Z"}
{"level":"info","message":"Permisos base verificados","timestamp":"2026-06-10T04:30:28.917Z"}
{"level":"info","message":"Tabla Usuarios verificada","timestamp":"2026-06-10T04:30:28.950Z"}
{"level":"info","message":"Tablas Sesiones y RecuperacionPassword verificadas","timestamp":"2026-06-10T04:30:28.966Z"}
{"level":"info","message":"Tablas CategoriasPlatillo y Platillos verificadas","timestamp":"2026-06-10T04:30:29.005Z"}
{"level":"info","message":"✅ Tablas Ciudades y Empresas verificadas","timestamp":"2026-06-10T04:30:29.048Z"}
{"level":"info","message":"✅ Ciudades base verificadas","timestamp":"2026-06-10T04:30:29.056Z"}
{"level":"info","message":"Servidor corriendo en http://localhost:3000","timestamp":"2026-06-10T04:30:29.064Z"}
{"level":"info","message":"Conexión a SQL Server establecida","timestamp":"2026-06-10T04:31:09.986Z"}
{"level":"info","message":"Tablas Roles, Permisos y RolPermiso verificadas","timestamp":"2026-06-10T04:31:10.018Z"}
{"level":"info","message":"Permisos base verificados","timestamp":"2026-06-10T04:31:10.023Z"}
{"level":"info","message":"Tabla Usuarios verificada","timestamp":"2026-06-10T04:31:10.028Z"}
{"level":"info","message":"Tablas Sesiones y RecuperacionPassword verificadas","timestamp":"2026-06-10T04:31:10.033Z"}
{"level":"info","message":"Tablas CategoriasPlatillo y Platillos verificadas","timestamp":"2026-06-10T04:31:10.040Z"}
{"level":"info","message":"✅ Tablas Ciudades y Empresas verificadas","timestamp":"2026-06-10T04:31:10.046Z"}
{"level":"info","message":"✅ Ciudades base verificadas","timestamp":"2026-06-10T04:31:10.054Z"}
{"level":"info","message":"Servidor corriendo en http://localhost:3000","timestamp":"2026-06-10T04:31:10.059Z"}
{"level":"info","message":"Conexión a SQL Server establecida","timestamp":"2026-06-10T04:31:14.571Z"}
{"level":"info","message":"Tablas Roles, Permisos y RolPermiso verificadas","timestamp":"2026-06-10T04:31:14.691Z"}
{"level":"info","message":"Permisos base verificados","timestamp":"2026-06-10T04:31:14.727Z"}
{"level":"info","message":"Tabla Usuarios verificada","timestamp":"2026-06-10T04:31:14.748Z"}
{"level":"info","message":"Tablas Sesiones y RecuperacionPassword verificadas","timestamp":"2026-06-10T04:31:14.765Z"}
{"level":"info","message":"Tablas CategoriasPlatillo y Platillos verificadas","timestamp":"2026-06-10T04:31:14.772Z"}
{"level":"info","message":"✅ Tablas Ciudades y Empresas verificadas","timestamp":"2026-06-10T04:31:14.788Z"}
{"level":"info","message":"✅ Ciudades base verificadas","timestamp":"2026-06-10T04:31:14.795Z"}
{"level":"info","message":"Servidor corriendo en http://localhost:3000","timestamp":"2026-06-10T04:31:14.807Z"}
{"level":"info","message":"Conexión a SQL Server establecida","timestamp":"2026-06-10T04:31:22.114Z"}
{"level":"info","message":"Tablas Roles, Permisos y RolPermiso verificadas","timestamp":"2026-06-10T04:31:22.132Z"}
{"level":"info","message":"Permisos base verificados","timestamp":"2026-06-10T04:31:22.138Z"}
{"level":"info","message":"Tabla Usuarios verificada","timestamp":"2026-06-10T04:31:22.217Z"}
{"level":"info","message":"Tablas Sesiones y RecuperacionPassword verificadas","timestamp":"2026-06-10T04:31:22.229Z"}
{"level":"info","message":"Tablas CategoriasPlatillo y Platillos verificadas","timestamp":"2026-06-10T04:31:22.236Z"}
{"level":"info","message":"✅ Tablas Ciudades y Empresas verificadas","timestamp":"2026-06-10T04:31:22.245Z"}
{"level":"info","message":"✅ Ciudades base verificadas","timestamp":"2026-06-10T04:31:22.250Z"}
{"level":"info","message":"Servidor corriendo en http://localhost:3000","timestamp":"2026-06-10T04:31:22.257Z"}
{"level":"info","message":"Conexión a SQL Server establecida","timestamp":"2026-06-10T04:31:53.620Z"}
{"level":"info","message":"Tablas Roles, Permisos y RolPermiso verificadas","timestamp":"2026-06-10T04:31:53.691Z"}
{"level":"info","message":"Permisos base verificados","timestamp":"2026-06-10T04:31:53.697Z"}
{"level":"info","message":"Tabla Usuarios verificada","timestamp":"2026-06-10T04:31:53.724Z"}
{"level":"info","message":"Tablas Sesiones y RecuperacionPassword verificadas","timestamp":"2026-06-10T04:31:53.738Z"}
{"level":"info","message":"Tablas CategoriasPlatillo y Platillos verificadas","timestamp":"2026-06-10T04:31:53.771Z"}
{"level":"info","message":"✅ Tablas Ciudades y Empresas verificadas","timestamp":"2026-06-10T04:31:53.807Z"}
{"level":"info","message":"✅ Ciudades base verificadas","timestamp":"2026-06-10T04:31:53.816Z"}
{"level":"info","message":"Servidor corriendo en http://localhost:3000","timestamp":"2026-06-10T04:31:53.820Z"}
{"level":"error","message":{"method":"POST","path":"/api/dishes"},"timestamp":"2026-06-10T04:33:09.266Z"}
{"level":"error","message":"La categoría especificada no existe","method":"POST","path":"/api/dishes","stack":"Error: La categoría especificada no existe\n    at CreateDish.execute (C:\\Users\\samue\\Desktop\\Api_WasteLess\\src\\modules\\platillos\\gestion-platillos\\application\\use-cases\\CreateDish.js:14:26)\n    at runNextTicks (node:internal/process/task_queues:65:5)\n    at process.processImmediate (node:internal/timers:453:9)\n    at async DishController.create (C:\\Users\\samue\\Desktop\\Api_WasteLess\\src\\modules\\platillos\\gestion-platillos\\interfaces\\controllers\\DishController.js:67:20)","timestamp":"2026-06-10T04:33:51.994Z"}
{"level":"error","message":"La categoría especificada no existe","method":"POST","path":"/api/dishes","stack":"Error: La categoría especificada no existe\n    at CreateDish.execute (C:\\Users\\samue\\Desktop\\Api_WasteLess\\src\\modules\\platillos\\gestion-platillos\\application\\use-cases\\CreateDish.js:14:26)\n    at runNextTicks (node:internal/process/task_queues:65:5)\n    at process.processImmediate (node:internal/timers:453:9)\n    at async DishController.create (C:\\Users\\samue\\Desktop\\Api_WasteLess\\src\\modules\\platillos\\gestion-platillos\\interfaces\\controllers\\DishController.js:67:20)","timestamp":"2026-06-10T04:34:01.600Z"}
{"level":"error","message":"[Microsoft][ODBC Driver 17 for SQL Server][SQL Server]Violation of UNIQUE KEY constraint 'UQ_Platillos_nombre'. Cannot insert duplicate key in object 'dbo.Platillos'. The duplicate key value is (Test).","method":"POST","path":"/api/dishes","stack":"RequestError: [Microsoft][ODBC Driver 17 for SQL Server][SQL Server]Violation of UNIQUE KEY constraint 'UQ_Platillos_nombre'. Cannot insert duplicate key in object 'dbo.Platillos'. The duplicate key value is (Test).\n    at handleError (C:\\Users\\samue\\Desktop\\Api_WasteLess\\node_modules\\mssql\\lib\\msnodesqlv8\\request.js:291:21)\n    at StreamEvents.emit (node:events:518:28)\n    at C:\\Users\\samue\\Desktop\\Api_WasteLess\\node_modules\\msnodesqlv8\\lib\\reader.js:94:20\n    at Array.forEach (<anonymous>)\n    at Query.routeStatementError (C:\\Users\\samue\\Desktop\\Api_WasteLess\\node_modules\\msnodesqlv8\\lib\\reader.js:84:19)\n    at C:\\Users\\samue\\Desktop\\Api_WasteLess\\node_modules\\msnodesqlv8\\lib\\reader.js:436:12","timestamp":"2026-06-10T04:35:48.230Z"}
{"level":"info","message":"Conexión a SQL Server establecida","timestamp":"2026-06-10T04:42:32.293Z"}
{"level":"info","message":"Tablas Roles, Permisos y RolPermiso verificadas","timestamp":"2026-06-10T04:42:32.518Z"}
{"level":"info","message":"Permisos base verificados","timestamp":"2026-06-10T04:42:32.604Z"}
{"level":"info","message":"Tabla Usuarios verificada","timestamp":"2026-06-10T04:42:32.776Z"}
{"level":"info","message":"Tablas Sesiones y RecuperacionPassword verificadas","timestamp":"2026-06-10T04:42:32.884Z"}
{"level":"info","message":"Tablas CategoriasPlatillo y Platillos verificadas","timestamp":"2026-06-10T04:42:32.933Z"}
{"level":"info","message":"✅ Tablas Ciudades y Empresas verificadas","timestamp":"2026-06-10T04:42:32.992Z"}
{"level":"info","message":"✅ Ciudades base verificadas","timestamp":"2026-06-10T04:42:33.001Z"}
{"level":"info","message":"Servidor corriendo en http://localhost:3000","timestamp":"2026-06-10T04:42:33.009Z"}
{"level":"error","message":{"method":"POST","path":"/api/dishes"},"timestamp":"2026-06-10T04:43:29.077Z"}
{"level":"info","message":"Conexión a SQL Server establecida","timestamp":"2026-06-10T04:45:04.097Z"}
{"level":"info","message":"Tablas Roles, Permisos y RolPermiso verificadas","timestamp":"2026-06-10T04:45:04.172Z"}
{"level":"info","message":"Permisos base verificados","timestamp":"2026-06-10T04:45:04.179Z"}
{"level":"info","message":"Tabla Usuarios verificada","timestamp":"2026-06-10T04:45:04.215Z"}
{"level":"info","message":"Tablas Sesiones y RecuperacionPassword verificadas","timestamp":"2026-06-10T04:45:04.229Z"}
{"level":"info","message":"Tablas CategoriasPlatillo y Platillos verificadas","timestamp":"2026-06-10T04:45:04.266Z"}
{"level":"info","message":"✅ Tablas Ciudades y Empresas verificadas","timestamp":"2026-06-10T04:45:04.311Z"}
{"level":"info","message":"✅ Ciudades base verificadas","timestamp":"2026-06-10T04:45:04.317Z"}
{"level":"info","message":"Servidor corriendo en http://localhost:3000","timestamp":"2026-06-10T04:45:04.324Z"}
{"level":"error","message":{"method":"POST","path":"/api/dishes"},"timestamp":"2026-06-10T04:45:43.073Z"}
{"level":"info","message":"Conexión a SQL Server establecida","timestamp":"2026-06-10T04:50:41.044Z"}
{"level":"info","message":"Tablas Roles, Permisos y RolPermiso verificadas","timestamp":"2026-06-10T04:50:41.120Z"}
{"level":"info","message":"Permisos base verificados","timestamp":"2026-06-10T04:50:41.129Z"}
{"level":"info","message":"Tabla Usuarios verificada","timestamp":"2026-06-10T04:50:41.158Z"}
{"level":"info","message":"Tablas Sesiones y RecuperacionPassword verificadas","timestamp":"2026-06-10T04:50:41.172Z"}
{"level":"info","message":"Tablas CategoriasPlatillo y Platillos verificadas","timestamp":"2026-06-10T04:50:41.206Z"}
{"level":"info","message":"✅ Tablas Ciudades y Empresas verificadas","timestamp":"2026-06-10T04:50:41.264Z"}
{"level":"info","message":"✅ Ciudades base verificadas","timestamp":"2026-06-10T04:50:41.271Z"}
{"level":"info","message":"Servidor corriendo en http://localhost:3000","timestamp":"2026-06-10T04:50:41.278Z"}
{"level":"info","message":"Conexión a SQL Server establecida","timestamp":"2026-06-10T04:51:04.345Z"}
{"level":"info","message":"Tablas Roles, Permisos y RolPermiso verificadas","timestamp":"2026-06-10T04:51:04.365Z"}
{"level":"info","message":"Permisos base verificados","timestamp":"2026-06-10T04:51:04.369Z"}
{"level":"info","message":"Tabla Usuarios verificada","timestamp":"2026-06-10T04:51:04.373Z"}
{"level":"info","message":"Tablas Sesiones y RecuperacionPassword verificadas","timestamp":"2026-06-10T04:51:04.377Z"}
{"level":"info","message":"Tablas CategoriasPlatillo y Platillos verificadas","timestamp":"2026-06-10T04:51:04.384Z"}
{"level":"info","message":"✅ Tablas Ciudades y Empresas verificadas","timestamp":"2026-06-10T04:51:04.388Z"}
{"level":"info","message":"✅ Ciudades base verificadas","timestamp":"2026-06-10T04:51:04.392Z"}
{"level":"info","message":"Servidor corriendo en http://localhost:3000","timestamp":"2026-06-10T04:51:04.399Z"}
{"level":"error","message":{"method":"POST","path":"/api/dishes"},"timestamp":"2026-06-10T04:51:40.937Z"}
{"level":"info","message":"Conexión a SQL Server establecida","timestamp":"2026-06-10T05:12:44.037Z"}
{"level":"info","message":"Tablas Roles, Permisos y RolPermiso verificadas","timestamp":"2026-06-10T05:12:44.119Z"}
{"level":"info","message":"Permisos base verificados","timestamp":"2026-06-10T05:12:44.125Z"}
{"level":"info","message":"Tabla Usuarios verificada","timestamp":"2026-06-10T05:12:44.156Z"}
{"level":"info","message":"Tablas Sesiones y RecuperacionPassword verificadas","timestamp":"2026-06-10T05:12:44.170Z"}
{"level":"info","message":"Tablas CategoriasPlatillo y Platillos verificadas","timestamp":"2026-06-10T05:12:44.205Z"}
{"level":"info","message":"✅ Tablas Ciudades y Empresas verificadas","timestamp":"2026-06-10T05:12:44.249Z"}
{"level":"info","message":"✅ Ciudades base verificadas","timestamp":"2026-06-10T05:12:44.256Z"}
{"level":"info","message":"Servidor corriendo en http://localhost:3000","timestamp":"2026-06-10T05:12:44.262Z"}
{"level":"error","message":{"method":"POST","path":"/api/dishes"},"timestamp":"2026-06-10T05:13:26.062Z"}
{"level":"error","message":{"method":"POST","path":"/api/dishes"},"timestamp":"2026-06-10T05:19:57.067Z"}
{"level":"info","message":{"action":"LOGIN","email":"admin@wasteless.com","idUsuario":"1","ip":"::1"},"timestamp":"2026-06-10T05:21:23.326Z"}
{"level":"info","message":{"action":"LOGIN","email":"admin@wasteless.com","idUsuario":"1","ip":"::1"},"timestamp":"2026-06-10T05:24:51.085Z"}
{"level":"error","message":"La categoría especificada no existe","method":"POST","path":"/api/dishes","stack":"Error: La categoría especificada no existe\n    at CreateDish.execute (C:\\Users\\samue\\Desktop\\Api_WasteLess\\src\\modules\\platillos\\gestion-platillos\\application\\use-cases\\CreateDish.js:14:26)\n    at runNextTicks (node:internal/process/task_queues:65:5)\n    at process.processImmediate (node:internal/timers:453:9)\n    at async DishController.create (C:\\Users\\samue\\Desktop\\Api_WasteLess\\src\\modules\\platillos\\gestion-platillos\\interfaces\\controllers\\DishController.js:78:20)","timestamp":"2026-06-10T05:24:51.102Z"}
{"level":"error","message":"[Microsoft][ODBC Driver 17 for SQL Server][SQL Server]Violation of UNIQUE KEY constraint 'UQ_Platillos_nombre'. Cannot insert duplicate key in object 'dbo.Platillos'. The duplicate key value is (Test).","method":"POST","path":"/api/dishes","stack":"RequestError: [Microsoft][ODBC Driver 17 for SQL Server][SQL Server]Violation of UNIQUE KEY constraint 'UQ_Platillos_nombre'. Cannot insert duplicate key in object 'dbo.Platillos'. The duplicate key value is (Test).\n    at handleError (C:\\Users\\samue\\Desktop\\Api_WasteLess\\node_modules\\mssql\\lib\\msnodesqlv8\\request.js:291:21)\n    at StreamEvents.emit (node:events:518:28)\n    at C:\\Users\\samue\\Desktop\\Api_WasteLess\\node_modules\\msnodesqlv8\\lib\\reader.js:94:20\n    at Array.forEach (<anonymous>)\n    at Query.routeStatementError (C:\\Users\\samue\\Desktop\\Api_WasteLess\\node_modules\\msnodesqlv8\\lib\\reader.js:84:19)\n    at C:\\Users\\samue\\Desktop\\Api_WasteLess\\node_modules\\msnodesqlv8\\lib\\reader.js:436:12","timestamp":"2026-06-10T05:25:46.130Z"}
{"level":"info","message":"Conexión a SQL Server establecida","timestamp":"2026-06-10T05:37:45.437Z"}
{"level":"info","message":"Tablas Roles, Permisos y RolPermiso verificadas","timestamp":"2026-06-10T05:37:45.531Z"}
{"level":"info","message":"Permisos base verificados","timestamp":"2026-06-10T05:37:45.539Z"}
{"level":"info","message":"Tabla Usuarios verificada","timestamp":"2026-06-10T05:37:45.575Z"}
{"level":"info","message":"Tablas Sesiones y RecuperacionPassword verificadas","timestamp":"2026-06-10T05:37:45.611Z"}
{"level":"info","message":"Tablas CategoriasPlatillo y Platillos verificadas","timestamp":"2026-06-10T05:37:45.682Z"}
{"level":"info","message":"✅ Tablas Ciudades y Empresas verificadas","timestamp":"2026-06-10T05:37:45.743Z"}
{"level":"info","message":"✅ Ciudades base verificadas","timestamp":"2026-06-10T05:37:45.753Z"}
{"level":"info","message":"Servidor corriendo en http://localhost:3000","timestamp":"2026-06-10T05:37:45.758Z"}
{"level":"info","message":"Conexión a SQL Server establecida","timestamp":"2026-06-10T05:38:46.586Z"}
{"level":"info","message":"Tablas Roles, Permisos y RolPermiso verificadas","timestamp":"2026-06-10T05:38:46.662Z"}
{"level":"info","message":"Permisos base verificados","timestamp":"2026-06-10T05:38:46.668Z"}
{"level":"info","message":"Tabla Usuarios verificada","timestamp":"2026-06-10T05:38:46.718Z"}
{"level":"info","message":"Tablas Sesiones y RecuperacionPassword verificadas","timestamp":"2026-06-10T05:38:46.736Z"}
{"level":"info","message":"Tablas CategoriasPlatillo y Platillos verificadas","timestamp":"2026-06-10T05:38:46.773Z"}
{"level":"info","message":"✅ Tablas Ciudades y Empresas verificadas","timestamp":"2026-06-10T05:38:46.816Z"}
{"level":"info","message":"✅ Ciudades base verificadas","timestamp":"2026-06-10T05:38:46.822Z"}
{"level":"info","message":"Servidor corriendo en http://localhost:3000","timestamp":"2026-06-10T05:38:46.828Z"}
{"level":"error","message":{"method":"POST","path":"/api/dishes"},"timestamp":"2026-06-10T05:39:42.250Z"}
{"level":"error","message":"Platillo no encontrado","method":"PATCH","path":"/api/dishes/NaN/status","stack":"Error: Platillo no encontrado\n    at ChangeDishStatus.execute (C:\\Users\\samue\\Desktop\\Api_WasteLess\\src\\modules\\platillos\\gestion-platillos\\application\\use-cases\\ChangeDishStatus.js:11:22)\n    at runNextTicks (node:internal/process/task_queues:65:5)\n    at process.processImmediate (node:internal/timers:453:9)\n    at async DishController.changeStatus (C:\\Users\\samue\\Desktop\\Api_WasteLess\\src\\modules\\platillos\\gestion-platillos\\interfaces\\controllers\\DishController.js:151:22)","timestamp":"2026-06-10T05:40:02.423Z"}
{"level":"error","message":"Platillo no encontrado","method":"PATCH","path":"/api/dishes/NaN/status","stack":"Error: Platillo no encontrado\n    at ChangeDishStatus.execute (C:\\Users\\samue\\Desktop\\Api_WasteLess\\src\\modules\\platillos\\gestion-platillos\\application\\use-cases\\ChangeDishStatus.js:11:22)\n    at runNextTicks (node:internal/process/task_queues:65:5)\n    at process.processImmediate (node:internal/timers:453:9)\n    at async DishController.changeStatus (C:\\Users\\samue\\Desktop\\Api_WasteLess\\src\\modules\\platillos\\gestion-platillos\\interfaces\\controllers\\DishController.js:151:22)","timestamp":"2026-06-10T05:40:06.192Z"}
{"level":"info","message":{"action":"LOGIN","email":"admin@wasteless.com","idUsuario":"1","ip":"::1"},"timestamp":"2026-06-10T05:52:20.190Z"}
{"level":"info","message":{"action":"CREATE_DISH","idPlatillo":"6","nombre":"Arepa"},"timestamp":"2026-06-10T05:52:20.224Z"}
{"level":"error","message":{"method":"POST","path":"/api/dishes"},"timestamp":"2026-06-10T05:56:54.201Z"}
{"level":"info","message":{"action":"UPDATE_DISH","idPlatillo":6},"timestamp":"2026-06-10T05:57:06.285Z"}
{"level":"info","message":{"action":"UPDATE_DISH","idPlatillo":6},"timestamp":"2026-06-10T05:57:14.846Z"}
{"level":"info","message":{"action":"CHANGE_ROLE_STATUS","estado":"inactivo","idRol":3},"timestamp":"2026-06-10T06:00:08.277Z"}
{"level":"info","message":{"action":"CHANGE_ROLE_STATUS","estado":"activo","idRol":3},"timestamp":"2026-06-10T06:00:11.038Z"}
{"level":"info","message":{"action":"CHANGE_ROLE_STATUS","estado":"inactivo","idRol":3},"timestamp":"2026-06-10T06:00:28.443Z"}
{"level":"info","message":{"action":"CHANGE_ROLE_STATUS","estado":"activo","idRol":3},"timestamp":"2026-06-10T06:00:30.567Z"}
{"level":"info","message":"Conexión a SQL Server establecida","timestamp":"2026-06-10T22:22:00.111Z"}
{"level":"info","message":"Tablas Roles, Permisos y RolPermiso verificadas","timestamp":"2026-06-10T22:22:00.281Z"}
{"level":"info","message":"Permisos base verificados","timestamp":"2026-06-10T22:22:00.305Z"}
{"level":"info","message":"Tabla Usuarios verificada","timestamp":"2026-06-10T22:22:00.380Z"}
{"level":"info","message":"Tablas Sesiones y RecuperacionPassword verificadas","timestamp":"2026-06-10T22:22:00.410Z"}
{"level":"info","message":"Tablas CategoriasPlatillo y Platillos verificadas","timestamp":"2026-06-10T22:22:00.518Z"}
{"level":"info","message":"✅ Tablas Ciudades y Empresas verificadas","timestamp":"2026-06-10T22:22:00.607Z"}
{"level":"info","message":"✅ Ciudades base verificadas","timestamp":"2026-06-10T22:22:00.629Z"}
{"level":"info","message":"Servidor corriendo en http://localhost:3000","timestamp":"2026-06-10T22:22:00.640Z"}
{"level":"info","message":{"action":"LOGIN","email":"admin@wasteless.com","idUsuario":"1","ip":"::1"},"timestamp":"2026-06-10T22:25:05.736Z"}
{"level":"info","message":"Conexión a SQL Server establecida","timestamp":"2026-06-10T22:39:34.803Z"}
{"level":"info","message":"Tablas Roles, Permisos y RolPermiso verificadas","timestamp":"2026-06-10T22:39:34.948Z"}
{"level":"info","message":"Permisos base verificados","timestamp":"2026-06-10T22:39:34.960Z"}
{"level":"info","message":"Tabla Usuarios verificada","timestamp":"2026-06-10T22:39:35.008Z"}
{"level":"info","message":"Tablas Sesiones y RecuperacionPassword verificadas","timestamp":"2026-06-10T22:39:35.046Z"}
{"level":"info","message":"Tablas CategoriasPlatillo y Platillos verificadas","timestamp":"2026-06-10T22:39:35.107Z"}
{"level":"info","message":"✅ Tablas Ciudades y Empresas verificadas","timestamp":"2026-06-10T22:39:35.178Z"}
{"level":"info","message":"✅ Ciudades base verificadas","timestamp":"2026-06-10T22:39:35.192Z"}
{"level":"info","message":"Servidor corriendo en http://localhost:3000","timestamp":"2026-06-10T22:39:35.200Z"}
{"level":"info","message":"Conexión a SQL Server establecida","timestamp":"2026-06-10T22:39:42.420Z"}
{"level":"info","message":"Tablas Roles, Permisos y RolPermiso verificadas","timestamp":"2026-06-10T22:39:42.550Z"}
{"level":"info","message":"Permisos base verificados","timestamp":"2026-06-10T22:39:42.563Z"}
{"level":"info","message":"Tabla Usuarios verificada","timestamp":"2026-06-10T22:39:42.661Z"}
{"level":"info","message":"Tablas Sesiones y RecuperacionPassword verificadas","timestamp":"2026-06-10T22:39:42.711Z"}
{"level":"info","message":"Tablas CategoriasPlatillo y Platillos verificadas","timestamp":"2026-06-10T22:39:42.819Z"}
{"level":"info","message":"✅ Tablas Ciudades y Empresas verificadas","timestamp":"2026-06-10T22:39:42.925Z"}
{"level":"info","message":"✅ Ciudades base verificadas","timestamp":"2026-06-10T22:39:42.947Z"}
{"level":"info","message":"Servidor corriendo en http://localhost:3000","timestamp":"2026-06-10T22:39:42.958Z"}
{"level":"info","message":"Conexión a SQL Server establecida","timestamp":"2026-06-10T22:41:23.597Z"}
{"level":"info","message":"Tablas Roles, Permisos y RolPermiso verificadas","timestamp":"2026-06-10T22:41:23.741Z"}
{"level":"info","message":"Permisos base verificados","timestamp":"2026-06-10T22:41:23.753Z"}
{"level":"info","message":"Tabla Usuarios verificada","timestamp":"2026-06-10T22:41:23.803Z"}
{"level":"info","message":"Tablas Sesiones y RecuperacionPassword verificadas","timestamp":"2026-06-10T22:41:23.827Z"}
{"level":"info","message":"Tablas CategoriasPlatillo y Platillos verificadas","timestamp":"2026-06-10T22:41:23.899Z"}
{"level":"info","message":"✅ Tablas Ciudades y Empresas verificadas","timestamp":"2026-06-10T22:41:24.031Z"}
{"level":"info","message":"✅ Ciudades base verificadas","timestamp":"2026-06-10T22:41:24.062Z"}
{"level":"info","message":"Servidor corriendo en http://localhost:3000","timestamp":"2026-06-10T22:41:24.071Z"}
{"level":"info","message":"Conexión a SQL Server establecida","timestamp":"2026-06-10T22:41:42.470Z"}
{"level":"info","message":"Tablas Roles, Permisos y RolPermiso verificadas","timestamp":"2026-06-10T22:41:42.606Z"}
{"level":"info","message":"Permisos base verificados","timestamp":"2026-06-10T22:41:42.619Z"}
{"level":"info","message":"Tabla Usuarios verificada","timestamp":"2026-06-10T22:41:42.682Z"}
{"level":"info","message":"Tablas Sesiones y RecuperacionPassword verificadas","timestamp":"2026-06-10T22:41:42.716Z"}
{"level":"info","message":"Tablas CategoriasPlatillo y Platillos verificadas","timestamp":"2026-06-10T22:41:42.781Z"}
{"level":"info","message":"✅ Tablas Ciudades y Empresas verificadas","timestamp":"2026-06-10T22:41:42.871Z"}
{"level":"info","message":"✅ Ciudades base verificadas","timestamp":"2026-06-10T22:41:42.886Z"}
{"level":"info","message":"Servidor corriendo en http://localhost:3000","timestamp":"2026-06-10T22:41:42.898Z"}
{"level":"error","message":{"method":"POST","path":"/api/dishes"},"timestamp":"2026-06-10T22:44:07.845Z"}
{"level":"info","message":{"action":"LOGIN","email":"admin@wasteless.com","idUsuario":"1","ip":"::1"},"timestamp":"2026-06-10T22:45:19.855Z"}
{"level":"error","message":{"method":"POST","path":"/api/dishes"},"timestamp":"2026-06-10T22:49:27.904Z"}
{"level":"info","message":{"action":"LOGIN","email":"admin@wasteless.com","idUsuario":"1","ip":"::1"},"timestamp":"2026-06-10T22:51:06.468Z"}
{"level":"error","message":{"method":"POST","path":"/api/dishes"},"timestamp":"2026-06-10T22:51:47.088Z"}
{"level":"error","message":{"method":"POST","path":"/api/dishes"},"timestamp":"2026-06-10T22:56:24.184Z"}
{"level":"error","message":{"method":"POST","path":"/api/dishes"},"timestamp":"2026-06-10T23:14:21.133Z"}
{"level":"error","message":{"method":"POST","path":"/api/dishes"},"timestamp":"2026-06-10T23:58:11.612Z"}
{"level":"info","message":"Conexión a SQL Server establecida","timestamp":"2026-06-11T00:04:39.396Z"}
{"level":"info","message":"Tablas Roles, Permisos y RolPermiso verificadas","timestamp":"2026-06-11T00:04:39.573Z"}
{"level":"info","message":"Permisos base verificados","timestamp":"2026-06-11T00:04:39.589Z"}
{"level":"info","message":"Tabla Usuarios verificada","timestamp":"2026-06-11T00:04:39.680Z"}
{"level":"info","message":"Tablas Sesiones y RecuperacionPassword verificadas","timestamp":"2026-06-11T00:04:39.722Z"}
{"level":"info","message":"Tablas CategoriasPlatillo y Platillos verificadas","timestamp":"2026-06-11T00:04:39.805Z"}
{"level":"info","message":"✅ Tablas Ciudades y Empresas verificadas","timestamp":"2026-06-11T00:04:39.893Z"}
{"level":"info","message":"✅ Ciudades base verificadas","timestamp":"2026-06-11T00:04:39.909Z"}
{"level":"info","message":"Servidor corriendo en http://localhost:3000","timestamp":"2026-06-11T00:04:39.917Z"}
{"level":"error","message":{"method":"POST","path":"/api/dishes"},"timestamp":"2026-06-11T00:06:07.640Z"}
{"level":"info","message":"Conexión a SQL Server establecida","timestamp":"2026-06-11T00:07:57.585Z"}
{"level":"info","message":"Tablas Roles, Permisos y RolPermiso verificadas","timestamp":"2026-06-11T00:07:57.731Z"}
{"level":"info","message":"Permisos base verificados","timestamp":"2026-06-11T00:07:57.755Z"}
{"level":"info","message":"Tabla Usuarios verificada","timestamp":"2026-06-11T00:07:57.824Z"}
{"level":"info","message":"Tablas Sesiones y RecuperacionPassword verificadas","timestamp":"2026-06-11T00:07:57.847Z"}
{"level":"info","message":"Tablas CategoriasPlatillo y Platillos verificadas","timestamp":"2026-06-11T00:07:57.933Z"}
{"level":"info","message":"✅ Tablas Ciudades y Empresas verificadas","timestamp":"2026-06-11T00:07:58.030Z"}
{"level":"info","message":"✅ Ciudades base verificadas","timestamp":"2026-06-11T00:07:58.047Z"}
{"level":"info","message":"Servidor corriendo en http://localhost:3000","timestamp":"2026-06-11T00:07:58.061Z"}
{"level":"info","message":{"action":"LOGIN","email":"admin@wasteless.com","idUsuario":"1","ip":"::1"},"timestamp":"2026-06-11T00:08:24.412Z"}
{"level":"error","message":{"method":"POST","path":"/api/dishes"},"timestamp":"2026-06-11T00:08:56.462Z"}
{"level":"info","message":"Conexión a SQL Server establecida","timestamp":"2026-06-11T00:12:34.656Z"}
{"level":"info","message":"Tablas Roles, Permisos y RolPermiso verificadas","timestamp":"2026-06-11T00:12:34.812Z"}
{"level":"info","message":"Permisos base verificados","timestamp":"2026-06-11T00:12:34.824Z"}
{"level":"info","message":"Tabla Usuarios verificada","timestamp":"2026-06-11T00:12:34.908Z"}
{"level":"info","message":"Tablas Sesiones y RecuperacionPassword verificadas","timestamp":"2026-06-11T00:12:34.983Z"}
{"level":"info","message":"Tablas CategoriasPlatillo y Platillos verificadas","timestamp":"2026-06-11T00:12:35.061Z"}
{"level":"info","message":"✅ Tablas Ciudades y Empresas verificadas","timestamp":"2026-06-11T00:12:35.153Z"}
{"level":"info","message":"✅ Ciudades base verificadas","timestamp":"2026-06-11T00:12:35.166Z"}
{"level":"info","message":"Servidor corriendo en http://localhost:3000","timestamp":"2026-06-11T00:12:35.184Z"}
{"level":"error","message":{"method":"POST","path":"/api/dishes"},"timestamp":"2026-06-11T00:13:25.966Z"}
{"level":"info","message":"Conexión a SQL Server establecida","timestamp":"2026-06-11T00:15:31.860Z"}
{"level":"info","message":"Tablas Roles, Permisos y RolPermiso verificadas","timestamp":"2026-06-11T00:15:32.044Z"}
{"level":"info","message":"Permisos base verificados","timestamp":"2026-06-11T00:15:32.058Z"}
{"level":"info","message":"Tabla Usuarios verificada","timestamp":"2026-06-11T00:15:32.122Z"}
{"level":"info","message":"Tablas Sesiones y RecuperacionPassword verificadas","timestamp":"2026-06-11T00:15:32.201Z"}
{"level":"info","message":"Tablas CategoriasPlatillo y Platillos verificadas","timestamp":"2026-06-11T00:15:32.273Z"}
{"level":"info","message":"✅ Tablas Ciudades y Empresas verificadas","timestamp":"2026-06-11T00:15:32.363Z"}
{"level":"info","message":"✅ Ciudades base verificadas","timestamp":"2026-06-11T00:15:32.386Z"}
{"level":"info","message":"Servidor corriendo en http://localhost:3000","timestamp":"2026-06-11T00:15:32.398Z"}
{"level":"error","message":{"method":"POST","path":"/api/dishes"},"timestamp":"2026-06-11T00:17:32.544Z"}
{"level":"info","message":"Conexión a SQL Server establecida","timestamp":"2026-06-11T00:18:37.169Z"}
{"level":"info","message":"Tablas Roles, Permisos y RolPermiso verificadas","timestamp":"2026-06-11T00:18:37.336Z"}
{"level":"info","message":"Permisos base verificados","timestamp":"2026-06-11T00:18:37.350Z"}
{"level":"info","message":"Tabla Usuarios verificada","timestamp":"2026-06-11T00:18:37.412Z"}
{"level":"info","message":"Tablas Sesiones y RecuperacionPassword verificadas","timestamp":"2026-06-11T00:18:37.436Z"}
{"level":"info","message":"Tablas CategoriasPlatillo y Platillos verificadas","timestamp":"2026-06-11T00:18:37.522Z"}
{"level":"info","message":"✅ Tablas Ciudades y Empresas verificadas","timestamp":"2026-06-11T00:18:37.620Z"}
{"level":"info","message":"✅ Ciudades base verificadas","timestamp":"2026-06-11T00:18:37.637Z"}
{"level":"info","message":"Servidor corriendo en http://localhost:3000","timestamp":"2026-06-11T00:18:37.646Z"}
{"level":"info","message":{"action":"CREATE_DISH","idPlatillo":"7","nombre":"Sancocho"},"timestamp":"2026-06-11T00:19:21.831Z"}
{"level":"info","message":{"action":"UPDATE_DISH","idPlatillo":7},"timestamp":"2026-06-11T00:21:15.489Z"}
{"level":"info","message":{"action":"CHANGE_DISH_STATUS","estado":"inactivo","idPlatillo":7},"timestamp":"2026-06-11T00:21:18.671Z"}
{"level":"info","message":{"action":"DELETE_DISH","idPlatillo":6},"timestamp":"2026-06-11T00:21:27.202Z"}
{"level":"info","message":{"action":"CHANGE_DISH_STATUS","estado":"activo","idPlatillo":7},"timestamp":"2026-06-11T00:21:31.438Z"}
{"level":"info","message":{"action":"DELETE_DISH","idPlatillo":7},"timestamp":"2026-06-11T00:21:37.440Z"}
{"level":"error","message":"[Microsoft][ODBC Driver 17 for SQL Server][SQL Server]Violation of UNIQUE KEY constraint 'UQ_Platillos_nombre'. Cannot insert duplicate key in object 'dbo.Platillos'. The duplicate key value is (Sancocho).","method":"POST","path":"/api/dishes","stack":"RequestError: [Microsoft][ODBC Driver 17 for SQL Server][SQL Server]Violation of UNIQUE KEY constraint 'UQ_Platillos_nombre'. Cannot insert duplicate key in object 'dbo.Platillos'. The duplicate key value is (Sancocho).\n    at handleError (C:\\Users\\samue\\Desktop\\Api_WasteLess\\node_modules\\mssql\\lib\\msnodesqlv8\\request.js:291:21)\n    at StreamEvents.emit (node:events:518:28)\n    at C:\\Users\\samue\\Desktop\\Api_WasteLess\\node_modules\\msnodesqlv8\\lib\\reader.js:94:20\n    at Array.forEach (<anonymous>)\n    at Query.routeStatementError (C:\\Users\\samue\\Desktop\\Api_WasteLess\\node_modules\\msnodesqlv8\\lib\\reader.js:84:19)\n    at C:\\Users\\samue\\Desktop\\Api_WasteLess\\node_modules\\msnodesqlv8\\lib\\reader.js:436:12","timestamp":"2026-06-11T00:22:19.754Z"}
{"level":"info","message":"Conexión a SQL Server establecida","timestamp":"2026-06-11T00:24:11.578Z"}
{"level":"info","message":"Tablas Roles, Permisos y RolPermiso verificadas","timestamp":"2026-06-11T00:24:11.822Z"}
{"level":"info","message":"Permisos base verificados","timestamp":"2026-06-11T00:24:11.836Z"}
{"level":"info","message":"Tabla Usuarios verificada","timestamp":"2026-06-11T00:24:11.917Z"}
{"level":"info","message":"Tablas Sesiones y RecuperacionPassword verificadas","timestamp":"2026-06-11T00:24:12.026Z"}
{"level":"info","message":"Tablas CategoriasPlatillo y Platillos verificadas","timestamp":"2026-06-11T00:24:12.163Z"}
{"level":"info","message":"✅ Tablas Ciudades y Empresas verificadas","timestamp":"2026-06-11T00:24:12.293Z"}
{"level":"info","message":"✅ Ciudades base verificadas","timestamp":"2026-06-11T00:24:12.318Z"}
{"level":"info","message":"Servidor corriendo en http://localhost:3000","timestamp":"2026-06-11T00:24:12.343Z"}
{"level":"info","message":{"action":"CREATE_DISH","idPlatillo":"9","nombre":"Sancocho"},"timestamp":"2026-06-11T00:25:55.657Z"}
{"level":"info","message":{"action":"DELETE_DISH","idPlatillo":9},"timestamp":"2026-06-11T00:26:55.373Z"}
{"level":"error","message":"INVALID_IMAGE","method":"POST","path":"/api/dishes","stack":"Error: INVALID_IMAGE\n    at fileFilter (C:\\Users\\samue\\Desktop\\Api_WasteLess\\src\\modules\\platillos\\gestion-platillos\\infrastructure\\database\\cloudinary.js:33:17)\n    at wrappedFileFilter (C:\\Users\\samue\\Desktop\\Api_WasteLess\\node_modules\\multer\\index.js:45:7)\n    at Multipart.<anonymous> (C:\\Users\\samue\\Desktop\\Api_WasteLess\\node_modules\\multer\\lib\\make-middleware.js:183:7)\n    at Multipart.emit (node:events:518:28)\n    at HeaderParser.cb (C:\\Users\\samue\\Desktop\\Api_WasteLess\\node_modules\\busboy\\lib\\types\\multipart.js:358:14)\n    at HeaderParser.push (C:\\Users\\samue\\Desktop\\Api_WasteLess\\node_modules\\busboy\\lib\\types\\multipart.js:162:20)\n    at SBMH.ssCb [as _cb] (C:\\Users\\samue\\Desktop\\Api_WasteLess\\node_modules\\busboy\\lib\\types\\multipart.js:394:37)\n    at feed (C:\\Users\\samue\\Desktop\\Api_WasteLess\\node_modules\\streamsearch\\lib\\sbmh.js:248:10)\n    at SBMH.push (C:\\Users\\samue\\Desktop\\Api_WasteLess\\node_modules\\streamsearch\\lib\\sbmh.js:104:16)\n    at Multipart._write (C:\\Users\\samue\\Desktop\\Api_WasteLess\\node_modules\\busboy\\lib\\types\\multipart.js:567:19)","timestamp":"2026-06-11T00:30:04.119Z"}
{"level":"info","message":{"action":"CREATE_DISH","idPlatillo":"10","nombre":"Quesadillas"},"timestamp":"2026-06-11T00:32:49.325Z"}
{"level":"info","message":{"action":"CHANGE_DISH_STATUS","estado":"inactivo","idPlatillo":10},"timestamp":"2026-06-11T00:33:05.398Z"}
{"level":"info","message":{"action":"CHANGE_DISH_STATUS","estado":"activo","idPlatillo":10},"timestamp":"2026-06-11T00:33:12.758Z"}
{"level":"info","message":{"action":"UPDATE_DISH","idPlatillo":10},"timestamp":"2026-06-11T00:33:48.666Z"}
{"level":"info","message":{"action":"CREATE_USER","email":"vherrerag73@gmail.com","idUsuario":"27"},"timestamp":"2026-06-11T00:44:41.537Z"}
{"level":"info","message":{"action":"CHANGE_USER_STATUS","estado":"inactivo","idUsuario":27},"timestamp":"2026-06-11T00:44:58.439Z"}
{"level":"info","message":{"action":"CHANGE_USER_STATUS","estado":"activo","idUsuario":27},"timestamp":"2026-06-11T00:44:58.755Z"}
{"level":"info","message":{"action":"CHANGE_USER_STATUS","estado":"inactivo","idUsuario":27},"timestamp":"2026-06-11T00:45:01.333Z"}
{"level":"info","message":{"action":"CHANGE_USER_STATUS","estado":"activo","idUsuario":27},"timestamp":"2026-06-11T00:45:04.547Z"}
{"level":"info","message":{"action":"CREATE_DISH","idPlatillo":"11","nombre":"Ceviche de camarones"},"timestamp":"2026-06-11T00:55:22.692Z"}
{"level":"info","message":{"action":"LOGIN","email":"admin@wasteless.com","idUsuario":"1","ip":"::1"},"timestamp":"2026-06-11T01:02:38.592Z"}
{"level":"info","message":{"action":"CREATE_ROLE","idRol":"33","nombre":"Supervidor"},"timestamp":"2026-06-11T01:03:46.251Z"}
{"level":"info","message":{"action":"ASSIGN_PERMISSIONS","idRol":33,"permisos":[5,7,9,11,13,15]},"timestamp":"2026-06-11T01:03:46.313Z"}
{"level":"info","message":{"action":"CHANGE_ROLE_STATUS","estado":"inactivo","idRol":33},"timestamp":"2026-06-11T01:03:58.623Z"}
{"level":"info","message":{"action":"CHANGE_ROLE_STATUS","estado":"activo","idRol":33},"timestamp":"2026-06-11T01:03:59.858Z"}
{"level":"info","message":{"action":"DELETE_ROLE","idRol":33},"timestamp":"2026-06-11T01:04:01.562Z"}
{"level":"info","message":{"action":"LOGIN","email":"admin@wasteless.com","idUsuario":"1","ip":"::1"},"timestamp":"2026-06-11T01:40:04.818Z"}
{"level":"error","message":"\"nombreEmpresa\" is required","method":"POST","path":"/api/companies","stack":"Error: \"nombreEmpresa\" is required\n    at CompanyController.create (C:\\Users\\samue\\Desktop\\Api_WasteLess\\src\\modules\\planeacion-gastronomica\\gestion-empresas\\interfaces\\controllers\\CompanyController.js:22:24)\n    at C:\\Users\\samue\\Desktop\\Api_WasteLess\\src\\modules\\planeacion-gastronomica\\gestion-empresas\\interfaces\\routes\\companyRoutes.js:10:87\n    at Layer.handleRequest (C:\\Users\\samue\\Desktop\\Api_WasteLess\\node_modules\\router\\lib\\layer.js:152:17)\n    at next (C:\\Users\\samue\\Desktop\\Api_WasteLess\\node_modules\\router\\lib\\route.js:157:13)\n    at C:\\Users\\samue\\Desktop\\Api_WasteLess\\src\\shared\\middleware\\authorize.js:11:5\n    at Layer.handleRequest (C:\\Users\\samue\\Desktop\\Api_WasteLess\\node_modules\\router\\lib\\layer.js:152:17)\n    at next (C:\\Users\\samue\\Desktop\\Api_WasteLess\\node_modules\\router\\lib\\route.js:157:13)\n    at Route.dispatch (C:\\Users\\samue\\Desktop\\Api_WasteLess\\node_modules\\router\\lib\\route.js:117:3)\n    at handle (C:\\Users\\samue\\Desktop\\Api_WasteLess\\node_modules\\router\\index.js:435:11)\n    at Layer.handleRequest (C:\\Users\\samue\\Desktop\\Api_WasteLess\\node_modules\\router\\lib\\layer.js:152:17)","timestamp":"2026-06-11T01:41:16.711Z"}
{"level":"error","message":"\"tipoEmpresa\" is required","method":"POST","path":"/api/companies","stack":"Error: \"tipoEmpresa\" is required\n    at CompanyController.create (C:\\Users\\samue\\Desktop\\Api_WasteLess\\src\\modules\\planeacion-gastronomica\\gestion-empresas\\interfaces\\controllers\\CompanyController.js:22:24)\n    at C:\\Users\\samue\\Desktop\\Api_WasteLess\\src\\modules\\planeacion-gastronomica\\gestion-empresas\\interfaces\\routes\\companyRoutes.js:10:87\n    at Layer.handleRequest (C:\\Users\\samue\\Desktop\\Api_WasteLess\\node_modules\\router\\lib\\layer.js:152:17)\n    at next (C:\\Users\\samue\\Desktop\\Api_WasteLess\\node_modules\\router\\lib\\route.js:157:13)\n    at C:\\Users\\samue\\Desktop\\Api_WasteLess\\src\\shared\\middleware\\authorize.js:11:5\n    at Layer.handleRequest (C:\\Users\\samue\\Desktop\\Api_WasteLess\\node_modules\\router\\lib\\layer.js:152:17)\n    at next (C:\\Users\\samue\\Desktop\\Api_WasteLess\\node_modules\\router\\lib\\route.js:157:13)\n    at Route.dispatch (C:\\Users\\samue\\Desktop\\Api_WasteLess\\node_modules\\router\\lib\\route.js:117:3)\n    at handle (C:\\Users\\samue\\Desktop\\Api_WasteLess\\node_modules\\router\\index.js:435:11)\n    at Layer.handleRequest (C:\\Users\\samue\\Desktop\\Api_WasteLess\\node_modules\\router\\lib\\layer.js:152:17)","timestamp":"2026-06-11T01:41:37.551Z"}
{"level":"error","message":"\"tipoEmpresa\" must be one of [Jurídica, Natural]","method":"POST","path":"/api/companies","stack":"Error: \"tipoEmpresa\" must be one of [Jurídica, Natural]\n    at CompanyController.create (C:\\Users\\samue\\Desktop\\Api_WasteLess\\src\\modules\\planeacion-gastronomica\\gestion-empresas\\interfaces\\controllers\\CompanyController.js:22:24)\n    at C:\\Users\\samue\\Desktop\\Api_WasteLess\\src\\modules\\planeacion-gastronomica\\gestion-empresas\\interfaces\\routes\\companyRoutes.js:10:87\n    at Layer.handleRequest (C:\\Users\\samue\\Desktop\\Api_WasteLess\\node_modules\\router\\lib\\layer.js:152:17)\n    at next (C:\\Users\\samue\\Desktop\\Api_WasteLess\\node_modules\\router\\lib\\route.js:157:13)\n    at C:\\Users\\samue\\Desktop\\Api_WasteLess\\src\\shared\\middleware\\authorize.js:11:5\n    at Layer.handleRequest (C:\\Users\\samue\\Desktop\\Api_WasteLess\\node_modules\\router\\lib\\layer.js:152:17)\n    at next (C:\\Users\\samue\\Desktop\\Api_WasteLess\\node_modules\\router\\lib\\route.js:157:13)\n    at Route.dispatch (C:\\Users\\samue\\Desktop\\Api_WasteLess\\node_modules\\router\\lib\\route.js:117:3)\n    at handle (C:\\Users\\samue\\Desktop\\Api_WasteLess\\node_modules\\router\\index.js:435:11)\n    at Layer.handleRequest (C:\\Users\\samue\\Desktop\\Api_WasteLess\\node_modules\\router\\lib\\layer.js:152:17)","timestamp":"2026-06-11T01:41:53.883Z"}
{"level":"error","message":"\"tipoEmpresa\" must be one of [Jurídica, Natural]","method":"POST","path":"/api/companies","stack":"Error: \"tipoEmpresa\" must be one of [Jurídica, Natural]\n    at CompanyController.create (C:\\Users\\samue\\Desktop\\Api_WasteLess\\src\\modules\\planeacion-gastronomica\\gestion-empresas\\interfaces\\controllers\\CompanyController.js:22:24)\n    at C:\\Users\\samue\\Desktop\\Api_WasteLess\\src\\modules\\planeacion-gastronomica\\gestion-empresas\\interfaces\\routes\\companyRoutes.js:10:87\n    at Layer.handleRequest (C:\\Users\\samue\\Desktop\\Api_WasteLess\\node_modules\\router\\lib\\layer.js:152:17)\n    at next (C:\\Users\\samue\\Desktop\\Api_WasteLess\\node_modules\\router\\lib\\route.js:157:13)\n    at C:\\Users\\samue\\Desktop\\Api_WasteLess\\src\\shared\\middleware\\authorize.js:11:5\n    at Layer.handleRequest (C:\\Users\\samue\\Desktop\\Api_WasteLess\\node_modules\\router\\lib\\layer.js:152:17)\n    at next (C:\\Users\\samue\\Desktop\\Api_WasteLess\\node_modules\\router\\lib\\route.js:157:13)\n    at Route.dispatch (C:\\Users\\samue\\Desktop\\Api_WasteLess\\node_modules\\router\\lib\\route.js:117:3)\n    at handle (C:\\Users\\samue\\Desktop\\Api_WasteLess\\node_modules\\router\\index.js:435:11)\n    at Layer.handleRequest (C:\\Users\\samue\\Desktop\\Api_WasteLess\\node_modules\\router\\lib\\layer.js:152:17)","timestamp":"2026-06-11T01:42:12.092Z"}
{"level":"info","message":{"action":"CREATE_COMPANY","idEmpresa":"1","nit":"899.999.068-1"},"timestamp":"2026-06-11T02:07:00.682Z"}
{"level":"error","message":"\"tipoEmpresa\" must be one of [Jurídica, Natural]","method":"POST","path":"/api/companies","stack":"Error: \"tipoEmpresa\" must be one of [Jurídica, Natural]\n    at CompanyController.create (C:\\Users\\samue\\Desktop\\Api_WasteLess\\src\\modules\\planeacion-gastronomica\\gestion-empresas\\interfaces\\controllers\\CompanyController.js:22:24)\n    at C:\\Users\\samue\\Desktop\\Api_WasteLess\\src\\modules\\planeacion-gastronomica\\gestion-empresas\\interfaces\\routes\\companyRoutes.js:10:87\n    at Layer.handleRequest (C:\\Users\\samue\\Desktop\\Api_WasteLess\\node_modules\\router\\lib\\layer.js:152:17)\n    at next (C:\\Users\\samue\\Desktop\\Api_WasteLess\\node_modules\\router\\lib\\route.js:157:13)\n    at C:\\Users\\samue\\Desktop\\Api_WasteLess\\src\\shared\\middleware\\authorize.js:11:5\n    at Layer.handleRequest (C:\\Users\\samue\\Desktop\\Api_WasteLess\\node_modules\\router\\lib\\layer.js:152:17)\n    at next (C:\\Users\\samue\\Desktop\\Api_WasteLess\\node_modules\\router\\lib\\route.js:157:13)\n    at Route.dispatch (C:\\Users\\samue\\Desktop\\Api_WasteLess\\node_modules\\router\\lib\\route.js:117:3)\n    at handle (C:\\Users\\samue\\Desktop\\Api_WasteLess\\node_modules\\router\\index.js:435:11)\n    at Layer.handleRequest (C:\\Users\\samue\\Desktop\\Api_WasteLess\\node_modules\\router\\lib\\layer.js:152:17)","timestamp":"2026-06-11T02:23:43.521Z"}
{"level":"info","message":{"action":"CREATE_COMPANY","idEmpresa":"2","nit":"123-1"},"timestamp":"2026-06-11T02:26:41.213Z"}
{"level":"info","message":{"action":"CREATE_COMPANY","idEmpresa":"3","nit":"CC-|123312312"},"timestamp":"2026-06-11T02:29:10.096Z"}
{"level":"info","message":{"action":"DELETE_COMPANY","idEmpresa":2},"timestamp":"2026-06-11T02:29:18.618Z"}
{"level":"info","message":{"action":"DELETE_COMPANY","idEmpresa":3},"timestamp":"2026-06-11T02:32:04.538Z"}
{"level":"info","message":{"action":"CREATE_COMPANY","idEmpresa":"4","nit":"CC-123312312"},"timestamp":"2026-06-11T02:32:32.276Z"}
{"level":"info","message":{"action":"UPDATE_COMPANY","idEmpresa":4},"timestamp":"2026-06-11T02:49:56.643Z"}
{"level":"error","message":"Ya existe una empresa con ese NIT","method":"PUT","path":"/api/companies/4","stack":"Error: Ya existe una empresa con ese NIT\n    at UpdateCompany.execute (C:\\Users\\samue\\Desktop\\Api_WasteLess\\src\\modules\\planeacion-gastronomica\\gestion-empresas\\application\\use-cases\\UpdateCompany.js:17:28)\n    at runNextTicks (node:internal/process/task_queues:65:5)\n    at process.processImmediate (node:internal/timers:453:9)\n    at async CompanyController.update (C:\\Users\\samue\\Desktop\\Api_WasteLess\\src\\modules\\planeacion-gastronomica\\gestion-empresas\\interfaces\\controllers\\CompanyController.js:57:23)","timestamp":"2026-06-11T02:50:05.826Z"}
{"level":"info","message":{"action":"UPDATE_COMPANY","idEmpresa":4},"timestamp":"2026-06-11T02:50:13.778Z"}
{"level":"info","message":{"action":"DELETE_USER","idUsuario":3},"timestamp":"2026-06-11T03:00:26.995Z"}
{"level":"info","message":{"action":"DELETE_USER","idUsuario":4},"timestamp":"2026-06-11T03:00:30.837Z"}
{"level":"info","message":{"action":"DELETE_USER","idUsuario":8},"timestamp":"2026-06-11T03:00:34.166Z"}
{"level":"info","message":{"action":"DELETE_USER","idUsuario":26},"timestamp":"2026-06-11T03:00:38.089Z"}
{"level":"info","message":{"action":"DELETE_COMPANY","idEmpresa":4},"timestamp":"2026-06-11T03:00:44.287Z"}
{"level":"info","message":"Conexión a SQL Server establecida","timestamp":"2026-06-11T11:29:43.982Z"}
{"level":"info","message":"Tablas Roles, Permisos y RolPermiso verificadas","timestamp":"2026-06-11T11:29:44.278Z"}
{"level":"info","message":"Permisos base verificados","timestamp":"2026-06-11T11:29:44.312Z"}
{"level":"info","message":"Tabla Usuarios verificada","timestamp":"2026-06-11T11:29:44.385Z"}
{"level":"info","message":"Tablas Sesiones y RecuperacionPassword verificadas","timestamp":"2026-06-11T11:29:44.466Z"}
{"level":"info","message":"Tablas CategoriasPlatillo y Platillos verificadas","timestamp":"2026-06-11T11:29:44.609Z"}
{"level":"info","message":"✅ Tablas Ciudades y Empresas verificadas","timestamp":"2026-06-11T11:29:45.148Z"}
{"level":"info","message":"✅ Ciudades base verificadas","timestamp":"2026-06-11T11:29:45.166Z"}
{"level":"info","message":"Servidor corriendo en http://localhost:3000","timestamp":"2026-06-11T11:29:45.183Z"}
{"level":"info","message":{"action":"LOGIN","email":"admin@wasteless.com","idUsuario":"1","ip":"::1"},"timestamp":"2026-06-11T11:32:30.224Z"}
{"level":"error","message":"[Microsoft][ODBC Driver 17 for SQL Server][SQL Server]Violation of UNIQUE KEY constraint 'UQ_Usuarios_documento'. Cannot insert duplicate key in object 'dbo.Usuarios'. The duplicate key value is (1025762827).","method":"POST","path":"/api/users","stack":"RequestError: [Microsoft][ODBC Driver 17 for SQL Server][SQL Server]Violation of UNIQUE KEY constraint 'UQ_Usuarios_documento'. Cannot insert duplicate key in object 'dbo.Usuarios'. The duplicate key value is (1025762827).\n    at handleError (C:\\Users\\samue\\Desktop\\Api_WasteLess\\node_modules\\mssql\\lib\\msnodesqlv8\\request.js:291:21)\n    at StreamEvents.emit (node:events:518:28)\n    at C:\\Users\\samue\\Desktop\\Api_WasteLess\\node_modules\\msnodesqlv8\\lib\\reader.js:94:20\n    at Array.forEach (<anonymous>)\n    at Query.routeStatementError (C:\\Users\\samue\\Desktop\\Api_WasteLess\\node_modules\\msnodesqlv8\\lib\\reader.js:84:19)\n    at C:\\Users\\samue\\Desktop\\Api_WasteLess\\node_modules\\msnodesqlv8\\lib\\reader.js:436:12","timestamp":"2026-06-11T11:45:37.022Z"}
{"level":"info","message":{"action":"DELETE_COMPANY","idEmpresa":1},"timestamp":"2026-06-11T11:46:22.765Z"}
{"level":"error","message":"[Microsoft][ODBC Driver 17 for SQL Server][SQL Server]Violation of UNIQUE KEY constraint 'UQ_Empresas_nit'. Cannot insert duplicate key in object 'dbo.Empresas'. The duplicate key value is (899.999.068-1).","method":"POST","path":"/api/companies","stack":"RequestError: [Microsoft][ODBC Driver 17 for SQL Server][SQL Server]Violation of UNIQUE KEY constraint 'UQ_Empresas_nit'. Cannot insert duplicate key in object 'dbo.Empresas'. The duplicate key value is (899.999.068-1).\n    at handleError (C:\\Users\\samue\\Desktop\\Api_WasteLess\\node_modules\\mssql\\lib\\msnodesqlv8\\request.js:291:21)\n    at StreamEvents.emit (node:events:518:28)\n    at C:\\Users\\samue\\Desktop\\Api_WasteLess\\node_modules\\msnodesqlv8\\lib\\reader.js:94:20\n    at Array.forEach (<anonymous>)\n    at Query.routeStatementError (C:\\Users\\samue\\Desktop\\Api_WasteLess\\node_modules\\msnodesqlv8\\lib\\reader.js:84:19)\n    at C:\\Users\\samue\\Desktop\\Api_WasteLess\\node_modules\\msnodesqlv8\\lib\\reader.js:436:12","timestamp":"2026-06-11T11:47:07.427Z"}
{"level":"error","message":"[Microsoft][ODBC Driver 17 for SQL Server][SQL Server]Violation of UNIQUE KEY constraint 'UQ_Empresas_nit'. Cannot insert duplicate key in object 'dbo.Empresas'. The duplicate key value is (899.999.068-1).","method":"POST","path":"/api/companies","stack":"RequestError: [Microsoft][ODBC Driver 17 for SQL Server][SQL Server]Violation of UNIQUE KEY constraint 'UQ_Empresas_nit'. Cannot insert duplicate key in object 'dbo.Empresas'. The duplicate key value is (899.999.068-1).\n    at handleError (C:\\Users\\samue\\Desktop\\Api_WasteLess\\node_modules\\mssql\\lib\\msnodesqlv8\\request.js:291:21)\n    at StreamEvents.emit (node:events:518:28)\n    at C:\\Users\\samue\\Desktop\\Api_WasteLess\\node_modules\\msnodesqlv8\\lib\\reader.js:94:20\n    at Array.forEach (<anonymous>)\n    at Query.routeStatementError (C:\\Users\\samue\\Desktop\\Api_WasteLess\\node_modules\\msnodesqlv8\\lib\\reader.js:84:19)\n    at C:\\Users\\samue\\Desktop\\Api_WasteLess\\node_modules\\msnodesqlv8\\lib\\reader.js:436:12","timestamp":"2026-06-11T11:48:05.980Z"}
{"level":"info","message":"Conexión a SQL Server establecida","timestamp":"2026-06-11T11:50:41.393Z"}
{"level":"info","message":"Tablas Roles, Permisos y RolPermiso verificadas","timestamp":"2026-06-11T11:50:41.552Z"}
{"level":"info","message":"Permisos base verificados","timestamp":"2026-06-11T11:50:41.566Z"}
{"level":"info","message":"Tabla Usuarios verificada","timestamp":"2026-06-11T11:50:41.628Z"}
{"level":"info","message":"Tablas Sesiones y RecuperacionPassword verificadas","timestamp":"2026-06-11T11:50:41.659Z"}
{"level":"info","message":"Tablas CategoriasPlatillo y Platillos verificadas","timestamp":"2026-06-11T11:50:41.757Z"}
{"level":"info","message":"✅ Tablas Ciudades y Empresas verificadas","timestamp":"2026-06-11T11:50:41.834Z"}
{"level":"info","message":"✅ Ciudades base verificadas","timestamp":"2026-06-11T11:50:41.848Z"}
{"level":"info","message":"Servidor corriendo en http://localhost:3000","timestamp":"2026-06-11T11:50:41.856Z"}
{"level":"info","message":"Conexión a SQL Server establecida","timestamp":"2026-06-11T11:50:49.265Z"}
{"level":"info","message":"Tablas Roles, Permisos y RolPermiso verificadas","timestamp":"2026-06-11T11:50:49.622Z"}
{"level":"info","message":"Permisos base verificados","timestamp":"2026-06-11T11:50:49.641Z"}
{"level":"info","message":"Conexión a SQL Server establecida","timestamp":"2026-06-11T11:50:54.550Z"}
{"level":"info","message":"Tablas Roles, Permisos y RolPermiso verificadas","timestamp":"2026-06-11T11:50:54.677Z"}
{"level":"info","message":"Permisos base verificados","timestamp":"2026-06-11T11:50:54.689Z"}
{"level":"info","message":"Tabla Usuarios verificada","timestamp":"2026-06-11T11:50:54.738Z"}
{"level":"info","message":"Tablas Sesiones y RecuperacionPassword verificadas","timestamp":"2026-06-11T11:50:54.759Z"}
{"level":"info","message":"Tablas CategoriasPlatillo y Platillos verificadas","timestamp":"2026-06-11T11:50:54.829Z"}
{"level":"info","message":"✅ Tablas Ciudades y Empresas verificadas","timestamp":"2026-06-11T11:50:54.892Z"}
{"level":"info","message":"✅ Ciudades base verificadas","timestamp":"2026-06-11T11:50:54.904Z"}
{"level":"info","message":"Servidor corriendo en http://localhost:3000","timestamp":"2026-06-11T11:50:54.913Z"}
{"level":"error","message":"[Microsoft][ODBC Driver 17 for SQL Server][SQL Server]Violation of UNIQUE KEY constraint 'UQ_Empresas_nit'. Cannot insert duplicate key in object 'dbo.Empresas'. The duplicate key value is (899.999.068-1).","method":"POST","path":"/api/companies","stack":"RequestError: [Microsoft][ODBC Driver 17 for SQL Server][SQL Server]Violation of UNIQUE KEY constraint 'UQ_Empresas_nit'. Cannot insert duplicate key in object 'dbo.Empresas'. The duplicate key value is (899.999.068-1).\n    at handleError (C:\\Users\\samue\\Desktop\\Api_WasteLess\\node_modules\\mssql\\lib\\msnodesqlv8\\request.js:291:21)\n    at StreamEvents.emit (node:events:518:28)\n    at C:\\Users\\samue\\Desktop\\Api_WasteLess\\node_modules\\msnodesqlv8\\lib\\reader.js:94:20\n    at Array.forEach (<anonymous>)\n    at Query.routeStatementError (C:\\Users\\samue\\Desktop\\Api_WasteLess\\node_modules\\msnodesqlv8\\lib\\reader.js:84:19)\n    at C:\\Users\\samue\\Desktop\\Api_WasteLess\\node_modules\\msnodesqlv8\\lib\\reader.js:436:12","timestamp":"2026-06-11T11:51:36.833Z"}
{"level":"info","message":{"action":"CREATE_COMPANY","idEmpresa":"8","nit":"899.999.068-1"},"timestamp":"2026-06-11T11:52:59.326Z"}
{"level":"error","message":"[Microsoft][ODBC Driver 17 for SQL Server][SQL Server]Violation of UNIQUE KEY constraint 'UQ_Usuarios_documento'. Cannot insert duplicate key in object 'dbo.Usuarios'. The duplicate key value is (1025762827).","method":"POST","path":"/api/users","stack":"RequestError: [Microsoft][ODBC Driver 17 for SQL Server][SQL Server]Violation of UNIQUE KEY constraint 'UQ_Usuarios_documento'. Cannot insert duplicate key in object 'dbo.Usuarios'. The duplicate key value is (1025762827).\n    at handleError (C:\\Users\\samue\\Desktop\\Api_WasteLess\\node_modules\\mssql\\lib\\msnodesqlv8\\request.js:291:21)\n    at StreamEvents.emit (node:events:518:28)\n    at C:\\Users\\samue\\Desktop\\Api_WasteLess\\node_modules\\msnodesqlv8\\lib\\reader.js:94:20\n    at Array.forEach (<anonymous>)\n    at Query.routeStatementError (C:\\Users\\samue\\Desktop\\Api_WasteLess\\node_modules\\msnodesqlv8\\lib\\reader.js:84:19)\n    at C:\\Users\\samue\\Desktop\\Api_WasteLess\\node_modules\\msnodesqlv8\\lib\\reader.js:436:12","timestamp":"2026-06-11T11:53:32.487Z"}
{"level":"info","message":"Conexión a SQL Server establecida","timestamp":"2026-06-11T11:54:54.685Z"}
{"level":"info","message":"Tablas Roles, Permisos y RolPermiso verificadas","timestamp":"2026-06-11T11:54:54.953Z"}
{"level":"info","message":"Permisos base verificados","timestamp":"2026-06-11T11:54:54.986Z"}
{"level":"info","message":"Tabla Usuarios verificada","timestamp":"2026-06-11T11:54:55.101Z"}
{"level":"info","message":"Tablas Sesiones y RecuperacionPassword verificadas","timestamp":"2026-06-11T11:54:55.157Z"}
{"level":"info","message":"Tablas CategoriasPlatillo y Platillos verificadas","timestamp":"2026-06-11T11:54:55.323Z"}
{"level":"info","message":"✅ Tablas Ciudades y Empresas verificadas","timestamp":"2026-06-11T11:54:55.556Z"}
{"level":"info","message":"✅ Ciudades base verificadas","timestamp":"2026-06-11T11:54:55.640Z"}
{"level":"info","message":"Servidor corriendo en http://localhost:3000","timestamp":"2026-06-11T11:54:55.675Z"}
{"level":"error","message":"[Microsoft][ODBC Driver 17 for SQL Server][SQL Server]Violation of UNIQUE KEY constraint 'UQ_Usuarios_email'. Cannot insert duplicate key in object 'dbo.Usuarios'. The duplicate key value is (samuelurrego4@gmail.com).","method":"POST","path":"/api/users","stack":"RequestError: [Microsoft][ODBC Driver 17 for SQL Server][SQL Server]Violation of UNIQUE KEY constraint 'UQ_Usuarios_email'. Cannot insert duplicate key in object 'dbo.Usuarios'. The duplicate key value is (samuelurrego4@gmail.com).\n    at handleError (C:\\Users\\samue\\Desktop\\Api_WasteLess\\node_modules\\mssql\\lib\\msnodesqlv8\\request.js:291:21)\n    at StreamEvents.emit (node:events:518:28)\n    at C:\\Users\\samue\\Desktop\\Api_WasteLess\\node_modules\\msnodesqlv8\\lib\\reader.js:94:20\n    at Array.forEach (<anonymous>)\n    at Query.routeStatementError (C:\\Users\\samue\\Desktop\\Api_WasteLess\\node_modules\\msnodesqlv8\\lib\\reader.js:84:19)\n    at C:\\Users\\samue\\Desktop\\Api_WasteLess\\node_modules\\msnodesqlv8\\lib\\reader.js:436:12","timestamp":"2026-06-11T11:56:56.642Z"}
{"level":"info","message":{"action":"CREATE_USER","email":"samuelurrego4@gmail.com","idUsuario":"31"},"timestamp":"2026-06-11T11:58:24.898Z"}
{"level":"info","message":{"action":"DELETE_USER","idUsuario":31},"timestamp":"2026-06-11T12:12:59.346Z"}
{"level":"info","message":{"action":"CREATE_USER","email":"samuelurrego4@gmail.com","idUsuario":"32"},"timestamp":"2026-06-11T12:13:17.160Z"}
{"level":"error","message":"El email no tiene un formato válido","method":"POST","path":"/api/auth/login","stack":"Error: El email no tiene un formato válido\n    at AuthController.login (C:\\Users\\samue\\Desktop\\Api_WasteLess\\src\\modules\\usuarios\\gestion-acceso\\interfaces\\controllers\\AuthController.js:21:22)\n    at C:\\Users\\samue\\Desktop\\Api_WasteLess\\src\\modules\\usuarios\\gestion-acceso\\interfaces\\routes\\authRoutes.js:6:58\n    at Layer.handleRequest (C:\\Users\\samue\\Desktop\\Api_WasteLess\\node_modules\\router\\lib\\layer.js:152:17)\n    at next (C:\\Users\\samue\\Desktop\\Api_WasteLess\\node_modules\\router\\lib\\route.js:157:13)\n    at Route.dispatch (C:\\Users\\samue\\Desktop\\Api_WasteLess\\node_modules\\router\\lib\\route.js:117:3)\n    at handle (C:\\Users\\samue\\Desktop\\Api_WasteLess\\node_modules\\router\\index.js:435:11)\n    at Layer.handleRequest (C:\\Users\\samue\\Desktop\\Api_WasteLess\\node_modules\\router\\lib\\layer.js:152:17)\n    at C:\\Users\\samue\\Desktop\\Api_WasteLess\\node_modules\\router\\index.js:295:15\n    at processParams (C:\\Users\\samue\\Desktop\\Api_WasteLess\\node_modules\\router\\index.js:582:12)\n    at next (C:\\Users\\samue\\Desktop\\Api_WasteLess\\node_modules\\router\\index.js:291:5)","timestamp":"2026-06-11T12:14:05.420Z"}
{"level":"error","message":"El email no tiene un formato válido","method":"POST","path":"/api/auth/login","stack":"Error: El email no tiene un formato válido\n    at AuthController.login (C:\\Users\\samue\\Desktop\\Api_WasteLess\\src\\modules\\usuarios\\gestion-acceso\\interfaces\\controllers\\AuthController.js:21:22)\n    at C:\\Users\\samue\\Desktop\\Api_WasteLess\\src\\modules\\usuarios\\gestion-acceso\\interfaces\\routes\\authRoutes.js:6:58\n    at Layer.handleRequest (C:\\Users\\samue\\Desktop\\Api_WasteLess\\node_modules\\router\\lib\\layer.js:152:17)\n    at next (C:\\Users\\samue\\Desktop\\Api_WasteLess\\node_modules\\router\\lib\\route.js:157:13)\n    at Route.dispatch (C:\\Users\\samue\\Desktop\\Api_WasteLess\\node_modules\\router\\lib\\route.js:117:3)\n    at handle (C:\\Users\\samue\\Desktop\\Api_WasteLess\\node_modules\\router\\index.js:435:11)\n    at Layer.handleRequest (C:\\Users\\samue\\Desktop\\Api_WasteLess\\node_modules\\router\\lib\\layer.js:152:17)\n    at C:\\Users\\samue\\Desktop\\Api_WasteLess\\node_modules\\router\\index.js:295:15\n    at processParams (C:\\Users\\samue\\Desktop\\Api_WasteLess\\node_modules\\router\\index.js:582:12)\n    at next (C:\\Users\\samue\\Desktop\\Api_WasteLess\\node_modules\\router\\index.js:291:5)","timestamp":"2026-06-11T12:14:26.827Z"}
{"level":"info","message":{"action":"LOGIN","email":"admin@wasteless.com","idUsuario":"1","ip":"::1"},"timestamp":"2026-06-11T12:15:07.694Z"}
{"level":"info","message":{"action":"LOGIN","email":"admin@wasteless.com","idUsuario":"1","ip":"::1"},"timestamp":"2026-06-11T12:26:24.622Z"}
{"level":"info","message":{"action":"CHANGE_ROLE_STATUS","estado":"inactivo","idRol":3},"timestamp":"2026-06-11T12:33:43.238Z"}
{"level":"info","message":{"action":"CHANGE_ROLE_STATUS","estado":"activo","idRol":3},"timestamp":"2026-06-11T12:33:44.058Z"}
{"level":"info","message":{"action":"CHANGE_USER_STATUS","estado":"inactivo","idUsuario":32},"timestamp":"2026-06-11T12:37:29.923Z"}
{"level":"info","message":{"action":"CHANGE_USER_STATUS","estado":"activo","idUsuario":32},"timestamp":"2026-06-11T12:37:31.949Z"}
{"level":"info","message":{"action":"LOGIN","email":"admin@wasteless.com","idUsuario":"1","ip":"::1"},"timestamp":"2026-06-11T16:23:23.016Z"}
{"level":"info","message":"Conexión a SQL Server establecida","timestamp":"2026-06-17T11:31:16.125Z"}
{"level":"info","message":"Tablas Roles, Permisos y RolPermiso verificadas","timestamp":"2026-06-17T11:31:16.387Z"}
{"level":"info","message":"Permisos base verificados","timestamp":"2026-06-17T11:31:16.424Z"}
{"level":"info","message":"Tabla Usuarios verificada","timestamp":"2026-06-17T11:31:16.537Z"}
{"level":"info","message":"Tablas Sesiones y RecuperacionPassword verificadas","timestamp":"2026-06-17T11:31:16.649Z"}
{"level":"info","message":"Tablas CategoriasPlatillo y Platillos verificadas","timestamp":"2026-06-17T11:31:18.875Z"}
{"level":"info","message":"✅ Tablas Ciudades y Empresas verificadas","timestamp":"2026-06-17T11:31:23.908Z"}
{"level":"info","message":"✅ Ciudades base verificadas","timestamp":"2026-06-17T11:31:24.814Z"}
{"level":"info","message":"Servidor corriendo en http://localhost:3000","timestamp":"2026-06-17T11:31:24.847Z"}
{"level":"info","message":{"action":"LOGIN","email":"admin@wasteless.com","idUsuario":"1","ip":"::1"},"timestamp":"2026-06-17T11:34:17.566Z"}
{"level":"info","message":{"action":"CHANGE_DISH_STATUS","estado":"inactivo","idPlatillo":11},"timestamp":"2026-06-17T11:53:14.866Z"}
{"level":"info","message":{"action":"CHANGE_DISH_STATUS","estado":"activo","idPlatillo":11},"timestamp":"2026-06-17T11:53:16.358Z"}
{"level":"info","message":{"action":"CHANGE_DISH_STATUS","estado":"inactivo","idPlatillo":11},"timestamp":"2026-06-17T11:53:32.339Z"}
{"level":"info","message":{"action":"CHANGE_DISH_STATUS","estado":"activo","idPlatillo":11},"timestamp":"2026-06-17T11:53:35.894Z"}
{"level":"info","message":{"action":"CHANGE_DISH_STATUS","estado":"inactivo","idPlatillo":11},"timestamp":"2026-06-17T11:53:36.521Z"}
{"level":"info","message":{"action":"CHANGE_DISH_STATUS","estado":"activo","idPlatillo":11},"timestamp":"2026-06-17T11:53:36.966Z"}
{"level":"info","message":{"action":"CHANGE_DISH_STATUS","estado":"inactivo","idPlatillo":11},"timestamp":"2026-06-17T11:53:37.483Z"}
{"level":"info","message":{"action":"CHANGE_DISH_STATUS","estado":"activo","idPlatillo":11},"timestamp":"2026-06-17T11:53:37.992Z"}
{"level":"info","message":{"action":"CHANGE_DISH_STATUS","estado":"inactivo","idPlatillo":11},"timestamp":"2026-06-17T11:53:38.452Z"}
{"level":"info","message":{"action":"CHANGE_DISH_STATUS","estado":"activo","idPlatillo":11},"timestamp":"2026-06-17T11:53:38.981Z"}
{"level":"info","message":{"action":"CHANGE_DISH_STATUS","estado":"inactivo","idPlatillo":11},"timestamp":"2026-06-17T11:53:39.434Z"}
{"level":"info","message":{"action":"CHANGE_DISH_STATUS","estado":"activo","idPlatillo":11},"timestamp":"2026-06-17T11:53:39.926Z"}
{"level":"info","message":{"action":"LOGIN","email":"admin@wasteless.com","idUsuario":"1","ip":"::1"},"timestamp":"2026-06-18T01:25:53.149Z"}
{"level":"info","message":{"action":"CHANGE_USER_STATUS","estado":"inactivo","idUsuario":32},"timestamp":"2026-06-18T01:53:55.815Z"}
{"level":"info","message":{"action":"CHANGE_USER_STATUS","estado":"activo","idUsuario":32},"timestamp":"2026-06-18T01:53:57.401Z"}
{"level":"info","message":{"action":"CHANGE_USER_STATUS","estado":"inactivo","idUsuario":32},"timestamp":"2026-06-18T01:53:58.707Z"}
{"level":"info","message":{"action":"CHANGE_USER_STATUS","estado":"activo","idUsuario":32},"timestamp":"2026-06-18T01:53:59.956Z"}
{"level":"info","message":{"action":"CHANGE_USER_STATUS","estado":"inactivo","idUsuario":32},"timestamp":"2026-06-18T01:57:31.389Z"}
{"level":"info","message":{"action":"CHANGE_USER_STATUS","estado":"activo","idUsuario":32},"timestamp":"2026-06-18T01:57:33.700Z"}
{"level":"info","message":{"action":"CHANGE_DISH_STATUS","estado":"inactivo","idPlatillo":11},"timestamp":"2026-06-18T02:03:54.510Z"}
{"level":"info","message":{"action":"CHANGE_DISH_STATUS","estado":"activo","idPlatillo":11},"timestamp":"2026-06-18T02:03:55.061Z"}
{"level":"info","message":{"action":"CHANGE_ROLE_STATUS","estado":"inactivo","idRol":3},"timestamp":"2026-06-18T02:15:14.135Z"}
{"level":"info","message":{"action":"CHANGE_ROLE_STATUS","estado":"activo","idRol":3},"timestamp":"2026-06-18T02:15:14.922Z"}
{"level":"info","message":{"action":"CHANGE_ROLE_STATUS","estado":"inactivo","idRol":3},"timestamp":"2026-06-18T02:15:51.934Z"}
{"level":"info","message":{"action":"CHANGE_ROLE_STATUS","estado":"inactivo","idRol":2},"timestamp":"2026-06-18T02:15:52.946Z"}
{"level":"info","message":{"action":"CHANGE_ROLE_STATUS","estado":"activo","idRol":2},"timestamp":"2026-06-18T02:16:24.024Z"}
{"level":"info","message":{"action":"CHANGE_ROLE_STATUS","estado":"activo","idRol":3},"timestamp":"2026-06-18T02:16:25.229Z"}
{"level":"info","message":{"action":"CHANGE_ROLE_STATUS","estado":"inactivo","idRol":3},"timestamp":"2026-06-18T02:16:35.422Z"}
{"level":"info","message":{"action":"CHANGE_ROLE_STATUS","estado":"activo","idRol":3},"timestamp":"2026-06-18T02:17:11.035Z"}
{"level":"info","message":{"action":"LOGIN","email":"admin@wasteless.com","idUsuario":"1","ip":"::1"},"timestamp":"2026-06-18T23:04:11.004Z"}
{"level":"info","message":{"action":"LOGIN","email":"admin@wasteless.com","idUsuario":"1","ip":"::1"},"timestamp":"2026-06-21T21:33:28.078Z"}
{"level":"info","message":"Conexión a SQL Server establecida","timestamp":"2026-06-21T23:00:51.095Z"}
{"level":"info","message":"Tablas Roles, Permisos y RolPermiso verificadas","timestamp":"2026-06-21T23:00:51.288Z"}
{"level":"info","message":"Permisos base verificados","timestamp":"2026-06-21T23:00:51.317Z"}
{"level":"info","message":"Tabla Usuarios verificada","timestamp":"2026-06-21T23:00:51.395Z"}
{"level":"info","message":"Tablas Sesiones y RecuperacionPassword verificadas","timestamp":"2026-06-21T23:00:51.463Z"}
{"level":"info","message":"Tablas CategoriasPlatillo y Platillos verificadas","timestamp":"2026-06-21T23:00:51.550Z"}
{"level":"info","message":"✅ Tablas Ciudades y Empresas verificadas","timestamp":"2026-06-21T23:00:51.651Z"}
{"level":"info","message":"✅ Ciudades base verificadas","timestamp":"2026-06-21T23:00:51.676Z"}
{"level":"info","message":"Servidor corriendo en http://localhost:3000","timestamp":"2026-06-21T23:00:51.692Z"}
{"level":"info","message":"Conexión a SQL Server establecida","timestamp":"2026-06-21T23:01:16.036Z"}
{"level":"info","message":"Tablas Roles, Permisos y RolPermiso verificadas","timestamp":"2026-06-21T23:01:16.144Z"}
{"level":"info","message":"Permisos base verificados","timestamp":"2026-06-21T23:01:16.177Z"}
{"level":"info","message":"Tabla Usuarios verificada","timestamp":"2026-06-21T23:01:16.278Z"}
{"level":"info","message":"Tablas Sesiones y RecuperacionPassword verificadas","timestamp":"2026-06-21T23:01:16.331Z"}
{"level":"info","message":"Tablas CategoriasPlatillo y Platillos verificadas","timestamp":"2026-06-21T23:01:16.393Z"}
{"level":"info","message":"✅ Tablas Ciudades y Empresas verificadas","timestamp":"2026-06-21T23:01:16.479Z"}
{"level":"info","message":"✅ Ciudades base verificadas","timestamp":"2026-06-21T23:01:16.500Z"}
{"level":"info","message":"Servidor corriendo en http://localhost:3000","timestamp":"2026-06-21T23:01:16.509Z"}
{"level":"info","message":"Conexión a SQL Server establecida","timestamp":"2026-06-21T23:02:36.388Z"}
{"level":"info","message":"Tablas Roles, Permisos y RolPermiso verificadas","timestamp":"2026-06-21T23:02:36.504Z"}
{"level":"info","message":"Permisos base verificados","timestamp":"2026-06-21T23:02:36.519Z"}
{"level":"info","message":"Tabla Usuarios verificada","timestamp":"2026-06-21T23:02:36.574Z"}
{"level":"info","message":"Tablas Sesiones y RecuperacionPassword verificadas","timestamp":"2026-06-21T23:02:36.596Z"}
{"level":"info","message":"Tablas CategoriasPlatillo y Platillos verificadas","timestamp":"2026-06-21T23:02:36.661Z"}
{"level":"info","message":"✅ Tablas Ciudades y Empresas verificadas","timestamp":"2026-06-21T23:02:36.745Z"}
{"level":"info","message":"✅ Ciudades base verificadas","timestamp":"2026-06-21T23:02:36.759Z"}
{"level":"info","message":"Servidor corriendo en http://localhost:3000","timestamp":"2026-06-21T23:02:36.773Z"}
{"level":"info","message":"Conexión a SQL Server establecida","timestamp":"2026-06-21T23:03:43.379Z"}
{"level":"info","message":"Tablas Roles, Permisos y RolPermiso verificadas","timestamp":"2026-06-21T23:03:43.482Z"}
{"level":"info","message":"Permisos base verificados","timestamp":"2026-06-21T23:03:43.497Z"}
{"level":"info","message":"Tabla Usuarios verificada","timestamp":"2026-06-21T23:03:43.560Z"}
{"level":"info","message":"Tablas Sesiones y RecuperacionPassword verificadas","timestamp":"2026-06-21T23:03:43.594Z"}
{"level":"info","message":"Tablas CategoriasPlatillo y Platillos verificadas","timestamp":"2026-06-21T23:03:43.669Z"}
{"level":"info","message":"✅ Tablas Ciudades y Empresas verificadas","timestamp":"2026-06-21T23:03:43.742Z"}
{"level":"info","message":"✅ Ciudades base verificadas","timestamp":"2026-06-21T23:03:43.756Z"}
{"level":"info","message":"Servidor corriendo en http://localhost:3000","timestamp":"2026-06-21T23:03:43.768Z"}
{"level":"info","message":"Conexión a SQL Server establecida","timestamp":"2026-06-21T23:03:55.567Z"}
{"level":"info","message":"Tablas Roles, Permisos y RolPermiso verificadas","timestamp":"2026-06-21T23:03:55.680Z"}
{"level":"info","message":"Permisos base verificados","timestamp":"2026-06-21T23:03:55.692Z"}
{"level":"info","message":"Tabla Usuarios verificada","timestamp":"2026-06-21T23:03:55.744Z"}
{"level":"info","message":"Tablas Sesiones y RecuperacionPassword verificadas","timestamp":"2026-06-21T23:03:55.779Z"}
{"level":"info","message":"Tablas CategoriasPlatillo y Platillos verificadas","timestamp":"2026-06-21T23:03:55.858Z"}
{"level":"info","message":"✅ Tablas Ciudades y Empresas verificadas","timestamp":"2026-06-21T23:03:55.972Z"}
{"level":"info","message":"✅ Ciudades base verificadas","timestamp":"2026-06-21T23:03:55.992Z"}
{"level":"info","message":"Servidor corriendo en http://localhost:3000","timestamp":"2026-06-21T23:03:56.020Z"}
{"level":"info","message":"Conexión a SQL Server establecida","timestamp":"2026-06-21T23:05:39.096Z"}
{"level":"info","message":"Tablas Roles, Permisos y RolPermiso verificadas","timestamp":"2026-06-21T23:05:39.250Z"}
{"level":"info","message":"Permisos base verificados","timestamp":"2026-06-21T23:05:39.263Z"}
{"level":"info","message":"Tabla Usuarios verificada","timestamp":"2026-06-21T23:05:39.318Z"}
{"level":"info","message":"Tablas Sesiones y RecuperacionPassword verificadas","timestamp":"2026-06-21T23:05:39.453Z"}
{"level":"info","message":"Tablas CategoriasPlatillo y Platillos verificadas","timestamp":"2026-06-21T23:05:40.045Z"}
{"level":"info","message":"✅ Tablas Ciudades y Empresas verificadas","timestamp":"2026-06-21T23:05:40.346Z"}
{"level":"info","message":"✅ Ciudades base verificadas","timestamp":"2026-06-21T23:05:40.369Z"}
{"level":"info","message":"Servidor corriendo en http://localhost:3000","timestamp":"2026-06-21T23:05:40.384Z"}
{"level":"info","message":"Conexión a SQL Server establecida","timestamp":"2026-06-21T23:05:52.224Z"}
{"level":"info","message":"Tablas Roles, Permisos y RolPermiso verificadas","timestamp":"2026-06-21T23:05:52.392Z"}
{"level":"info","message":"Permisos base verificados","timestamp":"2026-06-21T23:05:52.416Z"}
{"level":"info","message":"Tabla Usuarios verificada","timestamp":"2026-06-21T23:05:52.507Z"}
{"level":"info","message":"Tablas Sesiones y RecuperacionPassword verificadas","timestamp":"2026-06-21T23:05:52.594Z"}
{"level":"info","message":"Tablas CategoriasPlatillo y Platillos verificadas","timestamp":"2026-06-21T23:05:52.679Z"}
{"level":"info","message":"✅ Tablas Ciudades y Empresas verificadas","timestamp":"2026-06-21T23:05:52.763Z"}
{"level":"info","message":"✅ Ciudades base verificadas","timestamp":"2026-06-21T23:05:52.776Z"}
{"level":"info","message":"Servidor corriendo en http://localhost:3000","timestamp":"2026-06-21T23:05:52.784Z"}
{"level":"info","message":"Conexión a SQL Server establecida","timestamp":"2026-06-21T23:08:23.533Z"}
{"level":"info","message":"Conexión a SQL Server establecida","timestamp":"2026-06-21T23:08:29.825Z"}
{"level":"info","message":"Tablas Roles, Permisos y RolPermiso verificadas","timestamp":"2026-06-21T23:08:30.032Z"}
{"level":"info","message":"Permisos base verificados","timestamp":"2026-06-21T23:08:30.067Z"}
{"level":"info","message":"Tabla Usuarios verificada","timestamp":"2026-06-21T23:08:30.139Z"}
{"level":"info","message":"Tablas Sesiones y RecuperacionPassword verificadas","timestamp":"2026-06-21T23:08:30.168Z"}
{"level":"info","message":"Tablas CategoriasPlatillo y Platillos verificadas","timestamp":"2026-06-21T23:08:30.233Z"}
{"level":"info","message":"✅ Tablas Ciudades y Empresas verificadas","timestamp":"2026-06-21T23:08:30.327Z"}
{"level":"info","message":"✅ Ciudades base verificadas","timestamp":"2026-06-21T23:08:30.344Z"}
{"level":"info","message":"Servidor corriendo en http://localhost:3000","timestamp":"2026-06-21T23:08:30.356Z"}
{"level":"info","message":"Conexión a SQL Server establecida","timestamp":"2026-06-21T23:10:22.774Z"}
{"level":"info","message":"Tablas Roles, Permisos y RolPermiso verificadas","timestamp":"2026-06-21T23:10:23.640Z"}
{"level":"info","message":"Conexión a SQL Server establecida","timestamp":"2026-06-21T23:10:28.966Z"}
{"level":"info","message":"Tablas Roles, Permisos y RolPermiso verificadas","timestamp":"2026-06-21T23:10:29.093Z"}
{"level":"info","message":"Permisos base verificados","timestamp":"2026-06-21T23:10:29.108Z"}
{"level":"info","message":"Tabla Usuarios verificada","timestamp":"2026-06-21T23:10:29.168Z"}
{"level":"info","message":"Tablas Sesiones y RecuperacionPassword verificadas","timestamp":"2026-06-21T23:10:29.202Z"}
{"level":"info","message":"Tablas CategoriasPlatillo y Platillos verificadas","timestamp":"2026-06-21T23:10:29.274Z"}
{"level":"info","message":"✅ Tablas Ciudades y Empresas verificadas","timestamp":"2026-06-21T23:10:29.357Z"}
{"level":"info","message":"✅ Ciudades base verificadas","timestamp":"2026-06-21T23:10:29.369Z"}
{"level":"info","message":"Servidor corriendo en http://localhost:3000","timestamp":"2026-06-21T23:10:29.385Z"}
{"level":"info","message":"Conexión a SQL Server establecida","timestamp":"2026-06-21T23:10:52.565Z"}
{"level":"info","message":"Tablas Roles, Permisos y RolPermiso verificadas","timestamp":"2026-06-21T23:10:52.671Z"}
{"level":"info","message":"Permisos base verificados","timestamp":"2026-06-21T23:10:52.680Z"}
{"level":"info","message":"Tabla Usuarios verificada","timestamp":"2026-06-21T23:10:52.727Z"}
{"level":"info","message":"Tablas Sesiones y RecuperacionPassword verificadas","timestamp":"2026-06-21T23:10:52.748Z"}
{"level":"info","message":"Tablas CategoriasPlatillo y Platillos verificadas","timestamp":"2026-06-21T23:10:52.806Z"}
{"level":"info","message":"✅ Tablas Ciudades y Empresas verificadas","timestamp":"2026-06-21T23:10:52.874Z"}
{"level":"info","message":"✅ Ciudades base verificadas","timestamp":"2026-06-21T23:10:52.890Z"}
{"level":"info","message":"Servidor corriendo en http://localhost:3000","timestamp":"2026-06-21T23:10:52.901Z"}
{"level":"info","message":"Conexión a SQL Server establecida","timestamp":"2026-06-21T23:11:16.954Z"}
{"level":"info","message":"Tablas Roles, Permisos y RolPermiso verificadas","timestamp":"2026-06-21T23:11:17.088Z"}
{"level":"info","message":"Permisos base verificados","timestamp":"2026-06-21T23:11:17.103Z"}
{"level":"info","message":"Tabla Usuarios verificada","timestamp":"2026-06-21T23:11:17.217Z"}
{"level":"info","message":"Tablas Sesiones y RecuperacionPassword verificadas","timestamp":"2026-06-21T23:11:17.313Z"}
{"level":"info","message":"Tablas CategoriasPlatillo y Platillos verificadas","timestamp":"2026-06-21T23:11:17.591Z"}
{"level":"info","message":"✅ Tablas Ciudades y Empresas verificadas","timestamp":"2026-06-21T23:11:17.669Z"}
{"level":"info","message":"✅ Ciudades base verificadas","timestamp":"2026-06-21T23:11:17.689Z"}
{"level":"info","message":"Servidor corriendo en http://localhost:3000","timestamp":"2026-06-21T23:11:17.704Z"}
{"level":"info","message":"Conexión a SQL Server establecida","timestamp":"2026-06-21T23:11:26.083Z"}
{"level":"info","message":"Tablas Roles, Permisos y RolPermiso verificadas","timestamp":"2026-06-21T23:11:26.273Z"}
{"level":"info","message":"Permisos base verificados","timestamp":"2026-06-21T23:11:26.304Z"}
{"level":"info","message":"Tabla Usuarios verificada","timestamp":"2026-06-21T23:11:26.382Z"}
{"level":"info","message":"Tablas Sesiones y RecuperacionPassword verificadas","timestamp":"2026-06-21T23:11:26.432Z"}
{"level":"info","message":"Tablas CategoriasPlatillo y Platillos verificadas","timestamp":"2026-06-21T23:11:26.525Z"}
{"level":"info","message":"✅ Tablas Ciudades y Empresas verificadas","timestamp":"2026-06-21T23:11:26.636Z"}
{"level":"info","message":"✅ Ciudades base verificadas","timestamp":"2026-06-21T23:11:26.650Z"}
{"level":"info","message":"Servidor corriendo en http://localhost:3000","timestamp":"2026-06-21T23:11:26.663Z"}
{"level":"info","message":"Conexión a SQL Server establecida","timestamp":"2026-06-21T23:11:43.055Z"}
{"level":"info","message":"Tablas Roles, Permisos y RolPermiso verificadas","timestamp":"2026-06-21T23:11:43.167Z"}
{"level":"info","message":"Permisos base verificados","timestamp":"2026-06-21T23:11:43.179Z"}
{"level":"info","message":"Tabla Usuarios verificada","timestamp":"2026-06-21T23:11:43.260Z"}
{"level":"info","message":"Tablas Sesiones y RecuperacionPassword verificadas","timestamp":"2026-06-21T23:11:43.288Z"}
{"level":"info","message":"Tablas CategoriasPlatillo y Platillos verificadas","timestamp":"2026-06-21T23:11:43.345Z"}
{"level":"info","message":"✅ Tablas Ciudades y Empresas verificadas","timestamp":"2026-06-21T23:11:43.431Z"}
{"level":"info","message":"✅ Ciudades base verificadas","timestamp":"2026-06-21T23:11:43.444Z"}
{"level":"info","message":"Servidor corriendo en http://localhost:3000","timestamp":"2026-06-21T23:11:43.461Z"}
{"level":"info","message":"Conexión a SQL Server establecida","timestamp":"2026-06-21T23:13:11.085Z"}
{"level":"info","message":"Tablas Roles, Permisos y RolPermiso verificadas","timestamp":"2026-06-21T23:13:11.313Z"}
{"level":"info","message":"Permisos base verificados","timestamp":"2026-06-21T23:13:11.332Z"}
{"level":"info","message":"Tabla Usuarios verificada","timestamp":"2026-06-21T23:13:11.422Z"}
{"level":"info","message":"Tablas Sesiones y RecuperacionPassword verificadas","timestamp":"2026-06-21T23:13:11.505Z"}
{"level":"info","message":"Tablas CategoriasPlatillo y Platillos verificadas","timestamp":"2026-06-21T23:13:11.601Z"}
{"level":"info","message":"✅ Tablas Ciudades y Empresas verificadas","timestamp":"2026-06-21T23:13:11.687Z"}
{"level":"info","message":"✅ Ciudades base verificadas","timestamp":"2026-06-21T23:13:11.703Z"}
{"level":"info","message":"Servidor corriendo en http://localhost:3000","timestamp":"2026-06-21T23:13:11.720Z"}
{"level":"info","message":"Conexión a SQL Server establecida","timestamp":"2026-06-21T23:13:28.871Z"}
{"level":"info","message":"Tablas Roles, Permisos y RolPermiso verificadas","timestamp":"2026-06-21T23:13:28.999Z"}
{"level":"info","message":"Permisos base verificados","timestamp":"2026-06-21T23:13:29.036Z"}
{"level":"info","message":"Tabla Usuarios verificada","timestamp":"2026-06-21T23:13:29.174Z"}
{"level":"info","message":"Tablas Sesiones y RecuperacionPassword verificadas","timestamp":"2026-06-21T23:13:29.256Z"}
{"level":"info","message":"Tablas CategoriasPlatillo y Platillos verificadas","timestamp":"2026-06-21T23:13:29.384Z"}
{"level":"info","message":"✅ Tablas Ciudades y Empresas verificadas","timestamp":"2026-06-21T23:13:29.451Z"}
{"level":"info","message":"✅ Ciudades base verificadas","timestamp":"2026-06-21T23:13:29.465Z"}
{"level":"info","message":"Servidor corriendo en http://localhost:3000","timestamp":"2026-06-21T23:13:29.472Z"}
{"level":"info","message":"Conexión a SQL Server establecida","timestamp":"2026-06-21T23:13:37.785Z"}
{"level":"info","message":"Tablas Roles, Permisos y RolPermiso verificadas","timestamp":"2026-06-21T23:13:38.061Z"}
{"level":"info","message":"Permisos base verificados","timestamp":"2026-06-21T23:13:38.122Z"}
{"level":"info","message":"Tabla Usuarios verificada","timestamp":"2026-06-21T23:13:38.238Z"}
{"level":"info","message":"Tablas Sesiones y RecuperacionPassword verificadas","timestamp":"2026-06-21T23:13:38.299Z"}
{"level":"info","message":"Tablas CategoriasPlatillo y Platillos verificadas","timestamp":"2026-06-21T23:13:38.406Z"}
{"level":"info","message":"✅ Tablas Ciudades y Empresas verificadas","timestamp":"2026-06-21T23:13:38.522Z"}
{"level":"info","message":"✅ Ciudades base verificadas","timestamp":"2026-06-21T23:13:38.572Z"}
{"level":"info","message":"Servidor corriendo en http://localhost:3000","timestamp":"2026-06-21T23:13:38.589Z"}
{"level":"info","message":"Conexión a SQL Server establecida","timestamp":"2026-06-21T23:14:07.523Z"}
{"level":"info","message":"Tablas Roles, Permisos y RolPermiso verificadas","timestamp":"2026-06-21T23:14:07.663Z"}
{"level":"info","message":"Permisos base verificados","timestamp":"2026-06-21T23:14:07.676Z"}
{"level":"info","message":"Tabla Usuarios verificada","timestamp":"2026-06-21T23:14:07.728Z"}
{"level":"info","message":"Tablas Sesiones y RecuperacionPassword verificadas","timestamp":"2026-06-21T23:14:07.758Z"}
{"level":"info","message":"Tablas CategoriasPlatillo y Platillos verificadas","timestamp":"2026-06-21T23:14:07.817Z"}
{"level":"info","message":"✅ Tablas Ciudades y Empresas verificadas","timestamp":"2026-06-21T23:14:07.930Z"}
{"level":"info","message":"✅ Ciudades base verificadas","timestamp":"2026-06-21T23:14:07.960Z"}
{"level":"info","message":"Servidor corriendo en http://localhost:3000","timestamp":"2026-06-21T23:14:07.998Z"}
{"level":"info","message":"Conexión a SQL Server establecida","timestamp":"2026-06-21T23:14:33.996Z"}
{"level":"info","message":"Tablas Roles, Permisos y RolPermiso verificadas","timestamp":"2026-06-21T23:14:34.189Z"}
{"level":"info","message":"Permisos base verificados","timestamp":"2026-06-21T23:14:34.212Z"}
{"level":"info","message":"Tabla Usuarios verificada","timestamp":"2026-06-21T23:14:34.327Z"}
{"level":"info","message":"Tablas Sesiones y RecuperacionPassword verificadas","timestamp":"2026-06-21T23:14:34.399Z"}
{"level":"info","message":"Tablas CategoriasPlatillo y Platillos verificadas","timestamp":"2026-06-21T23:14:34.477Z"}
{"level":"info","message":"✅ Tablas Ciudades y Empresas verificadas","timestamp":"2026-06-21T23:14:34.620Z"}
{"level":"info","message":"✅ Ciudades base verificadas","timestamp":"2026-06-21T23:14:34.694Z"}
{"level":"info","message":"Servidor corriendo en http://localhost:3000","timestamp":"2026-06-21T23:14:34.720Z"}
{"level":"info","message":"Conexión a SQL Server establecida","timestamp":"2026-06-21T23:15:41.541Z"}
{"level":"info","message":"Tablas Roles, Permisos y RolPermiso verificadas","timestamp":"2026-06-21T23:15:41.689Z"}
{"level":"info","message":"Permisos base verificados","timestamp":"2026-06-21T23:15:41.701Z"}
{"level":"info","message":"Tabla Usuarios verificada","timestamp":"2026-06-21T23:15:41.763Z"}
{"level":"info","message":"Tablas Sesiones y RecuperacionPassword verificadas","timestamp":"2026-06-21T23:15:41.796Z"}
{"level":"info","message":"Tablas CategoriasPlatillo y Platillos verificadas","timestamp":"2026-06-21T23:15:41.859Z"}
{"level":"info","message":"✅ Tablas Ciudades y Empresas verificadas","timestamp":"2026-06-21T23:15:41.930Z"}
{"level":"info","message":"✅ Ciudades base verificadas","timestamp":"2026-06-21T23:15:41.946Z"}
{"level":"info","message":"Servidor corriendo en http://localhost:3000","timestamp":"2026-06-21T23:15:41.958Z"}
{"level":"info","message":"Conexión a SQL Server establecida","timestamp":"2026-06-21T23:16:14.706Z"}
{"level":"info","message":"Tablas Roles, Permisos y RolPermiso verificadas","timestamp":"2026-06-21T23:16:14.830Z"}
{"level":"info","message":"Permisos base verificados","timestamp":"2026-06-21T23:16:14.842Z"}
{"level":"info","message":"Tabla Usuarios verificada","timestamp":"2026-06-21T23:16:14.895Z"}
{"level":"info","message":"Tablas Sesiones y RecuperacionPassword verificadas","timestamp":"2026-06-21T23:16:14.915Z"}
{"level":"info","message":"Tablas CategoriasPlatillo y Platillos verificadas","timestamp":"2026-06-21T23:16:14.976Z"}
{"level":"info","message":"✅ Tablas Ciudades y Empresas verificadas","timestamp":"2026-06-21T23:16:15.038Z"}
{"level":"info","message":"✅ Ciudades base verificadas","timestamp":"2026-06-21T23:16:15.051Z"}
{"level":"info","message":"Servidor corriendo en http://localhost:3000","timestamp":"2026-06-21T23:16:15.060Z"}
{"level":"info","message":"Conexión a SQL Server establecida","timestamp":"2026-06-21T23:16:45.760Z"}
{"level":"info","message":"Tablas Roles, Permisos y RolPermiso verificadas","timestamp":"2026-06-21T23:16:45.955Z"}
{"level":"info","message":"Permisos base verificados","timestamp":"2026-06-21T23:16:45.975Z"}
{"level":"info","message":"Tabla Usuarios verificada","timestamp":"2026-06-21T23:16:46.045Z"}
{"level":"info","message":"Tablas Sesiones y RecuperacionPassword verificadas","timestamp":"2026-06-21T23:16:46.084Z"}
{"level":"info","message":"Tablas CategoriasPlatillo y Platillos verificadas","timestamp":"2026-06-21T23:16:46.158Z"}
{"level":"info","message":"✅ Tablas Ciudades y Empresas verificadas","timestamp":"2026-06-21T23:16:46.251Z"}
{"level":"info","message":"✅ Ciudades base verificadas","timestamp":"2026-06-21T23:16:46.277Z"}
{"level":"info","message":"Servidor corriendo en http://localhost:3000","timestamp":"2026-06-21T23:16:46.290Z"}
{"level":"info","message":"Conexión a SQL Server establecida","timestamp":"2026-06-21T23:19:01.719Z"}
{"level":"info","message":"Tablas Roles, Permisos y RolPermiso verificadas","timestamp":"2026-06-21T23:19:01.828Z"}
{"level":"info","message":"Permisos base verificados","timestamp":"2026-06-21T23:19:01.841Z"}
{"level":"info","message":"Tabla Usuarios verificada","timestamp":"2026-06-21T23:19:01.888Z"}
{"level":"info","message":"Tablas Sesiones y RecuperacionPassword verificadas","timestamp":"2026-06-21T23:19:01.910Z"}
{"level":"info","message":"Tablas CategoriasPlatillo y Platillos verificadas","timestamp":"2026-06-21T23:19:01.966Z"}
{"level":"info","message":"✅ Tablas Ciudades y Empresas verificadas","timestamp":"2026-06-21T23:19:02.023Z"}
{"level":"info","message":"✅ Ciudades base verificadas","timestamp":"2026-06-21T23:19:02.037Z"}
{"level":"info","message":"Servidor corriendo en http://localhost:3000","timestamp":"2026-06-21T23:19:02.050Z"}
{"level":"info","message":"Conexión a SQL Server establecida","timestamp":"2026-06-21T23:19:58.710Z"}
{"level":"info","message":"Tablas Roles, Permisos y RolPermiso verificadas","timestamp":"2026-06-21T23:19:58.851Z"}
{"level":"info","message":"Permisos base verificados","timestamp":"2026-06-21T23:19:58.868Z"}
{"level":"info","message":"Tabla Usuarios verificada","timestamp":"2026-06-21T23:19:58.951Z"}
{"level":"info","message":"Tablas Sesiones y RecuperacionPassword verificadas","timestamp":"2026-06-21T23:19:58.980Z"}
{"level":"info","message":"Tablas CategoriasPlatillo y Platillos verificadas","timestamp":"2026-06-21T23:19:59.138Z"}
{"level":"info","message":"✅ Tablas Ciudades y Empresas verificadas","timestamp":"2026-06-21T23:19:59.261Z"}
{"level":"info","message":"✅ Ciudades base verificadas","timestamp":"2026-06-21T23:19:59.297Z"}
{"level":"info","message":"Servidor corriendo en http://localhost:3000","timestamp":"2026-06-21T23:19:59.324Z"}
{"level":"info","message":"Conexión a SQL Server establecida","timestamp":"2026-06-21T23:20:35.771Z"}
{"level":"info","message":"Tablas Roles, Permisos y RolPermiso verificadas","timestamp":"2026-06-21T23:20:36.046Z"}
{"level":"info","message":"Permisos base verificados","timestamp":"2026-06-21T23:20:36.120Z"}
{"level":"info","message":"Tabla Usuarios verificada","timestamp":"2026-06-21T23:20:36.332Z"}
{"level":"info","message":"Tablas Sesiones y RecuperacionPassword verificadas","timestamp":"2026-06-21T23:20:36.458Z"}
{"level":"info","message":"Tablas CategoriasPlatillo y Platillos verificadas","timestamp":"2026-06-21T23:20:36.579Z"}
{"level":"info","message":"✅ Tablas Ciudades y Empresas verificadas","timestamp":"2026-06-21T23:20:36.671Z"}
{"level":"info","message":"✅ Ciudades base verificadas","timestamp":"2026-06-21T23:20:36.685Z"}
{"level":"info","message":"Servidor corriendo en http://localhost:3000","timestamp":"2026-06-21T23:20:36.700Z"}
{"level":"info","message":"Conexión a SQL Server establecida","timestamp":"2026-06-21T23:21:44.540Z"}
{"level":"info","message":"Tablas Roles, Permisos y RolPermiso verificadas","timestamp":"2026-06-21T23:21:44.665Z"}
{"level":"info","message":"Permisos base verificados","timestamp":"2026-06-21T23:21:44.675Z"}
{"level":"info","message":"Tabla Usuarios verificada","timestamp":"2026-06-21T23:21:44.742Z"}
{"level":"info","message":"Tablas Sesiones y RecuperacionPassword verificadas","timestamp":"2026-06-21T23:21:44.765Z"}
{"level":"info","message":"Tablas CategoriasPlatillo y Platillos verificadas","timestamp":"2026-06-21T23:21:44.810Z"}
{"level":"info","message":"✅ Tablas Ciudades y Empresas verificadas","timestamp":"2026-06-21T23:21:44.888Z"}
{"level":"info","message":"✅ Ciudades base verificadas","timestamp":"2026-06-21T23:21:44.902Z"}
{"level":"info","message":"Servidor corriendo en http://localhost:3000","timestamp":"2026-06-21T23:21:44.916Z"}
{"level":"info","message":"Conexión a SQL Server establecida","timestamp":"2026-06-21T23:21:59.051Z"}
{"level":"info","message":"Tablas Roles, Permisos y RolPermiso verificadas","timestamp":"2026-06-21T23:21:59.224Z"}
{"level":"info","message":"Permisos base verificados","timestamp":"2026-06-21T23:21:59.241Z"}
{"level":"info","message":"Tabla Usuarios verificada","timestamp":"2026-06-21T23:21:59.317Z"}
{"level":"info","message":"Tablas Sesiones y RecuperacionPassword verificadas","timestamp":"2026-06-21T23:21:59.395Z"}
{"level":"info","message":"Tablas CategoriasPlatillo y Platillos verificadas","timestamp":"2026-06-21T23:21:59.512Z"}
{"level":"info","message":"✅ Tablas Ciudades y Empresas verificadas","timestamp":"2026-06-21T23:21:59.642Z"}
{"level":"info","message":"✅ Ciudades base verificadas","timestamp":"2026-06-21T23:21:59.705Z"}
{"level":"info","message":"Servidor corriendo en http://localhost:3000","timestamp":"2026-06-21T23:21:59.721Z"}
{"level":"info","message":"Conexión a SQL Server establecida","timestamp":"2026-06-21T23:22:52.529Z"}
{"level":"info","message":"Tablas Roles, Permisos y RolPermiso verificadas","timestamp":"2026-06-21T23:22:52.661Z"}
{"level":"info","message":"Permisos base verificados","timestamp":"2026-06-21T23:22:52.672Z"}
{"level":"info","message":"Tabla Usuarios verificada","timestamp":"2026-06-21T23:22:52.727Z"}
{"level":"info","message":"Tablas Sesiones y RecuperacionPassword verificadas","timestamp":"2026-06-21T23:22:52.753Z"}
{"level":"info","message":"Tablas CategoriasPlatillo y Platillos verificadas","timestamp":"2026-06-21T23:22:52.812Z"}
{"level":"info","message":"✅ Tablas Ciudades y Empresas verificadas","timestamp":"2026-06-21T23:22:52.889Z"}
{"level":"info","message":"✅ Ciudades base verificadas","timestamp":"2026-06-21T23:22:52.903Z"}
{"level":"info","message":"Servidor corriendo en http://localhost:3000","timestamp":"2026-06-21T23:22:52.918Z"}
{"level":"info","message":"Conexión a SQL Server establecida","timestamp":"2026-06-21T23:23:52.701Z"}
{"level":"info","message":"Tablas Roles, Permisos y RolPermiso verificadas","timestamp":"2026-06-21T23:23:52.836Z"}
{"level":"info","message":"Permisos base verificados","timestamp":"2026-06-21T23:23:52.853Z"}
{"level":"info","message":"Tabla Usuarios verificada","timestamp":"2026-06-21T23:23:52.915Z"}
{"level":"info","message":"Tablas Sesiones y RecuperacionPassword verificadas","timestamp":"2026-06-21T23:23:52.946Z"}
{"level":"info","message":"Tablas CategoriasPlatillo y Platillos verificadas","timestamp":"2026-06-21T23:23:53.031Z"}
{"level":"info","message":"✅ Tablas Ciudades y Empresas verificadas","timestamp":"2026-06-21T23:23:53.118Z"}
{"level":"info","message":"✅ Ciudades base verificadas","timestamp":"2026-06-21T23:23:53.130Z"}
{"level":"info","message":"✅ Tabla Comedores verificada","timestamp":"2026-06-21T23:23:53.295Z"}
{"level":"info","message":"Servidor corriendo en http://localhost:3000","timestamp":"2026-06-21T23:23:53.308Z"}
{"level":"info","message":"Conexión a SQL Server establecida","timestamp":"2026-06-21T23:27:23.782Z"}
{"level":"info","message":"Tablas Roles, Permisos y RolPermiso verificadas","timestamp":"2026-06-21T23:27:23.918Z"}
{"level":"info","message":"Permisos base verificados","timestamp":"2026-06-21T23:27:23.933Z"}
{"level":"info","message":"Tabla Usuarios verificada","timestamp":"2026-06-21T23:27:24.003Z"}
{"level":"info","message":"Tablas Sesiones y RecuperacionPassword verificadas","timestamp":"2026-06-21T23:27:24.079Z"}
{"level":"info","message":"Tablas CategoriasPlatillo y Platillos verificadas","timestamp":"2026-06-21T23:27:24.144Z"}
{"level":"info","message":"✅ Tablas Ciudades y Empresas verificadas","timestamp":"2026-06-21T23:27:24.238Z"}
{"level":"info","message":"✅ Ciudades base verificadas","timestamp":"2026-06-21T23:27:24.254Z"}
{"level":"info","message":"✅ Tabla Comedores verificada","timestamp":"2026-06-21T23:27:24.326Z"}
{"level":"info","message":"Servidor corriendo en http://localhost:3000","timestamp":"2026-06-21T23:27:24.332Z"}
{"level":"info","message":"Conexión a SQL Server establecida","timestamp":"2026-06-21T23:28:11.286Z"}
{"level":"info","message":"Tablas Roles, Permisos y RolPermiso verificadas","timestamp":"2026-06-21T23:28:11.424Z"}
{"level":"info","message":"Permisos base verificados","timestamp":"2026-06-21T23:28:11.434Z"}
{"level":"info","message":"Tabla Usuarios verificada","timestamp":"2026-06-21T23:28:11.487Z"}
{"level":"info","message":"Tablas Sesiones y RecuperacionPassword verificadas","timestamp":"2026-06-21T23:28:11.518Z"}
{"level":"info","message":"Tablas CategoriasPlatillo y Platillos verificadas","timestamp":"2026-06-21T23:28:11.607Z"}
{"level":"info","message":"✅ Tablas Ciudades y Empresas verificadas","timestamp":"2026-06-21T23:28:11.702Z"}
{"level":"info","message":"✅ Ciudades base verificadas","timestamp":"2026-06-21T23:28:11.736Z"}
{"level":"info","message":"✅ Tabla Comedores verificada","timestamp":"2026-06-21T23:28:11.781Z"}
{"level":"info","message":"Servidor corriendo en http://localhost:3000","timestamp":"2026-06-21T23:28:11.787Z"}
{"level":"info","message":{"action":"LOGIN","email":"admin@wasteless.com","idUsuario":"1","ip":"::1"},"timestamp":"2026-06-23T21:26:04.867Z"}
{"level":"info","message":{"action":"LOGIN","email":"admin@wasteless.com","idUsuario":"1","ip":"::1"},"timestamp":"2026-06-23T21:33:26.565Z"}
{"level":"info","message":"Conexión a SQL Server establecida","timestamp":"2026-06-23T21:52:33.407Z"}
{"level":"info","message":"Tablas Roles, Permisos y RolPermiso verificadas","timestamp":"2026-06-23T21:52:33.741Z"}
{"level":"info","message":"Permisos base verificados","timestamp":"2026-06-23T21:52:33.776Z"}
{"level":"info","message":"Tabla Usuarios verificada","timestamp":"2026-06-23T21:52:33.877Z"}
{"level":"info","message":"Tablas Sesiones y RecuperacionPassword verificadas","timestamp":"2026-06-23T21:52:33.947Z"}
{"level":"info","message":"Tablas CategoriasPlatillo y Platillos verificadas","timestamp":"2026-06-23T21:52:34.086Z"}
{"level":"info","message":"✅ Tablas Ciudades y Empresas verificadas","timestamp":"2026-06-23T21:52:34.192Z"}
{"level":"info","message":"✅ Ciudades base verificadas","timestamp":"2026-06-23T21:52:34.219Z"}
{"level":"info","message":"✅ Tabla Comedores verificada","timestamp":"2026-06-23T21:52:34.337Z"}
{"level":"info","message":"Servidor corriendo en http://localhost:3000","timestamp":"2026-06-23T21:52:34.355Z"}
{"level":"info","message":{"action":"LOGIN","email":"admin@wasteless.com","idUsuario":"1","ip":"::1"},"timestamp":"2026-06-23T21:54:50.425Z"}
{"level":"info","message":"Conexión a SQL Server establecida","timestamp":"2026-06-24T02:09:27.040Z"}
{"level":"info","message":"Tablas Roles, Permisos y RolPermiso verificadas","timestamp":"2026-06-24T02:09:27.171Z"}
{"level":"info","message":"Permisos base verificados","timestamp":"2026-06-24T02:09:27.208Z"}
{"level":"info","message":"Tabla Usuarios verificada","timestamp":"2026-06-24T02:09:27.267Z"}
{"level":"info","message":"Tablas Sesiones y RecuperacionPassword verificadas","timestamp":"2026-06-24T02:09:27.291Z"}
{"level":"info","message":"Tablas CategoriasPlatillo y Platillos verificadas","timestamp":"2026-06-24T02:09:27.362Z"}
{"level":"info","message":"✅ Tablas Ciudades y Empresas verificadas","timestamp":"2026-06-24T02:09:27.426Z"}
{"level":"info","message":"✅ Ciudades base verificadas","timestamp":"2026-06-24T02:09:27.436Z"}
{"level":"info","message":"✅ Tabla Comedores verificada","timestamp":"2026-06-24T02:09:27.471Z"}
{"level":"info","message":"Servidor corriendo en http://localhost:3000","timestamp":"2026-06-24T02:09:27.476Z"}
{"level":"info","message":"Conexión a SQL Server establecida","timestamp":"2026-06-24T02:22:16.127Z"}
{"level":"info","message":"Tablas Roles, Permisos y RolPermiso verificadas","timestamp":"2026-06-24T02:22:16.204Z"}
{"level":"info","message":"Permisos base verificados","timestamp":"2026-06-24T02:22:16.211Z"}
{"level":"info","message":"Tabla Usuarios verificada","timestamp":"2026-06-24T02:22:16.239Z"}
{"level":"info","message":"Tablas Sesiones y RecuperacionPassword verificadas","timestamp":"2026-06-24T02:22:16.254Z"}
{"level":"info","message":"Tablas CategoriasPlatillo y Platillos verificadas","timestamp":"2026-06-24T02:22:16.290Z"}
{"level":"info","message":"✅ Tablas Ciudades y Empresas verificadas","timestamp":"2026-06-24T02:22:16.329Z"}
{"level":"info","message":"✅ Ciudades base verificadas","timestamp":"2026-06-24T02:22:16.338Z"}
{"level":"info","message":"✅ Tabla Comedores verificada","timestamp":"2026-06-24T02:22:16.366Z"}
{"level":"info","message":"Servidor corriendo en http://localhost:3000","timestamp":"2026-06-24T02:22:16.370Z"}
{"level":"info","message":"Conexión a SQL Server establecida","timestamp":"2026-06-24T02:25:44.212Z"}
{"level":"info","message":"Tablas Roles, Permisos y RolPermiso verificadas","timestamp":"2026-06-24T02:25:44.293Z"}
{"level":"info","message":"Permisos base verificados","timestamp":"2026-06-24T02:25:44.299Z"}
{"level":"info","message":"Tabla Usuarios verificada","timestamp":"2026-06-24T02:25:44.330Z"}
{"level":"info","message":"Tablas Sesiones y RecuperacionPassword verificadas","timestamp":"2026-06-24T02:25:44.345Z"}
{"level":"info","message":"Tablas CategoriasPlatillo y Platillos verificadas","timestamp":"2026-06-24T02:25:44.382Z"}
{"level":"info","message":"✅ Tablas Ciudades y Empresas verificadas","timestamp":"2026-06-24T02:25:44.423Z"}
{"level":"info","message":"✅ Ciudades base verificadas","timestamp":"2026-06-24T02:25:44.429Z"}
{"level":"info","message":"✅ Tabla Comedores verificada","timestamp":"2026-06-24T02:25:44.458Z"}
{"level":"info","message":"Servidor corriendo en http://localhost:3000","timestamp":"2026-06-24T02:25:44.462Z"}
{"level":"info","message":"Conexión a SQL Server establecida","timestamp":"2026-06-24T02:30:17.597Z"}
{"level":"info","message":"Tablas Roles, Permisos y RolPermiso verificadas","timestamp":"2026-06-24T02:30:17.674Z"}
{"level":"info","message":"Permisos base verificados","timestamp":"2026-06-24T02:30:17.681Z"}
{"level":"info","message":"Tabla Usuarios verificada","timestamp":"2026-06-24T02:30:17.737Z"}
{"level":"info","message":"Tablas Sesiones y RecuperacionPassword verificadas","timestamp":"2026-06-24T02:30:17.756Z"}
{"level":"info","message":"Tablas CategoriasPlatillo y Platillos verificadas","timestamp":"2026-06-24T02:30:17.804Z"}
{"level":"info","message":"✅ Tablas Ciudades y Empresas verificadas","timestamp":"2026-06-24T02:30:17.854Z"}
{"level":"info","message":"✅ Ciudades base verificadas","timestamp":"2026-06-24T02:30:17.863Z"}
{"level":"info","message":"✅ Tabla Comedores verificada","timestamp":"2026-06-24T02:30:17.901Z"}
{"level":"info","message":"Servidor corriendo en http://localhost:3000","timestamp":"2026-06-24T02:30:17.906Z"}
{"level":"info","message":"Conexión a SQL Server establecida","timestamp":"2026-06-24T02:32:21.877Z"}
{"level":"info","message":"Tablas Roles, Permisos y RolPermiso verificadas","timestamp":"2026-06-24T02:32:21.967Z"}
{"level":"info","message":"Permisos base verificados","timestamp":"2026-06-24T02:32:21.976Z"}
{"level":"info","message":"Tabla Usuarios verificada","timestamp":"2026-06-24T02:32:22.039Z"}
{"level":"info","message":"Tablas Sesiones y RecuperacionPassword verificadas","timestamp":"2026-06-24T02:32:22.065Z"}
{"level":"info","message":"Tablas CategoriasPlatillo y Platillos verificadas","timestamp":"2026-06-24T02:32:22.137Z"}
{"level":"info","message":"✅ Tablas Ciudades y Empresas verificadas","timestamp":"2026-06-24T02:32:22.195Z"}
{"level":"info","message":"✅ Ciudades base verificadas","timestamp":"2026-06-24T02:32:22.204Z"}
{"level":"info","message":"✅ Tabla Comedores verificada","timestamp":"2026-06-24T02:32:22.244Z"}
{"level":"info","message":"Servidor corriendo en http://localhost:3000","timestamp":"2026-06-24T02:32:22.250Z"}
{"level":"info","message":"Conexión a SQL Server establecida","timestamp":"2026-06-24T02:32:53.330Z"}
{"level":"info","message":"Tablas Roles, Permisos y RolPermiso verificadas","timestamp":"2026-06-24T02:32:53.423Z"}
{"level":"info","message":"Permisos base verificados","timestamp":"2026-06-24T02:32:53.430Z"}
{"level":"info","message":"Tabla Usuarios verificada","timestamp":"2026-06-24T02:32:53.463Z"}
{"level":"info","message":"Tablas Sesiones y RecuperacionPassword verificadas","timestamp":"2026-06-24T02:32:53.478Z"}
{"level":"info","message":"Tablas CategoriasPlatillo y Platillos verificadas","timestamp":"2026-06-24T02:32:53.522Z"}
{"level":"info","message":"✅ Tablas Ciudades y Empresas verificadas","timestamp":"2026-06-24T02:32:53.567Z"}
{"level":"info","message":"✅ Ciudades base verificadas","timestamp":"2026-06-24T02:32:53.575Z"}
{"level":"info","message":"✅ Tabla Comedores verificada","timestamp":"2026-06-24T02:32:53.608Z"}
{"level":"info","message":"Servidor corriendo en http://localhost:3000","timestamp":"2026-06-24T02:32:53.613Z"}
{"level":"info","message":{"action":"LOGIN","email":"admin@wasteless.com","idUsuario":"1","ip":"::1"},"timestamp":"2026-06-24T02:33:34.471Z"}
{"level":"info","message":"Conexión a SQL Server establecida","timestamp":"2026-06-24T03:28:12.251Z"}
{"level":"info","message":"Tablas Roles, Permisos y RolPermiso verificadas","timestamp":"2026-06-24T03:28:12.417Z"}
{"level":"info","message":"Permisos base verificados","timestamp":"2026-06-24T03:28:12.437Z"}
{"level":"info","message":"Tabla Usuarios verificada","timestamp":"2026-06-24T03:28:12.482Z"}
{"level":"info","message":"Tablas Sesiones y RecuperacionPassword verificadas","timestamp":"2026-06-24T03:28:12.508Z"}
{"level":"info","message":"Tablas CategoriasPlatillo y Platillos verificadas","timestamp":"2026-06-24T03:28:12.555Z"}
{"level":"info","message":"✅ Tablas Ciudades y Empresas verificadas","timestamp":"2026-06-24T03:28:12.614Z"}
{"level":"info","message":"✅ Ciudades base verificadas","timestamp":"2026-06-24T03:28:12.626Z"}
{"level":"info","message":"✅ Tabla Comedores verificada","timestamp":"2026-06-24T03:28:12.666Z"}
{"level":"info","message":"Servidor corriendo en http://localhost:3000","timestamp":"2026-06-24T03:28:12.677Z"}
{"level":"info","message":"Conexión a SQL Server establecida","timestamp":"2026-06-24T03:28:21.641Z"}
{"level":"info","message":"Tablas Roles, Permisos y RolPermiso verificadas","timestamp":"2026-06-24T03:28:21.839Z"}
{"level":"info","message":"Permisos base verificados","timestamp":"2026-06-24T03:28:21.849Z"}
{"level":"info","message":"Tabla Usuarios verificada","timestamp":"2026-06-24T03:28:21.901Z"}
{"level":"info","message":"Tablas Sesiones y RecuperacionPassword verificadas","timestamp":"2026-06-24T03:28:21.938Z"}
{"level":"info","message":"Tablas CategoriasPlatillo y Platillos verificadas","timestamp":"2026-06-24T03:28:21.993Z"}
{"level":"info","message":"✅ Tablas Ciudades y Empresas verificadas","timestamp":"2026-06-24T03:28:22.060Z"}
{"level":"info","message":"✅ Ciudades base verificadas","timestamp":"2026-06-24T03:28:22.074Z"}
{"level":"info","message":"✅ Tabla Comedores verificada","timestamp":"2026-06-24T03:28:22.146Z"}
{"level":"info","message":"Servidor corriendo en http://localhost:3000","timestamp":"2026-06-24T03:28:22.152Z"}
{"level":"info","message":"Conexión a SQL Server establecida","timestamp":"2026-06-24T03:28:37.319Z"}
{"level":"info","message":"Tablas Roles, Permisos y RolPermiso verificadas","timestamp":"2026-06-24T03:28:37.515Z"}
{"level":"info","message":"Permisos base verificados","timestamp":"2026-06-24T03:28:37.629Z"}
{"level":"info","message":"Tabla Usuarios verificada","timestamp":"2026-06-24T03:28:37.910Z"}
{"level":"info","message":"Tablas Sesiones y RecuperacionPassword verificadas","timestamp":"2026-06-24T03:28:38.004Z"}
{"level":"info","message":"Tablas CategoriasPlatillo y Platillos verificadas","timestamp":"2026-06-24T03:28:38.116Z"}
{"level":"info","message":"✅ Tablas Ciudades y Empresas verificadas","timestamp":"2026-06-24T03:28:38.187Z"}
{"level":"info","message":"✅ Ciudades base verificadas","timestamp":"2026-06-24T03:28:38.198Z"}
{"level":"info","message":"✅ Tabla Comedores verificada","timestamp":"2026-06-24T03:28:38.244Z"}
{"level":"info","message":"Servidor corriendo en http://localhost:3000","timestamp":"2026-06-24T03:28:38.254Z"}
{"level":"info","message":"Conexión a SQL Server establecida","timestamp":"2026-06-24T03:28:43.630Z"}
{"level":"info","message":"Tablas Roles, Permisos y RolPermiso verificadas","timestamp":"2026-06-24T03:28:43.703Z"}
{"level":"info","message":"Permisos base verificados","timestamp":"2026-06-24T03:28:43.711Z"}
{"level":"info","message":"Tabla Usuarios verificada","timestamp":"2026-06-24T03:28:43.744Z"}
{"level":"info","message":"Tablas Sesiones y RecuperacionPassword verificadas","timestamp":"2026-06-24T03:28:43.759Z"}
{"level":"info","message":"Tablas CategoriasPlatillo y Platillos verificadas","timestamp":"2026-06-24T03:28:43.805Z"}
{"level":"info","message":"✅ Tablas Ciudades y Empresas verificadas","timestamp":"2026-06-24T03:28:43.849Z"}
{"level":"info","message":"✅ Ciudades base verificadas","timestamp":"2026-06-24T03:28:43.859Z"}
{"level":"info","message":"✅ Tabla Comedores verificada","timestamp":"2026-06-24T03:28:43.894Z"}
{"level":"info","message":"Servidor corriendo en http://localhost:3000","timestamp":"2026-06-24T03:28:43.899Z"}
{"level":"info","message":"Conexión a SQL Server establecida","timestamp":"2026-06-24T03:29:10.475Z"}
{"level":"info","message":"Tablas Roles, Permisos y RolPermiso verificadas","timestamp":"2026-06-24T03:29:10.565Z"}
{"level":"info","message":"Permisos base verificados","timestamp":"2026-06-24T03:29:10.576Z"}
{"level":"info","message":"Tabla Usuarios verificada","timestamp":"2026-06-24T03:29:10.626Z"}
{"level":"info","message":"Tablas Sesiones y RecuperacionPassword verificadas","timestamp":"2026-06-24T03:29:10.648Z"}
{"level":"info","message":"Tablas CategoriasPlatillo y Platillos verificadas","timestamp":"2026-06-24T03:29:10.702Z"}
{"level":"info","message":"✅ Tablas Ciudades y Empresas verificadas","timestamp":"2026-06-24T03:29:10.758Z"}
{"level":"info","message":"✅ Ciudades base verificadas","timestamp":"2026-06-24T03:29:10.766Z"}
{"level":"info","message":"✅ Tabla Comedores verificada","timestamp":"2026-06-24T03:29:10.822Z"}
{"level":"info","message":"Servidor corriendo en http://localhost:3000","timestamp":"2026-06-24T03:29:10.831Z"}
{"level":"info","message":"Conexión a SQL Server establecida","timestamp":"2026-06-24T03:29:13.718Z"}
{"level":"info","message":"Tablas Roles, Permisos y RolPermiso verificadas","timestamp":"2026-06-24T03:29:13.797Z"}
{"level":"info","message":"Permisos base verificados","timestamp":"2026-06-24T03:29:13.808Z"}
{"level":"info","message":"Tabla Usuarios verificada","timestamp":"2026-06-24T03:29:13.953Z"}
{"level":"info","message":"Tablas Sesiones y RecuperacionPassword verificadas","timestamp":"2026-06-24T03:29:13.973Z"}
{"level":"info","message":"Tablas CategoriasPlatillo y Platillos verificadas","timestamp":"2026-06-24T03:29:14.143Z"}
{"level":"info","message":"✅ Tablas Ciudades y Empresas verificadas","timestamp":"2026-06-24T03:29:14.201Z"}
{"level":"info","message":"✅ Ciudades base verificadas","timestamp":"2026-06-24T03:29:14.223Z"}
{"level":"info","message":"✅ Tabla Comedores verificada","timestamp":"2026-06-24T03:29:14.260Z"}
{"level":"info","message":"Servidor corriendo en http://localhost:3000","timestamp":"2026-06-24T03:29:14.267Z"}
{"level":"info","message":"Conexión a SQL Server establecida","timestamp":"2026-06-24T03:30:09.435Z"}
{"level":"info","message":"Tablas Roles, Permisos y RolPermiso verificadas","timestamp":"2026-06-24T03:30:09.542Z"}
{"level":"info","message":"Permisos base verificados","timestamp":"2026-06-24T03:30:09.550Z"}
{"level":"info","message":"Tabla Usuarios verificada","timestamp":"2026-06-24T03:30:09.582Z"}
{"level":"info","message":"Tablas Sesiones y RecuperacionPassword verificadas","timestamp":"2026-06-24T03:30:09.594Z"}
{"level":"info","message":"Tablas CategoriasPlatillo y Platillos verificadas","timestamp":"2026-06-24T03:30:09.632Z"}
{"level":"info","message":"✅ Tablas Ciudades y Empresas verificadas","timestamp":"2026-06-24T03:30:09.672Z"}
{"level":"info","message":"✅ Ciudades base verificadas","timestamp":"2026-06-24T03:30:09.680Z"}
{"level":"info","message":"✅ Tabla Comedores verificada","timestamp":"2026-06-24T03:30:09.714Z"}
{"level":"info","message":"Servidor corriendo en http://localhost:3000","timestamp":"2026-06-24T03:30:09.720Z"}
{"level":"info","message":"Conexión a SQL Server establecida","timestamp":"2026-06-24T03:30:13.921Z"}
{"level":"info","message":"Tablas Roles, Permisos y RolPermiso verificadas","timestamp":"2026-06-24T03:30:13.996Z"}
{"level":"info","message":"Permisos base verificados","timestamp":"2026-06-24T03:30:14.003Z"}
{"level":"info","message":"Tabla Usuarios verificada","timestamp":"2026-06-24T03:30:14.031Z"}
{"level":"info","message":"Tablas Sesiones y RecuperacionPassword verificadas","timestamp":"2026-06-24T03:30:14.045Z"}
{"level":"info","message":"Tablas CategoriasPlatillo y Platillos verificadas","timestamp":"2026-06-24T03:30:14.087Z"}
{"level":"info","message":"✅ Tablas Ciudades y Empresas verificadas","timestamp":"2026-06-24T03:30:14.138Z"}
{"level":"info","message":"✅ Ciudades base verificadas","timestamp":"2026-06-24T03:30:14.146Z"}
{"level":"info","message":"✅ Tabla Comedores verificada","timestamp":"2026-06-24T03:30:14.174Z"}
{"level":"info","message":"Servidor corriendo en http://localhost:3000","timestamp":"2026-06-24T03:30:14.180Z"}
{"level":"info","message":"Conexión a SQL Server establecida","timestamp":"2026-06-24T03:31:13.807Z"}
{"level":"info","message":"Tablas Roles, Permisos y RolPermiso verificadas","timestamp":"2026-06-24T03:31:14.019Z"}
{"level":"info","message":"Permisos base verificados","timestamp":"2026-06-24T03:31:14.030Z"}
{"level":"info","message":"Tabla Usuarios verificada","timestamp":"2026-06-24T03:31:14.067Z"}
{"level":"info","message":"Tablas Sesiones y RecuperacionPassword verificadas","timestamp":"2026-06-24T03:31:14.087Z"}
{"level":"info","message":"Tablas CategoriasPlatillo y Platillos verificadas","timestamp":"2026-06-24T03:31:14.145Z"}
{"level":"info","message":"✅ Tablas Ciudades y Empresas verificadas","timestamp":"2026-06-24T03:31:14.203Z"}
{"level":"info","message":"✅ Ciudades base verificadas","timestamp":"2026-06-24T03:31:14.211Z"}
{"level":"info","message":"✅ Tabla Comedores verificada","timestamp":"2026-06-24T03:31:14.240Z"}
{"level":"info","message":"Servidor corriendo en http://localhost:3000","timestamp":"2026-06-24T03:31:14.248Z"}
{"level":"info","message":"Conexión a SQL Server establecida","timestamp":"2026-06-24T03:31:18.258Z"}
{"level":"info","message":"Tablas Roles, Permisos y RolPermiso verificadas","timestamp":"2026-06-24T03:31:18.344Z"}
{"level":"info","message":"Permisos base verificados","timestamp":"2026-06-24T03:31:18.351Z"}
{"level":"info","message":"Tabla Usuarios verificada","timestamp":"2026-06-24T03:31:18.388Z"}
{"level":"info","message":"Tablas Sesiones y RecuperacionPassword verificadas","timestamp":"2026-06-24T03:31:18.403Z"}
{"level":"info","message":"Tablas CategoriasPlatillo y Platillos verificadas","timestamp":"2026-06-24T03:31:18.448Z"}
{"level":"info","message":"✅ Tablas Ciudades y Empresas verificadas","timestamp":"2026-06-24T03:31:18.491Z"}
{"level":"info","message":"✅ Ciudades base verificadas","timestamp":"2026-06-24T03:31:18.499Z"}
{"level":"info","message":"✅ Tabla Comedores verificada","timestamp":"2026-06-24T03:31:18.531Z"}
{"level":"info","message":"Servidor corriendo en http://localhost:3000","timestamp":"2026-06-24T03:31:18.536Z"}
{"level":"info","message":"Conexión a SQL Server establecida","timestamp":"2026-06-24T03:32:22.950Z"}
{"level":"info","message":"Tablas Roles, Permisos y RolPermiso verificadas","timestamp":"2026-06-24T03:32:23.039Z"}
{"level":"info","message":"Permisos base verificados","timestamp":"2026-06-24T03:32:23.047Z"}
{"level":"info","message":"Tabla Usuarios verificada","timestamp":"2026-06-24T03:32:23.080Z"}
{"level":"info","message":"Tablas Sesiones y RecuperacionPassword verificadas","timestamp":"2026-06-24T03:32:23.094Z"}
{"level":"info","message":"Tablas CategoriasPlatillo y Platillos verificadas","timestamp":"2026-06-24T03:32:23.135Z"}
{"level":"info","message":"✅ Tablas Ciudades y Empresas verificadas","timestamp":"2026-06-24T03:32:23.177Z"}
{"level":"info","message":"✅ Ciudades base verificadas","timestamp":"2026-06-24T03:32:23.184Z"}
{"level":"info","message":"✅ Tabla Comedores verificada","timestamp":"2026-06-24T03:32:23.217Z"}
{"level":"info","message":"Servidor corriendo en http://localhost:3000","timestamp":"2026-06-24T03:32:23.222Z"}
{"level":"info","message":"Conexión a SQL Server establecida","timestamp":"2026-06-24T03:34:51.150Z"}
{"level":"info","message":"Tablas Roles, Permisos y RolPermiso verificadas","timestamp":"2026-06-24T03:34:51.256Z"}
{"level":"info","message":"Permisos base verificados","timestamp":"2026-06-24T03:34:51.265Z"}
{"level":"info","message":"Tabla Usuarios verificada","timestamp":"2026-06-24T03:34:51.316Z"}
{"level":"info","message":"Tablas Sesiones y RecuperacionPassword verificadas","timestamp":"2026-06-24T03:34:51.343Z"}
{"level":"info","message":"Tablas CategoriasPlatillo y Platillos verificadas","timestamp":"2026-06-24T03:34:51.390Z"}
{"level":"info","message":"✅ Tablas Ciudades y Empresas verificadas","timestamp":"2026-06-24T03:34:51.429Z"}
{"level":"info","message":"✅ Ciudades base verificadas","timestamp":"2026-06-24T03:34:51.438Z"}
{"level":"info","message":"✅ Tabla Comedores verificada","timestamp":"2026-06-24T03:34:51.471Z"}
{"level":"info","message":"Servidor corriendo en http://localhost:3000","timestamp":"2026-06-24T03:34:51.475Z"}
{"level":"info","message":"Conexión a SQL Server establecida","timestamp":"2026-06-24T03:34:58.913Z"}
{"level":"info","message":"Tablas Roles, Permisos y RolPermiso verificadas","timestamp":"2026-06-24T03:34:58.998Z"}
{"level":"info","message":"Permisos base verificados","timestamp":"2026-06-24T03:34:59.008Z"}
{"level":"info","message":"Tabla Usuarios verificada","timestamp":"2026-06-24T03:34:59.048Z"}
{"level":"info","message":"Tablas Sesiones y RecuperacionPassword verificadas","timestamp":"2026-06-24T03:34:59.064Z"}
{"level":"info","message":"Tablas CategoriasPlatillo y Platillos verificadas","timestamp":"2026-06-24T03:34:59.130Z"}
{"level":"info","message":"✅ Tablas Ciudades y Empresas verificadas","timestamp":"2026-06-24T03:34:59.180Z"}
{"level":"info","message":"✅ Ciudades base verificadas","timestamp":"2026-06-24T03:34:59.188Z"}
{"level":"info","message":"✅ Tabla Comedores verificada","timestamp":"2026-06-24T03:34:59.225Z"}
{"level":"info","message":"Servidor corriendo en http://localhost:3000","timestamp":"2026-06-24T03:34:59.230Z"}
{"level":"info","message":"Conexión a SQL Server establecida","timestamp":"2026-06-24T03:36:04.728Z"}
{"level":"info","message":"Tablas Roles, Permisos y RolPermiso verificadas","timestamp":"2026-06-24T03:36:04.809Z"}
{"level":"info","message":"Permisos base verificados","timestamp":"2026-06-24T03:36:04.816Z"}
{"level":"info","message":"Tabla Usuarios verificada","timestamp":"2026-06-24T03:36:04.849Z"}
{"level":"info","message":"Tablas Sesiones y RecuperacionPassword verificadas","timestamp":"2026-06-24T03:36:04.895Z"}
{"level":"info","message":"Tablas CategoriasPlatillo y Platillos verificadas","timestamp":"2026-06-24T03:36:04.958Z"}
{"level":"info","message":"✅ Tablas Ciudades y Empresas verificadas","timestamp":"2026-06-24T03:36:05.014Z"}
{"level":"info","message":"✅ Ciudades base verificadas","timestamp":"2026-06-24T03:36:05.021Z"}
{"level":"info","message":"✅ Tabla Comedores verificada","timestamp":"2026-06-24T03:36:05.068Z"}
{"level":"info","message":"Servidor corriendo en http://localhost:3000","timestamp":"2026-06-24T03:36:05.078Z"}
{"level":"info","message":"Conexión a SQL Server establecida","timestamp":"2026-06-24T03:36:08.765Z"}
{"level":"info","message":"Tablas Roles, Permisos y RolPermiso verificadas","timestamp":"2026-06-24T03:36:08.858Z"}
{"level":"info","message":"Permisos base verificados","timestamp":"2026-06-24T03:36:08.865Z"}
{"level":"info","message":"Tabla Usuarios verificada","timestamp":"2026-06-24T03:36:08.918Z"}
{"level":"info","message":"Tablas Sesiones y RecuperacionPassword verificadas","timestamp":"2026-06-24T03:36:08.931Z"}
{"level":"info","message":"Tablas CategoriasPlatillo y Platillos verificadas","timestamp":"2026-06-24T03:36:08.969Z"}
{"level":"info","message":"✅ Tablas Ciudades y Empresas verificadas","timestamp":"2026-06-24T03:36:09.013Z"}
{"level":"info","message":"✅ Ciudades base verificadas","timestamp":"2026-06-24T03:36:09.020Z"}
{"level":"info","message":"✅ Tabla Comedores verificada","timestamp":"2026-06-24T03:36:09.051Z"}
{"level":"info","message":"Servidor corriendo en http://localhost:3000","timestamp":"2026-06-24T03:36:09.056Z"}
{"level":"info","message":"Conexión a SQL Server establecida","timestamp":"2026-06-24T03:38:01.320Z"}
{"level":"info","message":"Tablas Roles, Permisos y RolPermiso verificadas","timestamp":"2026-06-24T03:38:01.480Z"}
{"level":"info","message":"Permisos base verificados","timestamp":"2026-06-24T03:38:01.490Z"}
{"level":"info","message":"Tabla Usuarios verificada","timestamp":"2026-06-24T03:38:01.544Z"}
{"level":"info","message":"Tablas Sesiones y RecuperacionPassword verificadas","timestamp":"2026-06-24T03:38:01.568Z"}
{"level":"info","message":"Conexión a SQL Server establecida","timestamp":"2026-06-24T03:38:04.045Z"}
{"level":"info","message":"Tablas Roles, Permisos y RolPermiso verificadas","timestamp":"2026-06-24T03:38:04.123Z"}
{"level":"info","message":"Permisos base verificados","timestamp":"2026-06-24T03:38:04.129Z"}
{"level":"info","message":"Tabla Usuarios verificada","timestamp":"2026-06-24T03:38:04.162Z"}
{"level":"info","message":"Tablas Sesiones y RecuperacionPassword verificadas","timestamp":"2026-06-24T03:38:04.178Z"}
{"level":"info","message":"Tablas CategoriasPlatillo y Platillos verificadas","timestamp":"2026-06-24T03:38:04.214Z"}
{"level":"info","message":"✅ Tablas Ciudades y Empresas verificadas","timestamp":"2026-06-24T03:38:04.259Z"}
{"level":"info","message":"✅ Ciudades base verificadas","timestamp":"2026-06-24T03:38:04.268Z"}
{"level":"info","message":"✅ Tabla Comedores verificada","timestamp":"2026-06-24T03:38:04.295Z"}
{"level":"info","message":"Servidor corriendo en http://localhost:3000","timestamp":"2026-06-24T03:38:04.302Z"}
{"level":"info","message":"Conexión a SQL Server establecida","timestamp":"2026-06-24T03:38:40.751Z"}
{"level":"info","message":"Tablas Roles, Permisos y RolPermiso verificadas","timestamp":"2026-06-24T03:38:40.928Z"}
{"level":"info","message":"Permisos base verificados","timestamp":"2026-06-24T03:38:40.958Z"}
{"level":"info","message":"Tabla Usuarios verificada","timestamp":"2026-06-24T03:38:41.036Z"}
{"level":"info","message":"Tablas Sesiones y RecuperacionPassword verificadas","timestamp":"2026-06-24T03:38:41.074Z"}
{"level":"info","message":"Tablas CategoriasPlatillo y Platillos verificadas","timestamp":"2026-06-24T03:38:41.143Z"}
{"level":"info","message":"✅ Tablas Ciudades y Empresas verificadas","timestamp":"2026-06-24T03:38:41.218Z"}
{"level":"info","message":"✅ Ciudades base verificadas","timestamp":"2026-06-24T03:38:41.227Z"}
{"level":"info","message":"✅ Tabla Comedores verificada","timestamp":"2026-06-24T03:38:41.272Z"}
{"level":"info","message":"Servidor corriendo en http://localhost:3000","timestamp":"2026-06-24T03:38:41.278Z"}
{"level":"info","message":"Conexión a SQL Server establecida","timestamp":"2026-06-24T03:38:44.570Z"}
{"level":"info","message":"Tablas Roles, Permisos y RolPermiso verificadas","timestamp":"2026-06-24T03:38:44.704Z"}
{"level":"info","message":"Permisos base verificados","timestamp":"2026-06-24T03:38:44.719Z"}
{"level":"info","message":"Tabla Usuarios verificada","timestamp":"2026-06-24T03:38:44.754Z"}
{"level":"info","message":"Tablas Sesiones y RecuperacionPassword verificadas","timestamp":"2026-06-24T03:38:44.769Z"}
{"level":"info","message":"Tablas CategoriasPlatillo y Platillos verificadas","timestamp":"2026-06-24T03:38:44.805Z"}
{"level":"info","message":"✅ Tablas Ciudades y Empresas verificadas","timestamp":"2026-06-24T03:38:44.843Z"}
{"level":"info","message":"✅ Ciudades base verificadas","timestamp":"2026-06-24T03:38:44.851Z"}
{"level":"info","message":"✅ Tabla Comedores verificada","timestamp":"2026-06-24T03:38:44.880Z"}
{"level":"info","message":"Servidor corriendo en http://localhost:3000","timestamp":"2026-06-24T03:38:44.886Z"}
{"level":"info","message":"Conexión a SQL Server establecida","timestamp":"2026-06-24T03:39:20.814Z"}
{"level":"info","message":"Tablas Roles, Permisos y RolPermiso verificadas","timestamp":"2026-06-24T03:39:20.882Z"}
{"level":"info","message":"Permisos base verificados","timestamp":"2026-06-24T03:39:20.888Z"}
{"level":"info","message":"Tabla Usuarios verificada","timestamp":"2026-06-24T03:39:20.918Z"}
{"level":"info","message":"Tablas Sesiones y RecuperacionPassword verificadas","timestamp":"2026-06-24T03:39:20.934Z"}
{"level":"info","message":"Tablas CategoriasPlatillo y Platillos verificadas","timestamp":"2026-06-24T03:39:21.021Z"}
{"level":"info","message":"✅ Tablas Ciudades y Empresas verificadas","timestamp":"2026-06-24T03:39:21.100Z"}
{"level":"info","message":"✅ Ciudades base verificadas","timestamp":"2026-06-24T03:39:21.109Z"}
{"level":"info","message":"✅ Tabla Comedores verificada","timestamp":"2026-06-24T03:39:21.145Z"}
{"level":"info","message":"Servidor corriendo en http://localhost:3000","timestamp":"2026-06-24T03:39:21.152Z"}
{"level":"info","message":"Conexión a SQL Server establecida","timestamp":"2026-06-24T03:39:23.804Z"}
{"level":"info","message":"Tablas Roles, Permisos y RolPermiso verificadas","timestamp":"2026-06-24T03:39:23.868Z"}
{"level":"info","message":"Permisos base verificados","timestamp":"2026-06-24T03:39:23.874Z"}
{"level":"info","message":"Tabla Usuarios verificada","timestamp":"2026-06-24T03:39:23.904Z"}
{"level":"info","message":"Tablas Sesiones y RecuperacionPassword verificadas","timestamp":"2026-06-24T03:39:23.917Z"}
{"level":"info","message":"Tablas CategoriasPlatillo y Platillos verificadas","timestamp":"2026-06-24T03:39:23.963Z"}
{"level":"info","message":"✅ Tablas Ciudades y Empresas verificadas","timestamp":"2026-06-24T03:39:24.235Z"}
{"level":"info","message":"✅ Ciudades base verificadas","timestamp":"2026-06-24T03:39:24.252Z"}
{"level":"info","message":"✅ Tabla Comedores verificada","timestamp":"2026-06-24T03:39:24.283Z"}
{"level":"info","message":"Servidor corriendo en http://localhost:3000","timestamp":"2026-06-24T03:39:24.287Z"}
{"level":"info","message":"Conexión a SQL Server establecida","timestamp":"2026-06-24T03:40:49.540Z"}
{"level":"info","message":"Tablas Roles, Permisos y RolPermiso verificadas","timestamp":"2026-06-24T03:40:49.643Z"}
{"level":"info","message":"Permisos base verificados","timestamp":"2026-06-24T03:40:49.655Z"}
{"level":"info","message":"Tabla Usuarios verificada","timestamp":"2026-06-24T03:40:49.690Z"}
{"level":"info","message":"Tablas Sesiones y RecuperacionPassword verificadas","timestamp":"2026-06-24T03:40:49.705Z"}
{"level":"info","message":"Tablas CategoriasPlatillo y Platillos verificadas","timestamp":"2026-06-24T03:40:49.749Z"}
{"level":"info","message":"✅ Tablas Ciudades y Empresas verificadas","timestamp":"2026-06-24T03:40:49.794Z"}
{"level":"info","message":"✅ Ciudades base verificadas","timestamp":"2026-06-24T03:40:49.803Z"}
{"level":"info","message":"✅ Tabla Comedores verificada","timestamp":"2026-06-24T03:40:49.831Z"}
{"level":"info","message":"Servidor corriendo en http://localhost:3000","timestamp":"2026-06-24T03:40:49.836Z"}
{"level":"info","message":"Conexión a SQL Server establecida","timestamp":"2026-06-24T03:40:54.096Z"}
{"level":"info","message":"Tablas Roles, Permisos y RolPermiso verificadas","timestamp":"2026-06-24T03:40:54.196Z"}
{"level":"info","message":"Permisos base verificados","timestamp":"2026-06-24T03:40:54.214Z"}
{"level":"info","message":"Tabla Usuarios verificada","timestamp":"2026-06-24T03:40:54.251Z"}
{"level":"info","message":"Tablas Sesiones y RecuperacionPassword verificadas","timestamp":"2026-06-24T03:40:54.265Z"}
{"level":"info","message":"Tablas CategoriasPlatillo y Platillos verificadas","timestamp":"2026-06-24T03:40:54.306Z"}
{"level":"info","message":"✅ Tablas Ciudades y Empresas verificadas","timestamp":"2026-06-24T03:40:54.352Z"}
{"level":"info","message":"✅ Ciudades base verificadas","timestamp":"2026-06-24T03:40:54.362Z"}
{"level":"info","message":"✅ Tabla Comedores verificada","timestamp":"2026-06-24T03:40:54.400Z"}
{"level":"info","message":"Servidor corriendo en http://localhost:3000","timestamp":"2026-06-24T03:40:54.404Z"}
{"level":"info","message":"Conexión a SQL Server establecida","timestamp":"2026-06-24T03:41:07.888Z"}
{"level":"info","message":"Tablas Roles, Permisos y RolPermiso verificadas","timestamp":"2026-06-24T03:41:07.986Z"}
{"level":"info","message":"Permisos base verificados","timestamp":"2026-06-24T03:41:07.996Z"}
{"level":"info","message":"Tabla Usuarios verificada","timestamp":"2026-06-24T03:41:08.053Z"}
{"level":"info","message":"Tablas Sesiones y RecuperacionPassword verificadas","timestamp":"2026-06-24T03:41:08.084Z"}
{"level":"info","message":"Tablas CategoriasPlatillo y Platillos verificadas","timestamp":"2026-06-24T03:41:08.156Z"}
{"level":"info","message":"✅ Tablas Ciudades y Empresas verificadas","timestamp":"2026-06-24T03:41:08.220Z"}
{"level":"info","message":"✅ Ciudades base verificadas","timestamp":"2026-06-24T03:41:08.229Z"}
{"level":"info","message":"✅ Tabla Comedores verificada","timestamp":"2026-06-24T03:41:08.262Z"}
{"level":"info","message":"Servidor corriendo en http://localhost:3000","timestamp":"2026-06-24T03:41:08.267Z"}
{"level":"info","message":"Conexión a SQL Server establecida","timestamp":"2026-06-24T03:41:13.566Z"}
{"level":"info","message":"Tablas Roles, Permisos y RolPermiso verificadas","timestamp":"2026-06-24T03:41:13.660Z"}
{"level":"info","message":"Permisos base verificados","timestamp":"2026-06-24T03:41:13.667Z"}
{"level":"info","message":"Tabla Usuarios verificada","timestamp":"2026-06-24T03:41:13.710Z"}
{"level":"info","message":"Tablas Sesiones y RecuperacionPassword verificadas","timestamp":"2026-06-24T03:41:13.727Z"}
{"level":"info","message":"Tablas CategoriasPlatillo y Platillos verificadas","timestamp":"2026-06-24T03:41:13.769Z"}
{"level":"info","message":"✅ Tablas Ciudades y Empresas verificadas","timestamp":"2026-06-24T03:41:13.845Z"}
{"level":"info","message":"✅ Ciudades base verificadas","timestamp":"2026-06-24T03:41:13.852Z"}
{"level":"info","message":"✅ Tabla Comedores verificada","timestamp":"2026-06-24T03:41:13.880Z"}
{"level":"info","message":"Servidor corriendo en http://localhost:3000","timestamp":"2026-06-24T03:41:13.885Z"}
{"level":"info","message":"Conexión a SQL Server establecida","timestamp":"2026-06-24T03:43:18.657Z"}
{"level":"info","message":"Tablas Roles, Permisos y RolPermiso verificadas","timestamp":"2026-06-24T03:43:18.757Z"}
{"level":"info","message":"Permisos base verificados","timestamp":"2026-06-24T03:43:18.764Z"}
{"level":"info","message":"Tabla Usuarios verificada","timestamp":"2026-06-24T03:43:18.798Z"}
{"level":"info","message":"Tablas Sesiones y RecuperacionPassword verificadas","timestamp":"2026-06-24T03:43:18.817Z"}
{"level":"info","message":"Tablas CategoriasPlatillo y Platillos verificadas","timestamp":"2026-06-24T03:43:18.861Z"}
{"level":"info","message":"✅ Tablas Ciudades y Empresas verificadas","timestamp":"2026-06-24T03:43:18.905Z"}
{"level":"info","message":"✅ Ciudades base verificadas","timestamp":"2026-06-24T03:43:18.912Z"}
{"level":"info","message":"✅ Tabla Comedores verificada","timestamp":"2026-06-24T03:43:18.945Z"}
{"level":"info","message":"Servidor corriendo en http://localhost:3000","timestamp":"2026-06-24T03:43:18.950Z"}
{"level":"info","message":"Conexión a SQL Server establecida","timestamp":"2026-06-24T03:43:23.416Z"}
{"level":"info","message":"Tablas Roles, Permisos y RolPermiso verificadas","timestamp":"2026-06-24T03:43:23.500Z"}
{"level":"info","message":"Permisos base verificados","timestamp":"2026-06-24T03:43:23.508Z"}
{"level":"info","message":"Tabla Usuarios verificada","timestamp":"2026-06-24T03:43:23.543Z"}
{"level":"info","message":"Tablas Sesiones y RecuperacionPassword verificadas","timestamp":"2026-06-24T03:43:23.558Z"}
{"level":"info","message":"Tablas CategoriasPlatillo y Platillos verificadas","timestamp":"2026-06-24T03:43:23.598Z"}
{"level":"info","message":"✅ Tablas Ciudades y Empresas verificadas","timestamp":"2026-06-24T03:43:23.643Z"}
{"level":"info","message":"✅ Ciudades base verificadas","timestamp":"2026-06-24T03:43:23.653Z"}
{"level":"info","message":"✅ Tabla Comedores verificada","timestamp":"2026-06-24T03:43:23.688Z"}
{"level":"info","message":"Servidor corriendo en http://localhost:3000","timestamp":"2026-06-24T03:43:23.692Z"}
{"level":"info","message":"Conexión a SQL Server establecida","timestamp":"2026-06-24T03:43:42.654Z"}
{"level":"info","message":"Tablas Roles, Permisos y RolPermiso verificadas","timestamp":"2026-06-24T03:43:42.759Z"}
{"level":"info","message":"Permisos base verificados","timestamp":"2026-06-24T03:43:42.769Z"}
{"level":"info","message":"Tabla Usuarios verificada","timestamp":"2026-06-24T03:43:42.816Z"}
{"level":"info","message":"Tablas Sesiones y RecuperacionPassword verificadas","timestamp":"2026-06-24T03:43:42.839Z"}
{"level":"info","message":"Tablas CategoriasPlatillo y Platillos verificadas","timestamp":"2026-06-24T03:43:42.897Z"}
{"level":"info","message":"✅ Tablas Ciudades y Empresas verificadas","timestamp":"2026-06-24T03:43:42.949Z"}
{"level":"info","message":"✅ Ciudades base verificadas","timestamp":"2026-06-24T03:43:42.959Z"}
{"level":"info","message":"✅ Tabla Comedores verificada","timestamp":"2026-06-24T03:43:43.027Z"}
{"level":"info","message":"Servidor corriendo en http://localhost:3000","timestamp":"2026-06-24T03:43:43.035Z"}
{"level":"info","message":"Conexión a SQL Server establecida","timestamp":"2026-06-24T03:43:47.434Z"}
{"level":"info","message":"Tablas Roles, Permisos y RolPermiso verificadas","timestamp":"2026-06-24T03:43:47.580Z"}
{"level":"info","message":"Permisos base verificados","timestamp":"2026-06-24T03:43:47.591Z"}
{"level":"info","message":"Tabla Usuarios verificada","timestamp":"2026-06-24T03:43:47.640Z"}
{"level":"info","message":"Tablas Sesiones y RecuperacionPassword verificadas","timestamp":"2026-06-24T03:43:47.661Z"}
{"level":"info","message":"Tablas CategoriasPlatillo y Platillos verificadas","timestamp":"2026-06-24T03:43:47.726Z"}
{"level":"info","message":"✅ Tablas Ciudades y Empresas verificadas","timestamp":"2026-06-24T03:43:47.778Z"}
{"level":"info","message":"✅ Ciudades base verificadas","timestamp":"2026-06-24T03:43:47.789Z"}
{"level":"info","message":"✅ Tabla Comedores verificada","timestamp":"2026-06-24T03:43:47.828Z"}
{"level":"info","message":"Servidor corriendo en http://localhost:3000","timestamp":"2026-06-24T03:43:47.834Z"}
{"level":"info","message":"Conexión a SQL Server establecida","timestamp":"2026-06-24T03:44:00.873Z"}
{"level":"info","message":"Tablas Roles, Permisos y RolPermiso verificadas","timestamp":"2026-06-24T03:44:01.024Z"}
{"level":"info","message":"Permisos base verificados","timestamp":"2026-06-24T03:44:01.196Z"}
{"level":"info","message":"Tabla Usuarios verificada","timestamp":"2026-06-24T03:44:01.714Z"}
{"level":"info","message":"Conexión a SQL Server establecida","timestamp":"2026-06-24T03:44:05.438Z"}
{"level":"info","message":"Tablas Roles, Permisos y RolPermiso verificadas","timestamp":"2026-06-24T03:44:05.523Z"}
{"level":"info","message":"Permisos base verificados","timestamp":"2026-06-24T03:44:05.538Z"}
{"level":"info","message":"Tabla Usuarios verificada","timestamp":"2026-06-24T03:44:05.592Z"}
{"level":"info","message":"Tablas Sesiones y RecuperacionPassword verificadas","timestamp":"2026-06-24T03:44:05.621Z"}
{"level":"info","message":"Tablas CategoriasPlatillo y Platillos verificadas","timestamp":"2026-06-24T03:44:05.680Z"}
{"level":"info","message":"✅ Tablas Ciudades y Empresas verificadas","timestamp":"2026-06-24T03:44:05.733Z"}
{"level":"info","message":"✅ Ciudades base verificadas","timestamp":"2026-06-24T03:44:05.741Z"}
{"level":"info","message":"✅ Tabla Comedores verificada","timestamp":"2026-06-24T03:44:05.792Z"}
{"level":"info","message":"Servidor corriendo en http://localhost:3000","timestamp":"2026-06-24T03:44:05.802Z"}
{"level":"info","message":"Conexión a SQL Server establecida","timestamp":"2026-06-24T03:44:40.029Z"}
{"level":"info","message":"Conexión a SQL Server establecida","timestamp":"2026-06-24T03:44:42.799Z"}
{"level":"info","message":"Tablas Roles, Permisos y RolPermiso verificadas","timestamp":"2026-06-24T03:44:42.878Z"}
{"level":"info","message":"Permisos base verificados","timestamp":"2026-06-24T03:44:42.885Z"}
{"level":"info","message":"Tabla Usuarios verificada","timestamp":"2026-06-24T03:44:42.923Z"}
{"level":"info","message":"Tablas Sesiones y RecuperacionPassword verificadas","timestamp":"2026-06-24T03:44:42.940Z"}
{"level":"info","message":"Tablas CategoriasPlatillo y Platillos verificadas","timestamp":"2026-06-24T03:44:42.983Z"}
{"level":"info","message":"✅ Tablas Ciudades y Empresas verificadas","timestamp":"2026-06-24T03:44:43.031Z"}
{"level":"info","message":"✅ Ciudades base verificadas","timestamp":"2026-06-24T03:44:43.039Z"}
{"level":"info","message":"✅ Tabla Comedores verificada","timestamp":"2026-06-24T03:44:43.072Z"}
{"level":"info","message":"Servidor corriendo en http://localhost:3000","timestamp":"2026-06-24T03:44:43.077Z"}
{"level":"info","message":"Conexión a SQL Server establecida","timestamp":"2026-06-24T03:44:56.270Z"}
{"level":"info","message":"Tablas Roles, Permisos y RolPermiso verificadas","timestamp":"2026-06-24T03:44:56.334Z"}
{"level":"info","message":"Permisos base verificados","timestamp":"2026-06-24T03:44:56.340Z"}
{"level":"info","message":"Tabla Usuarios verificada","timestamp":"2026-06-24T03:44:56.369Z"}
{"level":"info","message":"Tablas Sesiones y RecuperacionPassword verificadas","timestamp":"2026-06-24T03:44:56.383Z"}
{"level":"info","message":"Tablas CategoriasPlatillo y Platillos verificadas","timestamp":"2026-06-24T03:44:56.417Z"}
{"level":"info","message":"✅ Tablas Ciudades y Empresas verificadas","timestamp":"2026-06-24T03:44:56.463Z"}
{"level":"info","message":"✅ Ciudades base verificadas","timestamp":"2026-06-24T03:44:56.469Z"}
{"level":"info","message":"✅ Tabla Comedores verificada","timestamp":"2026-06-24T03:44:56.502Z"}
{"level":"info","message":"Servidor corriendo en http://localhost:3000","timestamp":"2026-06-24T03:44:56.507Z"}
{"level":"info","message":"Conexión a SQL Server establecida","timestamp":"2026-06-24T03:46:47.896Z"}
{"level":"info","message":"Tablas Roles, Permisos y RolPermiso verificadas","timestamp":"2026-06-24T03:46:48.034Z"}
{"level":"info","message":"Permisos base verificados","timestamp":"2026-06-24T03:46:48.046Z"}
{"level":"info","message":"Tabla Usuarios verificada","timestamp":"2026-06-24T03:46:48.090Z"}
{"level":"info","message":"Tablas Sesiones y RecuperacionPassword verificadas","timestamp":"2026-06-24T03:46:48.108Z"}
{"level":"info","message":"Tablas CategoriasPlatillo y Platillos verificadas","timestamp":"2026-06-24T03:46:48.164Z"}
{"level":"info","message":"Conexión a SQL Server establecida","timestamp":"2026-06-24T03:46:51.052Z"}
{"level":"info","message":"Tablas Roles, Permisos y RolPermiso verificadas","timestamp":"2026-06-24T03:46:51.149Z"}
{"level":"info","message":"Permisos base verificados","timestamp":"2026-06-24T03:46:51.156Z"}
{"level":"info","message":"Tabla Usuarios verificada","timestamp":"2026-06-24T03:46:51.190Z"}
{"level":"info","message":"Tablas Sesiones y RecuperacionPassword verificadas","timestamp":"2026-06-24T03:46:51.204Z"}
{"level":"info","message":"Tablas CategoriasPlatillo y Platillos verificadas","timestamp":"2026-06-24T03:46:51.245Z"}
{"level":"info","message":"✅ Tablas Ciudades y Empresas verificadas","timestamp":"2026-06-24T03:46:51.292Z"}
{"level":"info","message":"✅ Ciudades base verificadas","timestamp":"2026-06-24T03:46:51.300Z"}
{"level":"info","message":"✅ Tabla Comedores verificada","timestamp":"2026-06-24T03:46:51.336Z"}
{"level":"info","message":"Servidor corriendo en http://localhost:3000","timestamp":"2026-06-24T03:46:51.341Z"}
{"level":"info","message":"Conexión a SQL Server establecida","timestamp":"2026-06-24T03:47:07.986Z"}
{"level":"info","message":"Tablas Roles, Permisos y RolPermiso verificadas","timestamp":"2026-06-24T03:47:08.113Z"}
{"level":"info","message":"Permisos base verificados","timestamp":"2026-06-24T03:47:08.132Z"}
{"level":"info","message":"Tabla Usuarios verificada","timestamp":"2026-06-24T03:47:08.203Z"}
{"level":"info","message":"Tablas Sesiones y RecuperacionPassword verificadas","timestamp":"2026-06-24T03:47:08.225Z"}
{"level":"info","message":"Tablas CategoriasPlatillo y Platillos verificadas","timestamp":"2026-06-24T03:47:08.292Z"}
{"level":"info","message":"✅ Tablas Ciudades y Empresas verificadas","timestamp":"2026-06-24T03:47:08.357Z"}
{"level":"info","message":"✅ Ciudades base verificadas","timestamp":"2026-06-24T03:47:08.370Z"}
{"level":"info","message":"✅ Tabla Comedores verificada","timestamp":"2026-06-24T03:47:08.417Z"}
{"level":"info","message":"Servidor corriendo en http://localhost:3000","timestamp":"2026-06-24T03:47:08.422Z"}
{"level":"info","message":"Conexión a SQL Server establecida","timestamp":"2026-06-24T03:48:48.185Z"}
{"level":"info","message":"Tablas Roles, Permisos y RolPermiso verificadas","timestamp":"2026-06-24T03:48:48.274Z"}
{"level":"info","message":"Permisos base verificados","timestamp":"2026-06-24T03:48:48.281Z"}
{"level":"info","message":"Tabla Usuarios verificada","timestamp":"2026-06-24T03:48:48.313Z"}
{"level":"info","message":"Tablas Sesiones y RecuperacionPassword verificadas","timestamp":"2026-06-24T03:48:48.326Z"}
{"level":"info","message":"Tablas CategoriasPlatillo y Platillos verificadas","timestamp":"2026-06-24T03:48:48.395Z"}
{"level":"info","message":"✅ Tablas Ciudades y Empresas verificadas","timestamp":"2026-06-24T03:48:48.458Z"}
{"level":"info","message":"✅ Ciudades base verificadas","timestamp":"2026-06-24T03:48:48.469Z"}
{"level":"info","message":"✅ Tabla Comedores verificada","timestamp":"2026-06-24T03:48:48.518Z"}
{"level":"info","message":"Servidor corriendo en http://localhost:3000","timestamp":"2026-06-24T03:48:48.527Z"}
{"level":"info","message":"Conexión a SQL Server establecida","timestamp":"2026-06-24T03:49:56.782Z"}
{"level":"info","message":"Tablas Roles, Permisos y RolPermiso verificadas","timestamp":"2026-06-24T03:49:56.870Z"}
{"level":"info","message":"Permisos base verificados","timestamp":"2026-06-24T03:49:56.881Z"}
{"level":"info","message":"Tabla Usuarios verificada","timestamp":"2026-06-24T03:49:56.945Z"}
{"level":"info","message":"Tablas Sesiones y RecuperacionPassword verificadas","timestamp":"2026-06-24T03:49:56.970Z"}
{"level":"info","message":"Tablas CategoriasPlatillo y Platillos verificadas","timestamp":"2026-06-24T03:49:57.105Z"}
{"level":"info","message":"✅ Tablas Ciudades y Empresas verificadas","timestamp":"2026-06-24T03:49:57.239Z"}
{"level":"info","message":"✅ Ciudades base verificadas","timestamp":"2026-06-24T03:49:57.266Z"}
{"level":"info","message":"Conexión a SQL Server establecida","timestamp":"2026-06-24T03:50:00.632Z"}
{"level":"info","message":"Tablas Roles, Permisos y RolPermiso verificadas","timestamp":"2026-06-24T03:50:00.710Z"}
{"level":"info","message":"Permisos base verificados","timestamp":"2026-06-24T03:50:00.716Z"}
{"level":"info","message":"Tabla Usuarios verificada","timestamp":"2026-06-24T03:50:00.748Z"}
{"level":"info","message":"Tablas Sesiones y RecuperacionPassword verificadas","timestamp":"2026-06-24T03:50:00.765Z"}
{"level":"info","message":"Tablas CategoriasPlatillo y Platillos verificadas","timestamp":"2026-06-24T03:50:00.805Z"}
{"level":"info","message":"✅ Tablas Ciudades y Empresas verificadas","timestamp":"2026-06-24T03:50:00.853Z"}
{"level":"info","message":"✅ Ciudades base verificadas","timestamp":"2026-06-24T03:50:00.864Z"}
{"level":"info","message":"✅ Tabla Comedores verificada","timestamp":"2026-06-24T03:50:00.921Z"}
{"level":"info","message":"Servidor corriendo en http://localhost:3000","timestamp":"2026-06-24T03:50:00.931Z"}
{"level":"info","message":"Conexión a SQL Server establecida","timestamp":"2026-06-24T03:57:08.984Z"}
{"level":"info","message":"Tablas Roles, Permisos y RolPermiso verificadas","timestamp":"2026-06-24T03:57:09.078Z"}
{"level":"info","message":"Permisos base verificados","timestamp":"2026-06-24T03:57:09.085Z"}
{"level":"info","message":"Tabla Usuarios verificada","timestamp":"2026-06-24T03:57:09.115Z"}
{"level":"info","message":"Tablas Sesiones y RecuperacionPassword verificadas","timestamp":"2026-06-24T03:57:09.127Z"}
{"level":"info","message":"Tablas CategoriasPlatillo y Platillos verificadas","timestamp":"2026-06-24T03:57:09.162Z"}
{"level":"info","message":"✅ Tablas Ciudades y Empresas verificadas","timestamp":"2026-06-24T03:57:09.205Z"}
{"level":"info","message":"✅ Ciudades base verificadas","timestamp":"2026-06-24T03:57:09.212Z"}
{"level":"info","message":"✅ Tabla Comedores verificada","timestamp":"2026-06-24T03:57:09.240Z"}
{"level":"info","message":"✅ Tablas Menus y MenuDetalle verificadas","timestamp":"2026-06-24T03:57:09.301Z"}
{"level":"info","message":"Servidor corriendo en http://localhost:3000","timestamp":"2026-06-24T03:57:09.306Z"}
{"level":"info","message":"Conexión a SQL Server establecida","timestamp":"2026-06-24T03:58:12.397Z"}
{"level":"info","message":"Tablas Roles, Permisos y RolPermiso verificadas","timestamp":"2026-06-24T03:58:12.474Z"}
{"level":"info","message":"Permisos base verificados","timestamp":"2026-06-24T03:58:12.480Z"}
{"level":"info","message":"Tabla Usuarios verificada","timestamp":"2026-06-24T03:58:12.507Z"}
{"level":"info","message":"Tablas Sesiones y RecuperacionPassword verificadas","timestamp":"2026-06-24T03:58:12.519Z"}
{"level":"info","message":"Tablas CategoriasPlatillo y Platillos verificadas","timestamp":"2026-06-24T03:58:12.552Z"}
{"level":"info","message":"✅ Tablas Ciudades y Empresas verificadas","timestamp":"2026-06-24T03:58:12.591Z"}
{"level":"info","message":"✅ Ciudades base verificadas","timestamp":"2026-06-24T03:58:12.598Z"}
{"level":"info","message":"✅ Tabla Comedores verificada","timestamp":"2026-06-24T03:58:12.627Z"}
{"level":"info","message":"✅ Tablas Menus y MenuDetalle verificadas","timestamp":"2026-06-24T03:58:12.663Z"}
{"level":"info","message":"Servidor corriendo en http://localhost:3000","timestamp":"2026-06-24T03:58:12.668Z"}
{"level":"info","message":{"action":"LOGIN","email":"admin@wasteless.com","idUsuario":"1","ip":"::1"},"timestamp":"2026-06-24T04:32:28.792Z"}
{"level":"error","message":"La empresa especificada no existe","method":"POST","path":"/api/dining-rooms","stack":"Error: La empresa especificada no existe\n    at CreateDiningRoom.execute (C:\\Users\\samue\\Desktop\\Api_WasteLess\\src\\modules\\planeacion-gastronomica\\gestion-comedores\\application\\use-cases\\CreateDiningRoom.js:14:25)\n    at runNextTicks (node:internal/process/task_queues:65:5)\n    at process.processImmediate (node:internal/timers:453:9)\n    at async DiningRoomController.create (C:\\Users\\samue\\Desktop\\Api_WasteLess\\src\\modules\\planeacion-gastronomica\\gestion-comedores\\interfaces\\controllers\\DiningRoomController.js:26:26)","timestamp":"2026-06-24T04:39:42.762Z"}
{"level":"info","message":{"action":"CREATE_DINING_ROOM","idComedor":"1","nombre":"Comedor Central"},"timestamp":"2026-06-24T04:40:29.509Z"}
{"level":"error","message":"Acceso denegado","method":"GET","path":"/api/dining-rooms","stack":"Error: Acceso denegado\n    at C:\\Users\\samue\\Desktop\\Api_WasteLess\\src\\shared\\middleware\\authorize.js:9:13\n    at Layer.handleRequest (C:\\Users\\samue\\Desktop\\Api_WasteLess\\node_modules\\router\\lib\\layer.js:152:17)\n    at next (C:\\Users\\samue\\Desktop\\Api_WasteLess\\node_modules\\router\\lib\\route.js:157:13)\n    at Route.dispatch (C:\\Users\\samue\\Desktop\\Api_WasteLess\\node_modules\\router\\lib\\route.js:117:3)\n    at handle (C:\\Users\\samue\\Desktop\\Api_WasteLess\\node_modules\\router\\index.js:435:11)\n    at Layer.handleRequest (C:\\Users\\samue\\Desktop\\Api_WasteLess\\node_modules\\router\\lib\\layer.js:152:17)\n    at C:\\Users\\samue\\Desktop\\Api_WasteLess\\node_modules\\router\\index.js:295:15\n    at processParams (C:\\Users\\samue\\Desktop\\Api_WasteLess\\node_modules\\router\\index.js:582:12)\n    at next (C:\\Users\\samue\\Desktop\\Api_WasteLess\\node_modules\\router\\index.js:291:5)\n    at verifyJWT (C:\\Users\\samue\\Desktop\\Api_WasteLess\\src\\shared\\middleware\\verifyJWT.js:15:5)","timestamp":"2026-06-24T04:45:39.691Z"}
{"level":"error","message":"Acceso denegado","method":"POST","path":"/api/dining-rooms","stack":"Error: Acceso denegado\n    at C:\\Users\\samue\\Desktop\\Api_WasteLess\\src\\shared\\middleware\\authorize.js:9:13\n    at Layer.handleRequest (C:\\Users\\samue\\Desktop\\Api_WasteLess\\node_modules\\router\\lib\\layer.js:152:17)\n    at next (C:\\Users\\samue\\Desktop\\Api_WasteLess\\node_modules\\router\\lib\\route.js:157:13)\n    at Route.dispatch (C:\\Users\\samue\\Desktop\\Api_WasteLess\\node_modules\\router\\lib\\route.js:117:3)\n    at handle (C:\\Users\\samue\\Desktop\\Api_WasteLess\\node_modules\\router\\index.js:435:11)\n    at Layer.handleRequest (C:\\Users\\samue\\Desktop\\Api_WasteLess\\node_modules\\router\\lib\\layer.js:152:17)\n    at C:\\Users\\samue\\Desktop\\Api_WasteLess\\node_modules\\router\\index.js:295:15\n    at processParams (C:\\Users\\samue\\Desktop\\Api_WasteLess\\node_modules\\router\\index.js:582:12)\n    at next (C:\\Users\\samue\\Desktop\\Api_WasteLess\\node_modules\\router\\index.js:291:5)\n    at verifyJWT (C:\\Users\\samue\\Desktop\\Api_WasteLess\\src\\shared\\middleware\\verifyJWT.js:15:5)","timestamp":"2026-06-24T04:46:32.045Z"}
{"level":"error","message":"Acceso denegado","method":"POST","path":"/api/dining-rooms","stack":"Error: Acceso denegado\n    at C:\\Users\\samue\\Desktop\\Api_WasteLess\\src\\shared\\middleware\\authorize.js:9:13\n    at Layer.handleRequest (C:\\Users\\samue\\Desktop\\Api_WasteLess\\node_modules\\router\\lib\\layer.js:152:17)\n    at next (C:\\Users\\samue\\Desktop\\Api_WasteLess\\node_modules\\router\\lib\\route.js:157:13)\n    at Route.dispatch (C:\\Users\\samue\\Desktop\\Api_WasteLess\\node_modules\\router\\lib\\route.js:117:3)\n    at handle (C:\\Users\\samue\\Desktop\\Api_WasteLess\\node_modules\\router\\index.js:435:11)\n    at Layer.handleRequest (C:\\Users\\samue\\Desktop\\Api_WasteLess\\node_modules\\router\\lib\\layer.js:152:17)\n    at C:\\Users\\samue\\Desktop\\Api_WasteLess\\node_modules\\router\\index.js:295:15\n    at processParams (C:\\Users\\samue\\Desktop\\Api_WasteLess\\node_modules\\router\\index.js:582:12)\n    at next (C:\\Users\\samue\\Desktop\\Api_WasteLess\\node_modules\\router\\index.js:291:5)\n    at verifyJWT (C:\\Users\\samue\\Desktop\\Api_WasteLess\\src\\shared\\middleware\\verifyJWT.js:15:5)","timestamp":"2026-06-24T04:46:45.202Z"}
{"level":"info","message":{"action":"LOGIN","email":"admin@wasteless.com","idUsuario":"1","ip":"::1"},"timestamp":"2026-06-24T04:59:57.934Z"}
{"level":"info","message":{"action":"DELETE_DINING_ROOM","idComedor":1},"timestamp":"2026-06-24T05:00:18.189Z"}
{"level":"info","message":{"action":"CREATE_DINING_ROOM","idComedor":"2","nombre":"Comedor Central"},"timestamp":"2026-06-24T05:00:45.740Z"}
{"level":"info","message":{"action":"CHANGE_DINING_ROOM_STATUS","estado":"inactivo","idComedor":2},"timestamp":"2026-06-24T05:11:21.631Z"}
{"level":"info","message":{"action":"CHANGE_DINING_ROOM_STATUS","estado":"activo","idComedor":2},"timestamp":"2026-06-24T05:11:22.368Z"}
{"level":"info","message":{"action":"LOGIN","email":"admin@wasteless.com","idUsuario":"1","ip":"::1"},"timestamp":"2026-06-24T12:37:16.719Z"}
{"level":"info","message":{"action":"CREATE_DINING_ROOM","idComedor":"3","nombre":"Comedor occidental"},"timestamp":"2026-06-24T12:38:51.190Z"}
{"level":"info","message":{"action":"CHANGE_DINING_ROOM_STATUS","estado":"inactivo","idComedor":3},"timestamp":"2026-06-24T12:39:00.790Z"}
{"level":"info","message":{"action":"CHANGE_DINING_ROOM_STATUS","estado":"activo","idComedor":3},"timestamp":"2026-06-24T12:39:01.707Z"}
{"level":"info","message":{"action":"UPDATE_DINING_ROOM","idComedor":3},"timestamp":"2026-06-24T12:39:19.518Z"}
{"level":"info","message":{"action":"DELETE_DINING_ROOM","idComedor":3},"timestamp":"2026-06-24T12:39:39.235Z"}
{"level":"info","message":"Conexión a SQL Server establecida","timestamp":"2026-06-24T13:13:54.198Z"}
{"level":"info","message":"Tablas Roles, Permisos y RolPermiso verificadas","timestamp":"2026-06-24T13:14:05.716Z"}
{"level":"info","message":"Permisos base verificados","timestamp":"2026-06-24T13:14:08.766Z"}
{"level":"info","message":"Tabla Usuarios verificada","timestamp":"2026-06-24T13:14:10.150Z"}
{"level":"info","message":"Tablas Sesiones y RecuperacionPassword verificadas","timestamp":"2026-06-24T13:14:10.555Z"}
{"level":"info","message":"Tablas CategoriasPlatillo y Platillos verificadas","timestamp":"2026-06-24T13:14:11.731Z"}
{"level":"info","message":"✅ Tablas Ciudades y Empresas verificadas","timestamp":"2026-06-24T13:14:12.747Z"}
{"level":"info","message":"✅ Ciudades base verificadas","timestamp":"2026-06-24T13:14:13.094Z"}
{"level":"info","message":"✅ Tabla Comedores verificada","timestamp":"2026-06-24T13:14:14.211Z"}
{"level":"info","message":"✅ Tablas Menus y MenuDetalle verificadas","timestamp":"2026-06-24T13:14:15.430Z"}
{"level":"info","message":"Servidor corriendo en http://localhost:3000","timestamp":"2026-06-24T13:14:15.516Z"}
{"level":"info","message":"Conexión a SQL Server establecida","timestamp":"2026-06-29T23:57:12.220Z"}
{"level":"info","message":"Tablas Roles, Permisos y RolPermiso verificadas","timestamp":"2026-06-29T23:57:12.450Z"}
{"level":"info","message":"Permisos base verificados","timestamp":"2026-06-29T23:57:12.488Z"}
{"level":"info","message":"Tabla Usuarios verificada","timestamp":"2026-06-29T23:57:12.565Z"}
{"level":"info","message":"Tablas Sesiones y RecuperacionPassword verificadas","timestamp":"2026-06-29T23:57:12.603Z"}
{"level":"info","message":"Tablas CategoriasPlatillo y Platillos verificadas","timestamp":"2026-06-29T23:57:12.711Z"}
{"level":"info","message":"✅ Tablas Ciudades y Empresas verificadas","timestamp":"2026-06-29T23:57:12.804Z"}
{"level":"info","message":"✅ Ciudades base verificadas","timestamp":"2026-06-29T23:57:12.823Z"}
{"level":"info","message":"✅ Tabla Comedores verificada","timestamp":"2026-06-29T23:57:12.890Z"}
{"level":"info","message":"✅ Tablas Menus y MenuDetalle verificadas","timestamp":"2026-06-29T23:57:12.997Z"}
{"level":"info","message":"Servidor corriendo en http://localhost:3000","timestamp":"2026-06-29T23:57:13.005Z"}
{"level":"info","message":{"action":"LOGIN","email":"admin@wasteless.com","idUsuario":"1","ip":"::1"},"timestamp":"2026-06-29T23:58:18.292Z"}
{"level":"info","message":{"action":"CREATE_DINING_ROOM","idComedor":"4","nombre":"Comedor occidental"},"timestamp":"2026-06-30T00:00:16.712Z"}
{"level":"error","message":"object is not a function","method":"GET","path":"/api/menus","stack":"TypeError: object is not a function\n    at Array.map (<anonymous>)\n    at MenuController.getAll (C:\\Users\\samue\\Desktop\\Api_WasteLess\\src\\modules\\planeacion-gastronomica\\gestion-menu\\interfaces\\controllers\\MenuController.js:44:62)\n    at runNextTicks (node:internal/process/task_queues:65:5)\n    at process.processImmediate (node:internal/timers:453:9)","timestamp":"2026-06-30T01:06:43.648Z"}
{"level":"error","message":"object is not a function","method":"GET","path":"/api/menus","stack":"TypeError: object is not a function\n    at Array.map (<anonymous>)\n    at MenuController.getAll (C:\\Users\\samue\\Desktop\\Api_WasteLess\\src\\modules\\planeacion-gastronomica\\gestion-menu\\interfaces\\controllers\\MenuController.js:44:62)\n    at runNextTicks (node:internal/process/task_queues:65:5)\n    at process.processImmediate (node:internal/timers:453:9)","timestamp":"2026-06-30T01:10:26.444Z"}
{"level":"error","message":"object is not a function","method":"GET","path":"/api/menus","stack":"TypeError: object is not a function\n    at Array.map (<anonymous>)\n    at MenuController.getAll (C:\\Users\\samue\\Desktop\\Api_WasteLess\\src\\modules\\planeacion-gastronomica\\gestion-menu\\interfaces\\controllers\\MenuController.js:44:62)\n    at runNextTicks (node:internal/process/task_queues:65:5)\n    at process.processImmediate (node:internal/timers:453:9)","timestamp":"2026-06-30T01:10:38.445Z"}
{"level":"info","message":{"action":"LOGIN","email":"admin@wasteless.com","idUsuario":"1","ip":"::1"},"timestamp":"2026-06-30T01:12:36.131Z"}
{"level":"error","message":"object is not a function","method":"GET","path":"/api/menus","stack":"TypeError: object is not a function\n    at Array.map (<anonymous>)\n    at MenuController.getAll (C:\\Users\\samue\\Desktop\\Api_WasteLess\\src\\modules\\planeacion-gastronomica\\gestion-menu\\interfaces\\controllers\\MenuController.js:44:62)\n    at runNextTicks (node:internal/process/task_queues:65:5)\n    at process.processImmediate (node:internal/timers:453:9)","timestamp":"2026-06-30T01:12:50.044Z"}
{"level":"error","message":"object is not a function","method":"GET","path":"/api/menus","stack":"TypeError: object is not a function\n    at Array.map (<anonymous>)\n    at MenuController.getAll (C:\\Users\\samue\\Desktop\\Api_WasteLess\\src\\modules\\planeacion-gastronomica\\gestion-menu\\interfaces\\controllers\\MenuController.js:44:62)\n    at runNextTicks (node:internal/process/task_queues:65:5)\n    at process.processImmediate (node:internal/timers:453:9)","timestamp":"2026-06-30T01:30:32.547Z"}
{"level":"info","message":{"action":"CREATE_DISH","idPlatillo":"12","nombre":"Huevos perico"},"timestamp":"2026-06-30T01:34:32.480Z"}
{"level":"error","message":"object is not a function","method":"GET","path":"/api/menus","stack":"TypeError: object is not a function\n    at Array.map (<anonymous>)\n    at MenuController.getAll (C:\\Users\\samue\\Desktop\\Api_WasteLess\\src\\modules\\planeacion-gastronomica\\gestion-menu\\interfaces\\controllers\\MenuController.js:44:62)\n    at runNextTicks (node:internal/process/task_queues:65:5)\n    at process.processImmediate (node:internal/timers:453:9)","timestamp":"2026-06-30T01:34:37.350Z"}
{"level":"info","message":{"action":"CREATE_MENU","codigo":"Menú-001","idMenu":"1"},"timestamp":"2026-06-30T01:37:11.595Z"}
{"level":"error","message":"MenuResponseDTO is not a function","method":"POST","path":"/api/menus","stack":"TypeError: MenuResponseDTO is not a function\n    at MenuController.create (C:\\Users\\samue\\Desktop\\Api_WasteLess\\src\\modules\\planeacion-gastronomica\\gestion-menu\\interfaces\\controllers\\MenuController.js:33:51)\n    at runNextTicks (node:internal/process/task_queues:65:5)\n    at process.processImmediate (node:internal/timers:453:9)","timestamp":"2026-06-30T01:37:11.597Z"}
{"level":"error","message":"Ya existe un menú con ese código","method":"POST","path":"/api/menus","stack":"Error: Ya existe un menú con ese código\n    at CreateMenu.execute (C:\\Users\\samue\\Desktop\\Api_WasteLess\\src\\modules\\planeacion-gastronomica\\gestion-menu\\application\\use-cases\\CreateMenu.js:12:27)\n    at runNextTicks (node:internal/process/task_queues:65:5)\n    at process.processImmediate (node:internal/timers:453:9)\n    at async MenuController.create (C:\\Users\\samue\\Desktop\\Api_WasteLess\\src\\modules\\planeacion-gastronomica\\gestion-menu\\interfaces\\controllers\\MenuController.js:32:20)","timestamp":"2026-06-30T01:50:00.724Z"}
{"level":"error","message":"object is not a function","method":"GET","path":"/api/menus","stack":"TypeError: object is not a function\n    at Array.map (<anonymous>)\n    at MenuController.getAll (C:\\Users\\samue\\Desktop\\Api_WasteLess\\src\\modules\\planeacion-gastronomica\\gestion-menu\\interfaces\\controllers\\MenuController.js:44:62)\n    at runNextTicks (node:internal/process/task_queues:65:5)\n    at process.processImmediate (node:internal/timers:453:9)","timestamp":"2026-06-30T01:50:05.834Z"}
{"level":"info","message":"Conexión a SQL Server establecida","timestamp":"2026-06-30T01:57:55.387Z"}
{"level":"info","message":"Tablas Roles, Permisos y RolPermiso verificadas","timestamp":"2026-06-30T01:57:55.540Z"}
{"level":"info","message":"Permisos base verificados","timestamp":"2026-06-30T01:57:55.549Z"}
{"level":"info","message":"Tabla Usuarios verificada","timestamp":"2026-06-30T01:57:55.591Z"}
{"level":"info","message":"Tablas Sesiones y RecuperacionPassword verificadas","timestamp":"2026-06-30T01:57:55.613Z"}
{"level":"info","message":"Tablas CategoriasPlatillo y Platillos verificadas","timestamp":"2026-06-30T01:57:55.666Z"}
{"level":"info","message":"✅ Tablas Ciudades y Empresas verificadas","timestamp":"2026-06-30T01:57:55.716Z"}
{"level":"info","message":"✅ Ciudades base verificadas","timestamp":"2026-06-30T01:57:55.725Z"}
{"level":"info","message":"✅ Tabla Comedores verificada","timestamp":"2026-06-30T01:57:55.769Z"}
{"level":"info","message":"✅ Tablas Menus y MenuDetalle verificadas","timestamp":"2026-06-30T01:57:55.829Z"}
{"level":"info","message":"Servidor corriendo en http://localhost:3000","timestamp":"2026-06-30T01:57:55.836Z"}
{"level":"info","message":{"action":"CHANGE_MENU_STATUS","estado":"inactivo","idMenu":1},"timestamp":"2026-06-30T01:58:36.081Z"}
{"level":"info","message":{"action":"CHANGE_MENU_STATUS","estado":"activo","idMenu":1},"timestamp":"2026-06-30T01:58:39.665Z"}
{"level":"info","message":{"action":"DELETE_MENU","idMenu":1},"timestamp":"2026-06-30T01:58:54.284Z"}
{"level":"error","message":"[Microsoft][ODBC Driver 17 for SQL Server][SQL Server]Violation of UNIQUE KEY constraint 'UQ_Menus_codigo'. Cannot insert duplicate key in object 'dbo.Menus'. The duplicate key value is (Men�-001).","method":"POST","path":"/api/menus","stack":"RequestError: [Microsoft][ODBC Driver 17 for SQL Server][SQL Server]Violation of UNIQUE KEY constraint 'UQ_Menus_codigo'. Cannot insert duplicate key in object 'dbo.Menus'. The duplicate key value is (Men�-001).\n    at handleError (C:\\Users\\samue\\Desktop\\Api_WasteLess\\node_modules\\mssql\\lib\\msnodesqlv8\\request.js:291:21)\n    at StreamEvents.emit (node:events:518:28)\n    at C:\\Users\\samue\\Desktop\\Api_WasteLess\\node_modules\\msnodesqlv8\\lib\\reader.js:94:20\n    at Array.forEach (<anonymous>)\n    at Query.routeStatementError (C:\\Users\\samue\\Desktop\\Api_WasteLess\\node_modules\\msnodesqlv8\\lib\\reader.js:84:19)\n    at C:\\Users\\samue\\Desktop\\Api_WasteLess\\node_modules\\msnodesqlv8\\lib\\reader.js:436:12","timestamp":"2026-06-30T02:26:38.022Z"}
{"level":"info","message":"Conexión a SQL Server establecida","timestamp":"2026-06-30T02:31:59.646Z"}
{"level":"info","message":"Tablas Roles, Permisos y RolPermiso verificadas","timestamp":"2026-06-30T02:31:59.767Z"}
{"level":"info","message":"Permisos base verificados","timestamp":"2026-06-30T02:31:59.783Z"}
{"level":"info","message":"Tabla Usuarios verificada","timestamp":"2026-06-30T02:31:59.846Z"}
{"level":"info","message":"Tablas Sesiones y RecuperacionPassword verificadas","timestamp":"2026-06-30T02:31:59.874Z"}
{"level":"info","message":"Tablas CategoriasPlatillo y Platillos verificadas","timestamp":"2026-06-30T02:31:59.937Z"}
{"level":"info","message":"✅ Tablas Ciudades y Empresas verificadas","timestamp":"2026-06-30T02:31:59.995Z"}
{"level":"info","message":"✅ Ciudades base verificadas","timestamp":"2026-06-30T02:32:00.012Z"}
{"level":"info","message":"✅ Tabla Comedores verificada","timestamp":"2026-06-30T02:32:00.085Z"}
{"level":"info","message":"✅ Tablas Menus y MenuDetalle verificadas","timestamp":"2026-06-30T02:32:00.151Z"}
{"level":"info","message":"Servidor corriendo en http://localhost:3000","timestamp":"2026-06-30T02:32:00.159Z"}
{"level":"error","message":"[Microsoft][ODBC Driver 17 for SQL Server][SQL Server]Violation of UNIQUE KEY constraint 'UQ_Menus_codigo'. Cannot insert duplicate key in object 'dbo.Menus'. The duplicate key value is (Men�-001).","method":"POST","path":"/api/menus","stack":"RequestError: [Microsoft][ODBC Driver 17 for SQL Server][SQL Server]Violation of UNIQUE KEY constraint 'UQ_Menus_codigo'. Cannot insert duplicate key in object 'dbo.Menus'. The duplicate key value is (Men�-001).\n    at handleError (C:\\Users\\samue\\Desktop\\Api_WasteLess\\node_modules\\mssql\\lib\\msnodesqlv8\\request.js:291:21)\n    at StreamEvents.emit (node:events:518:28)\n    at C:\\Users\\samue\\Desktop\\Api_WasteLess\\node_modules\\msnodesqlv8\\lib\\reader.js:94:20\n    at Array.forEach (<anonymous>)\n    at Query.routeStatementError (C:\\Users\\samue\\Desktop\\Api_WasteLess\\node_modules\\msnodesqlv8\\lib\\reader.js:84:19)\n    at C:\\Users\\samue\\Desktop\\Api_WasteLess\\node_modules\\msnodesqlv8\\lib\\reader.js:436:12","timestamp":"2026-06-30T02:32:00.260Z"}
{"level":"info","message":"Conexión a SQL Server establecida","timestamp":"2026-06-30T02:34:05.295Z"}
{"level":"info","message":"Tablas Roles, Permisos y RolPermiso verificadas","timestamp":"2026-06-30T02:34:05.552Z"}
{"level":"info","message":"Permisos base verificados","timestamp":"2026-06-30T02:34:05.599Z"}
{"level":"info","message":"Tabla Usuarios verificada","timestamp":"2026-06-30T02:34:05.740Z"}
{"level":"info","message":"Tablas Sesiones y RecuperacionPassword verificadas","timestamp":"2026-06-30T02:34:05.782Z"}
{"level":"info","message":"Tablas CategoriasPlatillo y Platillos verificadas","timestamp":"2026-06-30T02:34:05.866Z"}
{"level":"info","message":"✅ Tablas Ciudades y Empresas verificadas","timestamp":"2026-06-30T02:34:05.968Z"}
{"level":"info","message":"✅ Ciudades base verificadas","timestamp":"2026-06-30T02:34:05.979Z"}
{"level":"info","message":"✅ Tabla Comedores verificada","timestamp":"2026-06-30T02:34:06.028Z"}
{"level":"info","message":"✅ Tablas Menus y MenuDetalle verificadas","timestamp":"2026-06-30T02:34:06.111Z"}
{"level":"info","message":"Servidor corriendo en http://localhost:3000","timestamp":"2026-06-30T02:34:06.134Z"}
{"level":"info","message":"Conexión a SQL Server establecida","timestamp":"2026-06-30T02:34:20.330Z"}
{"level":"info","message":"Tablas Roles, Permisos y RolPermiso verificadas","timestamp":"2026-06-30T02:34:20.505Z"}
{"level":"info","message":"Permisos base verificados","timestamp":"2026-06-30T02:34:20.514Z"}
{"level":"info","message":"Tabla Usuarios verificada","timestamp":"2026-06-30T02:34:20.554Z"}
{"level":"info","message":"Tablas Sesiones y RecuperacionPassword verificadas","timestamp":"2026-06-30T02:34:20.568Z"}
{"level":"info","message":"Tablas CategoriasPlatillo y Platillos verificadas","timestamp":"2026-06-30T02:34:20.609Z"}
{"level":"info","message":"✅ Tablas Ciudades y Empresas verificadas","timestamp":"2026-06-30T02:34:20.693Z"}
{"level":"info","message":"✅ Ciudades base verificadas","timestamp":"2026-06-30T02:34:20.733Z"}
{"level":"info","message":"✅ Tabla Comedores verificada","timestamp":"2026-06-30T02:34:20.833Z"}
{"level":"info","message":"✅ Tablas Menus y MenuDetalle verificadas","timestamp":"2026-06-30T02:34:20.921Z"}
{"level":"info","message":"Servidor corriendo en http://localhost:3000","timestamp":"2026-06-30T02:34:20.943Z"}
{"level":"info","message":"Conexión a SQL Server establecida","timestamp":"2026-06-30T02:34:31.377Z"}
{"level":"info","message":"Tablas Roles, Permisos y RolPermiso verificadas","timestamp":"2026-06-30T02:34:31.502Z"}
{"level":"info","message":"Permisos base verificados","timestamp":"2026-06-30T02:34:31.512Z"}
{"level":"info","message":"Tabla Usuarios verificada","timestamp":"2026-06-30T02:34:31.565Z"}
{"level":"info","message":"Tablas Sesiones y RecuperacionPassword verificadas","timestamp":"2026-06-30T02:34:31.599Z"}
{"level":"info","message":"Tablas CategoriasPlatillo y Platillos verificadas","timestamp":"2026-06-30T02:34:31.667Z"}
{"level":"info","message":"✅ Tablas Ciudades y Empresas verificadas","timestamp":"2026-06-30T02:34:31.744Z"}
{"level":"info","message":"✅ Ciudades base verificadas","timestamp":"2026-06-30T02:34:31.754Z"}
{"level":"info","message":"✅ Tabla Comedores verificada","timestamp":"2026-06-30T02:34:31.793Z"}
{"level":"info","message":"✅ Tablas Menus y MenuDetalle verificadas","timestamp":"2026-06-30T02:34:31.863Z"}
{"level":"info","message":"Servidor corriendo en http://localhost:3000","timestamp":"2026-06-30T02:34:31.868Z"}
{"level":"error","message":"[Microsoft][ODBC Driver 17 for SQL Server][SQL Server]Violation of UNIQUE KEY constraint 'UQ_Menus_codigo'. Cannot insert duplicate key in object 'dbo.Menus'. The duplicate key value is (Men�-001).","method":"POST","path":"/api/menus","stack":"RequestError: [Microsoft][ODBC Driver 17 for SQL Server][SQL Server]Violation of UNIQUE KEY constraint 'UQ_Menus_codigo'. Cannot insert duplicate key in object 'dbo.Menus'. The duplicate key value is (Men�-001).\n    at handleError (C:\\Users\\samue\\Desktop\\Api_WasteLess\\node_modules\\mssql\\lib\\msnodesqlv8\\request.js:291:21)\n    at StreamEvents.emit (node:events:518:28)\n    at C:\\Users\\samue\\Desktop\\Api_WasteLess\\node_modules\\msnodesqlv8\\lib\\reader.js:94:20\n    at Array.forEach (<anonymous>)\n    at Query.routeStatementError (C:\\Users\\samue\\Desktop\\Api_WasteLess\\node_modules\\msnodesqlv8\\lib\\reader.js:84:19)\n    at C:\\Users\\samue\\Desktop\\Api_WasteLess\\node_modules\\msnodesqlv8\\lib\\reader.js:436:12","timestamp":"2026-06-30T02:34:40.056Z"}
{"level":"info","message":"Conexión a SQL Server establecida","timestamp":"2026-06-30T02:35:29.215Z"}
{"level":"info","message":"Tablas Roles, Permisos y RolPermiso verificadas","timestamp":"2026-06-30T02:35:29.507Z"}
{"level":"info","message":"Permisos base verificados","timestamp":"2026-06-30T02:35:29.516Z"}
{"level":"info","message":"Tabla Usuarios verificada","timestamp":"2026-06-30T02:35:29.556Z"}
{"level":"info","message":"Tablas Sesiones y RecuperacionPassword verificadas","timestamp":"2026-06-30T02:35:29.606Z"}
{"level":"info","message":"Tablas CategoriasPlatillo y Platillos verificadas","timestamp":"2026-06-30T02:35:29.670Z"}
{"level":"info","message":"✅ Tablas Ciudades y Empresas verificadas","timestamp":"2026-06-30T02:35:29.729Z"}
{"level":"info","message":"✅ Ciudades base verificadas","timestamp":"2026-06-30T02:35:29.737Z"}
{"level":"info","message":"✅ Tabla Comedores verificada","timestamp":"2026-06-30T02:35:29.767Z"}
{"level":"info","message":"✅ Tablas Menus y MenuDetalle verificadas","timestamp":"2026-06-30T02:35:29.809Z"}
{"level":"info","message":"Servidor corriendo en http://localhost:3000","timestamp":"2026-06-30T02:35:29.815Z"}
{"level":"info","message":"Conexión a SQL Server establecida","timestamp":"2026-06-30T02:35:36.095Z"}
{"level":"info","message":"Tablas Roles, Permisos y RolPermiso verificadas","timestamp":"2026-06-30T02:35:36.317Z"}
{"level":"info","message":"Permisos base verificados","timestamp":"2026-06-30T02:35:36.333Z"}
{"level":"info","message":"Tabla Usuarios verificada","timestamp":"2026-06-30T02:35:36.399Z"}
{"level":"info","message":"Tablas Sesiones y RecuperacionPassword verificadas","timestamp":"2026-06-30T02:35:36.438Z"}
{"level":"info","message":"Tablas CategoriasPlatillo y Platillos verificadas","timestamp":"2026-06-30T02:35:36.514Z"}
{"level":"info","message":"✅ Tablas Ciudades y Empresas verificadas","timestamp":"2026-06-30T02:35:36.577Z"}
{"level":"info","message":"✅ Ciudades base verificadas","timestamp":"2026-06-30T02:35:36.588Z"}
{"level":"info","message":"✅ Tabla Comedores verificada","timestamp":"2026-06-30T02:35:36.687Z"}
{"level":"info","message":"✅ Tablas Menus y MenuDetalle verificadas","timestamp":"2026-06-30T02:35:36.809Z"}
{"level":"info","message":"Servidor corriendo en http://localhost:3000","timestamp":"2026-06-30T02:35:36.817Z"}
{"level":"info","message":"Conexión a SQL Server establecida","timestamp":"2026-06-30T02:35:40.351Z"}
{"level":"info","message":"Tablas Roles, Permisos y RolPermiso verificadas","timestamp":"2026-06-30T02:35:40.487Z"}
{"level":"info","message":"Permisos base verificados","timestamp":"2026-06-30T02:35:40.496Z"}
{"level":"info","message":"Tabla Usuarios verificada","timestamp":"2026-06-30T02:35:40.536Z"}
{"level":"info","message":"Tablas Sesiones y RecuperacionPassword verificadas","timestamp":"2026-06-30T02:35:40.557Z"}
{"level":"info","message":"Tablas CategoriasPlatillo y Platillos verificadas","timestamp":"2026-06-30T02:35:40.602Z"}
{"level":"info","message":"✅ Tablas Ciudades y Empresas verificadas","timestamp":"2026-06-30T02:35:40.648Z"}
{"level":"info","message":"✅ Ciudades base verificadas","timestamp":"2026-06-30T02:35:40.656Z"}
{"level":"info","message":"✅ Tabla Comedores verificada","timestamp":"2026-06-30T02:35:40.692Z"}
{"level":"info","message":"✅ Tablas Menus y MenuDetalle verificadas","timestamp":"2026-06-30T02:35:40.749Z"}
{"level":"info","message":"Servidor corriendo en http://localhost:3000","timestamp":"2026-06-30T02:35:40.754Z"}
{"level":"info","message":"Conexión a SQL Server establecida","timestamp":"2026-06-30T02:36:07.643Z"}
{"level":"info","message":"Tablas Roles, Permisos y RolPermiso verificadas","timestamp":"2026-06-30T02:36:07.729Z"}
{"level":"info","message":"Permisos base verificados","timestamp":"2026-06-30T02:36:07.734Z"}
{"level":"info","message":"Tabla Usuarios verificada","timestamp":"2026-06-30T02:36:07.768Z"}
{"level":"info","message":"Tablas Sesiones y RecuperacionPassword verificadas","timestamp":"2026-06-30T02:36:07.787Z"}
{"level":"info","message":"Tablas CategoriasPlatillo y Platillos verificadas","timestamp":"2026-06-30T02:36:07.847Z"}
{"level":"info","message":"✅ Tablas Ciudades y Empresas verificadas","timestamp":"2026-06-30T02:36:07.965Z"}
{"level":"info","message":"✅ Ciudades base verificadas","timestamp":"2026-06-30T02:36:07.977Z"}
{"level":"info","message":"✅ Tabla Comedores verificada","timestamp":"2026-06-30T02:36:08.063Z"}
{"level":"info","message":"✅ Tablas Menus y MenuDetalle verificadas","timestamp":"2026-06-30T02:36:08.169Z"}
{"level":"info","message":"Servidor corriendo en http://localhost:3000","timestamp":"2026-06-30T02:36:08.174Z"}
{"level":"info","message":"Conexión a SQL Server establecida","timestamp":"2026-06-30T02:36:26.783Z"}
{"level":"info","message":"Tablas Roles, Permisos y RolPermiso verificadas","timestamp":"2026-06-30T02:36:26.894Z"}
{"level":"info","message":"Permisos base verificados","timestamp":"2026-06-30T02:36:26.906Z"}
{"level":"info","message":"Tabla Usuarios verificada","timestamp":"2026-06-30T02:36:26.946Z"}
{"level":"info","message":"Tablas Sesiones y RecuperacionPassword verificadas","timestamp":"2026-06-30T02:36:26.966Z"}
{"level":"info","message":"Tablas CategoriasPlatillo y Platillos verificadas","timestamp":"2026-06-30T02:36:27.031Z"}
{"level":"info","message":"✅ Tablas Ciudades y Empresas verificadas","timestamp":"2026-06-30T02:36:27.125Z"}
{"level":"info","message":"✅ Ciudades base verificadas","timestamp":"2026-06-30T02:36:27.133Z"}
{"level":"info","message":"✅ Tabla Comedores verificada","timestamp":"2026-06-30T02:36:27.182Z"}
{"level":"info","message":"✅ Tablas Menus y MenuDetalle verificadas","timestamp":"2026-06-30T02:36:27.234Z"}
{"level":"info","message":"Servidor corriendo en http://localhost:3000","timestamp":"2026-06-30T02:36:27.238Z"}
{"level":"info","message":"Conexión a SQL Server establecida","timestamp":"2026-06-30T02:36:31.629Z"}
{"level":"info","message":"Conexión a SQL Server establecida","timestamp":"2026-06-30T02:36:37.568Z"}
{"level":"info","message":"Tablas Roles, Permisos y RolPermiso verificadas","timestamp":"2026-06-30T02:36:37.705Z"}
{"level":"info","message":"Permisos base verificados","timestamp":"2026-06-30T02:36:37.716Z"}
{"level":"info","message":"Tabla Usuarios verificada","timestamp":"2026-06-30T02:36:37.797Z"}
{"level":"info","message":"Tablas Sesiones y RecuperacionPassword verificadas","timestamp":"2026-06-30T02:36:37.835Z"}
{"level":"info","message":"Tablas CategoriasPlatillo y Platillos verificadas","timestamp":"2026-06-30T02:36:37.902Z"}
{"level":"info","message":"✅ Tablas Ciudades y Empresas verificadas","timestamp":"2026-06-30T02:36:37.968Z"}
{"level":"info","message":"✅ Ciudades base verificadas","timestamp":"2026-06-30T02:36:37.981Z"}
{"level":"info","message":"✅ Tabla Comedores verificada","timestamp":"2026-06-30T02:36:38.042Z"}
{"level":"info","message":"✅ Tablas Menus y MenuDetalle verificadas","timestamp":"2026-06-30T02:36:38.120Z"}
{"level":"info","message":"Servidor corriendo en http://localhost:3000","timestamp":"2026-06-30T02:36:38.126Z"}
{"level":"info","message":"Conexión a SQL Server establecida","timestamp":"2026-06-30T02:36:46.219Z"}
{"level":"info","message":"Tablas Roles, Permisos y RolPermiso verificadas","timestamp":"2026-06-30T02:36:46.355Z"}
{"level":"info","message":"Permisos base verificados","timestamp":"2026-06-30T02:36:46.366Z"}
{"level":"info","message":"Tabla Usuarios verificada","timestamp":"2026-06-30T02:36:46.415Z"}
{"level":"info","message":"Tablas Sesiones y RecuperacionPassword verificadas","timestamp":"2026-06-30T02:36:46.449Z"}
{"level":"info","message":"Tablas CategoriasPlatillo y Platillos verificadas","timestamp":"2026-06-30T02:36:46.546Z"}
{"level":"info","message":"✅ Tablas Ciudades y Empresas verificadas","timestamp":"2026-06-30T02:36:46.614Z"}
{"level":"info","message":"✅ Ciudades base verificadas","timestamp":"2026-06-30T02:36:46.621Z"}
{"level":"info","message":"✅ Tabla Comedores verificada","timestamp":"2026-06-30T02:36:46.689Z"}
{"level":"info","message":"✅ Tablas Menus y MenuDetalle verificadas","timestamp":"2026-06-30T02:36:46.808Z"}
{"level":"info","message":"Servidor corriendo en http://localhost:3000","timestamp":"2026-06-30T02:36:46.815Z"}
{"level":"error","message":"[Microsoft][ODBC Driver 17 for SQL Server][SQL Server]Violation of UNIQUE KEY constraint 'UQ_Menus_codigo'. Cannot insert duplicate key in object 'dbo.Menus'. The duplicate key value is (Men�-001).","method":"POST","path":"/api/menus","stack":"RequestError: [Microsoft][ODBC Driver 17 for SQL Server][SQL Server]Violation of UNIQUE KEY constraint 'UQ_Menus_codigo'. Cannot insert duplicate key in object 'dbo.Menus'. The duplicate key value is (Men�-001).\n    at handleError (C:\\Users\\samue\\Desktop\\Api_WasteLess\\node_modules\\mssql\\lib\\msnodesqlv8\\request.js:291:21)\n    at StreamEvents.emit (node:events:518:28)\n    at C:\\Users\\samue\\Desktop\\Api_WasteLess\\node_modules\\msnodesqlv8\\lib\\reader.js:94:20\n    at Array.forEach (<anonymous>)\n    at Query.routeStatementError (C:\\Users\\samue\\Desktop\\Api_WasteLess\\node_modules\\msnodesqlv8\\lib\\reader.js:84:19)\n    at C:\\Users\\samue\\Desktop\\Api_WasteLess\\node_modules\\msnodesqlv8\\lib\\reader.js:436:12","timestamp":"2026-06-30T02:38:13.422Z"}
{"level":"error","message":"[Microsoft][ODBC Driver 17 for SQL Server][SQL Server]Violation of UNIQUE KEY constraint 'UQ_Menus_codigo'. Cannot insert duplicate key in object 'dbo.Menus'. The duplicate key value is (Men�-001).","method":"POST","path":"/api/menus","stack":"RequestError: [Microsoft][ODBC Driver 17 for SQL Server][SQL Server]Violation of UNIQUE KEY constraint 'UQ_Menus_codigo'. Cannot insert duplicate key in object 'dbo.Menus'. The duplicate key value is (Men�-001).\n    at handleError (C:\\Users\\samue\\Desktop\\Api_WasteLess\\node_modules\\mssql\\lib\\msnodesqlv8\\request.js:291:21)\n    at StreamEvents.emit (node:events:518:28)\n    at C:\\Users\\samue\\Desktop\\Api_WasteLess\\node_modules\\msnodesqlv8\\lib\\reader.js:94:20\n    at Array.forEach (<anonymous>)\n    at Query.routeStatementError (C:\\Users\\samue\\Desktop\\Api_WasteLess\\node_modules\\msnodesqlv8\\lib\\reader.js:84:19)\n    at C:\\Users\\samue\\Desktop\\Api_WasteLess\\node_modules\\msnodesqlv8\\lib\\reader.js:436:12","timestamp":"2026-06-30T02:40:33.351Z"}
{"level":"info","message":{"action":"CREATE_MENU","codigo":"Menú-001","idMenu":"7"},"timestamp":"2026-06-30T02:40:56.645Z"}
{"level":"info","message":{"action":"ASSIGN_DISH_TO_MENU","diaSemana":"Lunes","idMenu":7,"idPlatillo":12,"tipoComida":"Desayuno"},"timestamp":"2026-06-30T02:40:56.716Z"}
{"level":"info","message":{"action":"ASSIGN_DISH_TO_MENU","diaSemana":"Lunes","idMenu":7,"idPlatillo":11,"tipoComida":"Almuerzo"},"timestamp":"2026-06-30T02:40:56.746Z"}
{"level":"info","message":{"action":"ASSIGN_DISH_TO_MENU","diaSemana":"Lunes","idMenu":7,"idPlatillo":10,"tipoComida":"Media tarde"},"timestamp":"2026-06-30T02:40:56.776Z"}
{"level":"info","message":{"action":"ASSIGN_DISH_TO_MENU","diaSemana":"Martes","idMenu":7,"idPlatillo":12,"tipoComida":"Desayuno"},"timestamp":"2026-06-30T02:40:56.818Z"}
{"level":"info","message":{"action":"ASSIGN_DISH_TO_MENU","diaSemana":"Martes","idMenu":7,"idPlatillo":11,"tipoComida":"Almuerzo"},"timestamp":"2026-06-30T02:40:56.855Z"}
{"level":"info","message":{"action":"ASSIGN_DISH_TO_MENU","diaSemana":"Martes","idMenu":7,"idPlatillo":10,"tipoComida":"Media tarde"},"timestamp":"2026-06-30T02:40:56.892Z"}
{"level":"info","message":{"action":"ASSIGN_DISH_TO_MENU","diaSemana":"Miércoles","idMenu":7,"idPlatillo":12,"tipoComida":"Desayuno"},"timestamp":"2026-06-30T02:40:56.925Z"}
{"level":"info","message":{"action":"ASSIGN_DISH_TO_MENU","diaSemana":"Miércoles","idMenu":7,"idPlatillo":11,"tipoComida":"Almuerzo"},"timestamp":"2026-06-30T02:40:56.951Z"}
{"level":"info","message":{"action":"ASSIGN_DISH_TO_MENU","diaSemana":"Miércoles","idMenu":7,"idPlatillo":10,"tipoComida":"Media tarde"},"timestamp":"2026-06-30T02:40:56.975Z"}
{"level":"info","message":{"action":"ASSIGN_DISH_TO_MENU","diaSemana":"Jueves","idMenu":7,"idPlatillo":12,"tipoComida":"Desayuno"},"timestamp":"2026-06-30T02:40:56.995Z"}
{"level":"info","message":{"action":"ASSIGN_DISH_TO_MENU","diaSemana":"Jueves","idMenu":7,"idPlatillo":11,"tipoComida":"Almuerzo"},"timestamp":"2026-06-30T02:40:57.013Z"}
{"level":"info","message":{"action":"ASSIGN_DISH_TO_MENU","diaSemana":"Jueves","idMenu":7,"idPlatillo":10,"tipoComida":"Media tarde"},"timestamp":"2026-06-30T02:40:57.040Z"}
{"level":"info","message":{"action":"ASSIGN_DISH_TO_MENU","diaSemana":"Viernes","idMenu":7,"idPlatillo":12,"tipoComida":"Desayuno"},"timestamp":"2026-06-30T02:40:57.071Z"}
{"level":"info","message":{"action":"ASSIGN_DISH_TO_MENU","diaSemana":"Viernes","idMenu":7,"idPlatillo":11,"tipoComida":"Almuerzo"},"timestamp":"2026-06-30T02:40:57.104Z"}
{"level":"info","message":{"action":"ASSIGN_DISH_TO_MENU","diaSemana":"Viernes","idMenu":7,"idPlatillo":10,"tipoComida":"Media tarde"},"timestamp":"2026-06-30T02:40:57.137Z"}
{"level":"info","message":{"action":"ASSIGN_DISH_TO_MENU","diaSemana":"Sábado","idMenu":7,"idPlatillo":12,"tipoComida":"Desayuno"},"timestamp":"2026-06-30T02:40:57.179Z"}
{"level":"info","message":{"action":"ASSIGN_DISH_TO_MENU","diaSemana":"Sábado","idMenu":7,"idPlatillo":11,"tipoComida":"Almuerzo"},"timestamp":"2026-06-30T02:40:57.204Z"}
{"level":"info","message":{"action":"ASSIGN_DISH_TO_MENU","diaSemana":"Sábado","idMenu":7,"idPlatillo":10,"tipoComida":"Media tarde"},"timestamp":"2026-06-30T02:40:57.233Z"}
{"level":"info","message":"Conexión a SQL Server establecida","timestamp":"2026-06-30T03:08:53.612Z"}
{"level":"info","message":"Tablas Roles, Permisos y RolPermiso verificadas","timestamp":"2026-06-30T03:08:53.753Z"}
{"level":"info","message":"Permisos base verificados","timestamp":"2026-06-30T03:08:53.765Z"}
{"level":"info","message":"Tabla Usuarios verificada","timestamp":"2026-06-30T03:08:53.796Z"}
{"level":"info","message":"Tablas Sesiones y RecuperacionPassword verificadas","timestamp":"2026-06-30T03:08:53.810Z"}
{"level":"info","message":"Tablas CategoriasPlatillo y Platillos verificadas","timestamp":"2026-06-30T03:08:53.851Z"}
{"level":"info","message":"✅ Tablas Ciudades y Empresas verificadas","timestamp":"2026-06-30T03:08:53.922Z"}
{"level":"info","message":"✅ Ciudades base verificadas","timestamp":"2026-06-30T03:08:53.937Z"}
{"level":"info","message":"✅ Tabla Comedores verificada","timestamp":"2026-06-30T03:08:53.992Z"}
{"level":"info","message":"✅ Tablas Menus y MenuDetalle verificadas","timestamp":"2026-06-30T03:08:54.039Z"}
{"level":"info","message":"Servidor corriendo en http://localhost:3000","timestamp":"2026-06-30T03:08:54.046Z"}
{"level":"info","message":"Conexión a SQL Server establecida","timestamp":"2026-06-30T03:18:48.367Z"}
{"level":"info","message":"Tablas Roles, Permisos y RolPermiso verificadas","timestamp":"2026-06-30T03:18:48.507Z"}
{"level":"info","message":"Permisos base verificados","timestamp":"2026-06-30T03:18:48.527Z"}
{"level":"info","message":"Tabla Usuarios verificada","timestamp":"2026-06-30T03:18:48.564Z"}
{"level":"info","message":"Tablas Sesiones y RecuperacionPassword verificadas","timestamp":"2026-06-30T03:18:48.583Z"}
{"level":"info","message":"Tablas CategoriasPlatillo y Platillos verificadas","timestamp":"2026-06-30T03:18:48.646Z"}
{"level":"info","message":"✅ Tablas Ciudades y Empresas verificadas","timestamp":"2026-06-30T03:18:48.711Z"}
{"level":"info","message":"✅ Ciudades base verificadas","timestamp":"2026-06-30T03:18:48.720Z"}
{"level":"info","message":"✅ Tabla Comedores verificada","timestamp":"2026-06-30T03:18:48.762Z"}
{"level":"info","message":"✅ Tablas Menus y MenuDetalle verificadas","timestamp":"2026-06-30T03:18:48.815Z"}
{"level":"info","message":"✅ Tablas Pedidos y PedidoDetalle verificadas","timestamp":"2026-06-30T03:18:48.932Z"}
{"level":"info","message":"Servidor corriendo en http://localhost:3000","timestamp":"2026-06-30T03:18:48.942Z"}
{"level":"info","message":"Conexión a SQL Server establecida","timestamp":"2026-06-30T03:23:57.886Z"}
{"level":"info","message":"Tablas Roles, Permisos y RolPermiso verificadas","timestamp":"2026-06-30T03:23:58.023Z"}
{"level":"info","message":"Permisos base verificados","timestamp":"2026-06-30T03:23:58.051Z"}
{"level":"info","message":"Tabla Usuarios verificada","timestamp":"2026-06-30T03:23:58.240Z"}
{"level":"info","message":"Tablas Sesiones y RecuperacionPassword verificadas","timestamp":"2026-06-30T03:23:58.263Z"}
{"level":"info","message":"Tablas CategoriasPlatillo y Platillos verificadas","timestamp":"2026-06-30T03:23:58.361Z"}
{"level":"info","message":"✅ Tablas Ciudades y Empresas verificadas","timestamp":"2026-06-30T03:23:58.446Z"}
{"level":"info","message":"✅ Ciudades base verificadas","timestamp":"2026-06-30T03:23:58.462Z"}
{"level":"info","message":"✅ Tabla Comedores verificada","timestamp":"2026-06-30T03:23:58.511Z"}
{"level":"info","message":"✅ Tablas Menus y MenuDetalle verificadas","timestamp":"2026-06-30T03:23:58.585Z"}
{"level":"info","message":"✅ Tablas Pedidos y PedidoDetalle verificadas","timestamp":"2026-06-30T03:23:58.663Z"}
{"level":"info","message":"Servidor corriendo en http://localhost:3000","timestamp":"2026-06-30T03:23:58.670Z"}
{"level":"info","message":"Conexión a SQL Server establecida","timestamp":"2026-06-30T03:32:44.862Z"}
{"level":"info","message":"Tablas Roles, Permisos y RolPermiso verificadas","timestamp":"2026-06-30T03:32:44.971Z"}
{"level":"info","message":"Permisos base verificados","timestamp":"2026-06-30T03:32:44.982Z"}
{"level":"info","message":"Tabla Usuarios verificada","timestamp":"2026-06-30T03:32:45.028Z"}
{"level":"info","message":"Tablas Sesiones y RecuperacionPassword verificadas","timestamp":"2026-06-30T03:32:45.051Z"}
{"level":"info","message":"Tablas CategoriasPlatillo y Platillos verificadas","timestamp":"2026-06-30T03:32:45.121Z"}
{"level":"info","message":"✅ Tablas Ciudades y Empresas verificadas","timestamp":"2026-06-30T03:32:45.291Z"}
{"level":"info","message":"✅ Ciudades base verificadas","timestamp":"2026-06-30T03:32:45.302Z"}
{"level":"info","message":"✅ Tabla Comedores verificada","timestamp":"2026-06-30T03:32:45.364Z"}
{"level":"info","message":"✅ Tablas Menus y MenuDetalle verificadas","timestamp":"2026-06-30T03:32:45.448Z"}
{"level":"info","message":"✅ Tablas Pedidos y PedidoDetalle verificadas","timestamp":"2026-06-30T03:32:45.523Z"}
{"level":"info","message":"Servidor corriendo en http://localhost:3000","timestamp":"2026-06-30T03:32:45.528Z"}
{"level":"info","message":"Conexión a SQL Server establecida","timestamp":"2026-06-30T03:34:11.705Z"}
{"level":"info","message":"Tablas Roles, Permisos y RolPermiso verificadas","timestamp":"2026-06-30T03:34:11.858Z"}
{"level":"info","message":"Permisos base verificados","timestamp":"2026-06-30T03:34:11.887Z"}
{"level":"info","message":"Tabla Usuarios verificada","timestamp":"2026-06-30T03:34:11.995Z"}
{"level":"info","message":"Tablas Sesiones y RecuperacionPassword verificadas","timestamp":"2026-06-30T03:34:12.016Z"}
{"level":"info","message":"Tablas CategoriasPlatillo y Platillos verificadas","timestamp":"2026-06-30T03:34:12.072Z"}
{"level":"info","message":"✅ Tablas Ciudades y Empresas verificadas","timestamp":"2026-06-30T03:34:12.156Z"}
{"level":"info","message":"✅ Ciudades base verificadas","timestamp":"2026-06-30T03:34:12.178Z"}
{"level":"info","message":"✅ Tabla Comedores verificada","timestamp":"2026-06-30T03:34:12.250Z"}
{"level":"info","message":"✅ Tablas Menus y MenuDetalle verificadas","timestamp":"2026-06-30T03:34:12.307Z"}
{"level":"info","message":"✅ Tablas Pedidos y PedidoDetalle verificadas","timestamp":"2026-06-30T03:34:12.371Z"}
{"level":"info","message":"Servidor corriendo en http://localhost:3000","timestamp":"2026-06-30T03:34:12.377Z"}
{"level":"info","message":"Conexión a SQL Server establecida","timestamp":"2026-06-30T03:35:31.626Z"}
{"level":"info","message":"Tablas Roles, Permisos y RolPermiso verificadas","timestamp":"2026-06-30T03:35:31.774Z"}
{"level":"info","message":"Permisos base verificados","timestamp":"2026-06-30T03:35:31.795Z"}
{"level":"info","message":"Tabla Usuarios verificada","timestamp":"2026-06-30T03:35:31.868Z"}
{"level":"info","message":"Tablas Sesiones y RecuperacionPassword verificadas","timestamp":"2026-06-30T03:35:31.890Z"}
{"level":"info","message":"Tablas CategoriasPlatillo y Platillos verificadas","timestamp":"2026-06-30T03:35:31.935Z"}
{"level":"info","message":"✅ Tablas Ciudades y Empresas verificadas","timestamp":"2026-06-30T03:35:31.978Z"}
{"level":"info","message":"✅ Ciudades base verificadas","timestamp":"2026-06-30T03:35:31.986Z"}
{"level":"info","message":"✅ Tabla Comedores verificada","timestamp":"2026-06-30T03:35:32.018Z"}
{"level":"info","message":"✅ Tablas Menus y MenuDetalle verificadas","timestamp":"2026-06-30T03:35:32.060Z"}
{"level":"info","message":"✅ Tablas Pedidos y PedidoDetalle verificadas","timestamp":"2026-06-30T03:35:32.096Z"}
{"level":"info","message":"Servidor corriendo en http://localhost:3000","timestamp":"2026-06-30T03:35:32.101Z"}
{"level":"info","message":"Conexión a SQL Server establecida","timestamp":"2026-06-30T03:36:30.888Z"}
{"level":"info","message":"Tablas Roles, Permisos y RolPermiso verificadas","timestamp":"2026-06-30T03:36:30.995Z"}
{"level":"info","message":"Permisos base verificados","timestamp":"2026-06-30T03:36:31.008Z"}
{"level":"info","message":"Tabla Usuarios verificada","timestamp":"2026-06-30T03:36:31.098Z"}
{"level":"info","message":"Tablas Sesiones y RecuperacionPassword verificadas","timestamp":"2026-06-30T03:36:31.143Z"}
{"level":"info","message":"Tablas CategoriasPlatillo y Platillos verificadas","timestamp":"2026-06-30T03:36:31.271Z"}
{"level":"info","message":"✅ Tablas Ciudades y Empresas verificadas","timestamp":"2026-06-30T03:36:31.367Z"}
{"level":"info","message":"✅ Ciudades base verificadas","timestamp":"2026-06-30T03:36:31.387Z"}
{"level":"info","message":"✅ Tabla Comedores verificada","timestamp":"2026-06-30T03:36:31.465Z"}
{"level":"info","message":"✅ Tablas Menus y MenuDetalle verificadas","timestamp":"2026-06-30T03:36:31.558Z"}
{"level":"info","message":"✅ Tablas Pedidos y PedidoDetalle verificadas","timestamp":"2026-06-30T03:36:31.654Z"}
{"level":"info","message":"Servidor corriendo en http://localhost:3000","timestamp":"2026-06-30T03:36:31.661Z"}
{"level":"info","message":"Conexión a SQL Server establecida","timestamp":"2026-06-30T03:45:06.972Z"}
{"level":"info","message":"Tablas Roles, Permisos y RolPermiso verificadas","timestamp":"2026-06-30T03:45:07.056Z"}
{"level":"info","message":"Permisos base verificados","timestamp":"2026-06-30T03:45:07.063Z"}
{"level":"info","message":"Tabla Usuarios verificada","timestamp":"2026-06-30T03:45:07.098Z"}
{"level":"info","message":"Tablas Sesiones y RecuperacionPassword verificadas","timestamp":"2026-06-30T03:45:07.111Z"}
{"level":"info","message":"Tablas CategoriasPlatillo y Platillos verificadas","timestamp":"2026-06-30T03:45:07.228Z"}
{"level":"info","message":"✅ Tablas Ciudades y Empresas verificadas","timestamp":"2026-06-30T03:45:07.307Z"}
{"level":"info","message":"✅ Ciudades base verificadas","timestamp":"2026-06-30T03:45:07.317Z"}
{"level":"info","message":"✅ Tabla Comedores verificada","timestamp":"2026-06-30T03:45:07.362Z"}
{"level":"info","message":"✅ Tablas Menus y MenuDetalle verificadas","timestamp":"2026-06-30T03:45:07.412Z"}
{"level":"info","message":"✅ Tablas Pedidos y PedidoDetalle verificadas","timestamp":"2026-06-30T03:45:07.457Z"}
{"level":"info","message":"Servidor corriendo en http://localhost:3000","timestamp":"2026-06-30T03:45:07.464Z"}
{"level":"info","message":"Conexión a SQL Server establecida","timestamp":"2026-06-30T03:45:10.102Z"}
{"level":"info","message":"Tablas Roles, Permisos y RolPermiso verificadas","timestamp":"2026-06-30T03:45:10.135Z"}
{"level":"info","message":"Permisos base verificados","timestamp":"2026-06-30T03:45:10.219Z"}
{"level":"info","message":"Tabla Usuarios verificada","timestamp":"2026-06-30T03:45:10.231Z"}
{"level":"info","message":"Tablas Sesiones y RecuperacionPassword verificadas","timestamp":"2026-06-30T03:45:10.243Z"}
{"level":"info","message":"Tablas CategoriasPlatillo y Platillos verificadas","timestamp":"2026-06-30T03:45:10.255Z"}
{"level":"info","message":"✅ Tablas Ciudades y Empresas verificadas","timestamp":"2026-06-30T03:45:10.264Z"}
{"level":"info","message":"✅ Ciudades base verificadas","timestamp":"2026-06-30T03:45:10.290Z"}
{"level":"info","message":"✅ Tabla Comedores verificada","timestamp":"2026-06-30T03:45:10.303Z"}
{"level":"info","message":"✅ Tablas Menus y MenuDetalle verificadas","timestamp":"2026-06-30T03:45:10.318Z"}
{"level":"info","message":"✅ Tablas Pedidos y PedidoDetalle verificadas","timestamp":"2026-06-30T03:45:10.323Z"}
{"level":"info","message":"Servidor corriendo en http://localhost:3000","timestamp":"2026-06-30T03:45:10.332Z"}
{"level":"info","message":"Conexión a SQL Server establecida","timestamp":"2026-06-30T03:45:59.194Z"}
{"level":"info","message":"Tablas Roles, Permisos y RolPermiso verificadas","timestamp":"2026-06-30T03:45:59.272Z"}
{"level":"info","message":"Permisos base verificados","timestamp":"2026-06-30T03:45:59.279Z"}
{"level":"info","message":"Tabla Usuarios verificada","timestamp":"2026-06-30T03:45:59.319Z"}
{"level":"info","message":"Tablas Sesiones y RecuperacionPassword verificadas","timestamp":"2026-06-30T03:45:59.337Z"}
{"level":"info","message":"Tablas CategoriasPlatillo y Platillos verificadas","timestamp":"2026-06-30T03:45:59.384Z"}
{"level":"info","message":"✅ Tablas Ciudades y Empresas verificadas","timestamp":"2026-06-30T03:45:59.434Z"}
{"level":"info","message":"✅ Ciudades base verificadas","timestamp":"2026-06-30T03:45:59.441Z"}
{"level":"info","message":"✅ Tabla Comedores verificada","timestamp":"2026-06-30T03:45:59.477Z"}
{"level":"info","message":"✅ Tablas Menus y MenuDetalle verificadas","timestamp":"2026-06-30T03:45:59.534Z"}
{"level":"info","message":"✅ Tablas Pedidos y PedidoDetalle verificadas","timestamp":"2026-06-30T03:45:59.575Z"}
{"level":"info","message":"Servidor corriendo en http://localhost:3000","timestamp":"2026-06-30T03:45:59.579Z"}
{"level":"info","message":"Conexión a SQL Server establecida","timestamp":"2026-06-30T03:46:09.503Z"}
{"level":"info","message":"Tablas Roles, Permisos y RolPermiso verificadas","timestamp":"2026-06-30T03:46:09.593Z"}
{"level":"info","message":"Permisos base verificados","timestamp":"2026-06-30T03:46:09.600Z"}
{"level":"info","message":"Tabla Usuarios verificada","timestamp":"2026-06-30T03:46:09.645Z"}
{"level":"info","message":"Tablas Sesiones y RecuperacionPassword verificadas","timestamp":"2026-06-30T03:46:09.708Z"}
{"level":"info","message":"Tablas CategoriasPlatillo y Platillos verificadas","timestamp":"2026-06-30T03:46:09.859Z"}
{"level":"info","message":"✅ Tablas Ciudades y Empresas verificadas","timestamp":"2026-06-30T03:46:09.933Z"}
{"level":"info","message":"✅ Ciudades base verificadas","timestamp":"2026-06-30T03:46:09.944Z"}
{"level":"info","message":"✅ Tabla Comedores verificada","timestamp":"2026-06-30T03:46:10.008Z"}
{"level":"info","message":"✅ Tablas Menus y MenuDetalle verificadas","timestamp":"2026-06-30T03:46:10.085Z"}
{"level":"info","message":"✅ Tablas Pedidos y PedidoDetalle verificadas","timestamp":"2026-06-30T03:46:10.138Z"}
{"level":"info","message":"Servidor corriendo en http://localhost:3000","timestamp":"2026-06-30T03:46:10.146Z"}
{"level":"info","message":"Conexión a SQL Server establecida","timestamp":"2026-06-30T03:46:27.184Z"}
{"level":"info","message":"Tablas Roles, Permisos y RolPermiso verificadas","timestamp":"2026-06-30T03:46:27.214Z"}
{"level":"info","message":"Permisos base verificados","timestamp":"2026-06-30T03:46:27.218Z"}
{"level":"info","message":"Tabla Usuarios verificada","timestamp":"2026-06-30T03:46:27.225Z"}
{"level":"info","message":"Tablas Sesiones y RecuperacionPassword verificadas","timestamp":"2026-06-30T03:46:27.229Z"}
{"level":"info","message":"Tablas CategoriasPlatillo y Platillos verificadas","timestamp":"2026-06-30T03:46:27.235Z"}
{"level":"info","message":"✅ Tablas Ciudades y Empresas verificadas","timestamp":"2026-06-30T03:46:27.239Z"}
{"level":"info","message":"✅ Ciudades base verificadas","timestamp":"2026-06-30T03:46:27.244Z"}
{"level":"info","message":"✅ Tabla Comedores verificada","timestamp":"2026-06-30T03:46:27.249Z"}
{"level":"info","message":"✅ Tablas Menus y MenuDetalle verificadas","timestamp":"2026-06-30T03:46:27.257Z"}
{"level":"info","message":"✅ Tablas Pedidos y PedidoDetalle verificadas","timestamp":"2026-06-30T03:46:27.271Z"}
{"level":"info","message":"Servidor corriendo en http://localhost:3000","timestamp":"2026-06-30T03:46:27.290Z"}
{"level":"info","message":"Conexión a SQL Server establecida","timestamp":"2026-06-30T03:46:49.567Z"}
{"level":"info","message":"Tablas Roles, Permisos y RolPermiso verificadas","timestamp":"2026-06-30T03:46:49.660Z"}
{"level":"info","message":"Permisos base verificados","timestamp":"2026-06-30T03:46:49.671Z"}
{"level":"info","message":"Tabla Usuarios verificada","timestamp":"2026-06-30T03:46:49.722Z"}
{"level":"info","message":"Tablas Sesiones y RecuperacionPassword verificadas","timestamp":"2026-06-30T03:46:49.752Z"}
{"level":"info","message":"Tablas CategoriasPlatillo y Platillos verificadas","timestamp":"2026-06-30T03:46:49.846Z"}
{"level":"info","message":"✅ Tablas Ciudades y Empresas verificadas","timestamp":"2026-06-30T03:46:49.934Z"}
{"level":"info","message":"✅ Ciudades base verificadas","timestamp":"2026-06-30T03:46:49.941Z"}
{"level":"info","message":"✅ Tabla Comedores verificada","timestamp":"2026-06-30T03:46:49.982Z"}
{"level":"info","message":"✅ Tablas Menus y MenuDetalle verificadas","timestamp":"2026-06-30T03:46:50.055Z"}
{"level":"info","message":"✅ Tablas Pedidos y PedidoDetalle verificadas","timestamp":"2026-06-30T03:46:50.167Z"}
{"level":"info","message":"Servidor corriendo en http://localhost:3000","timestamp":"2026-06-30T03:46:50.194Z"}
{"level":"info","message":"Conexión a SQL Server establecida","timestamp":"2026-06-30T03:47:03.119Z"}
{"level":"info","message":"Tablas Roles, Permisos y RolPermiso verificadas","timestamp":"2026-06-30T03:47:03.191Z"}
{"level":"info","message":"Permisos base verificados","timestamp":"2026-06-30T03:47:03.198Z"}
{"level":"info","message":"Tabla Usuarios verificada","timestamp":"2026-06-30T03:47:03.230Z"}
{"level":"info","message":"Tablas Sesiones y RecuperacionPassword verificadas","timestamp":"2026-06-30T03:47:03.243Z"}
{"level":"info","message":"Tablas CategoriasPlatillo y Platillos verificadas","timestamp":"2026-06-30T03:47:03.294Z"}
{"level":"info","message":"✅ Tablas Ciudades y Empresas verificadas","timestamp":"2026-06-30T03:47:03.357Z"}
{"level":"info","message":"✅ Ciudades base verificadas","timestamp":"2026-06-30T03:47:03.373Z"}
{"level":"info","message":"✅ Tabla Comedores verificada","timestamp":"2026-06-30T03:47:03.438Z"}
{"level":"info","message":"✅ Tablas Menus y MenuDetalle verificadas","timestamp":"2026-06-30T03:47:04.245Z"}
{"level":"info","message":"✅ Tablas Pedidos y PedidoDetalle verificadas","timestamp":"2026-06-30T03:47:04.516Z"}
{"level":"info","message":"Servidor corriendo en http://localhost:3000","timestamp":"2026-06-30T03:47:04.526Z"}
{"level":"info","message":"Conexión a SQL Server establecida","timestamp":"2026-06-30T03:47:17.358Z"}
{"level":"info","message":"Tablas Roles, Permisos y RolPermiso verificadas","timestamp":"2026-06-30T03:47:17.527Z"}
{"level":"info","message":"Permisos base verificados","timestamp":"2026-06-30T03:47:17.542Z"}
{"level":"info","message":"Tabla Usuarios verificada","timestamp":"2026-06-30T03:47:17.597Z"}
{"level":"info","message":"Tablas Sesiones y RecuperacionPassword verificadas","timestamp":"2026-06-30T03:47:17.627Z"}
{"level":"info","message":"Tablas CategoriasPlatillo y Platillos verificadas","timestamp":"2026-06-30T03:47:17.681Z"}
{"level":"info","message":"✅ Tablas Ciudades y Empresas verificadas","timestamp":"2026-06-30T03:47:17.738Z"}
{"level":"info","message":"✅ Ciudades base verificadas","timestamp":"2026-06-30T03:47:17.746Z"}
{"level":"info","message":"✅ Tabla Comedores verificada","timestamp":"2026-06-30T03:47:17.786Z"}
{"level":"info","message":"✅ Tablas Menus y MenuDetalle verificadas","timestamp":"2026-06-30T03:47:17.927Z"}
{"level":"info","message":"✅ Tablas Pedidos y PedidoDetalle verificadas","timestamp":"2026-06-30T03:47:18.036Z"}
{"level":"info","message":"Servidor corriendo en http://localhost:3000","timestamp":"2026-06-30T03:47:18.046Z"}
{"level":"info","message":"Conexión a SQL Server establecida","timestamp":"2026-06-30T03:47:32.048Z"}
{"level":"info","message":"Tablas Roles, Permisos y RolPermiso verificadas","timestamp":"2026-06-30T03:47:32.182Z"}
{"level":"info","message":"Permisos base verificados","timestamp":"2026-06-30T03:47:32.198Z"}
{"level":"info","message":"Tabla Usuarios verificada","timestamp":"2026-06-30T03:47:32.247Z"}
{"level":"info","message":"Tablas Sesiones y RecuperacionPassword verificadas","timestamp":"2026-06-30T03:47:32.271Z"}
{"level":"info","message":"Tablas CategoriasPlatillo y Platillos verificadas","timestamp":"2026-06-30T03:47:32.319Z"}
{"level":"info","message":"✅ Tablas Ciudades y Empresas verificadas","timestamp":"2026-06-30T03:47:32.371Z"}
{"level":"info","message":"✅ Ciudades base verificadas","timestamp":"2026-06-30T03:47:32.380Z"}
{"level":"info","message":"✅ Tabla Comedores verificada","timestamp":"2026-06-30T03:47:32.435Z"}
{"level":"info","message":"✅ Tablas Menus y MenuDetalle verificadas","timestamp":"2026-06-30T03:47:32.522Z"}
{"level":"info","message":"✅ Tablas Pedidos y PedidoDetalle verificadas","timestamp":"2026-06-30T03:47:32.598Z"}
{"level":"info","message":"Servidor corriendo en http://localhost:3000","timestamp":"2026-06-30T03:47:32.603Z"}
{"level":"info","message":"Conexión a SQL Server establecida","timestamp":"2026-06-30T03:48:06.032Z"}
{"level":"info","message":"Tablas Roles, Permisos y RolPermiso verificadas","timestamp":"2026-06-30T03:48:06.132Z"}
{"level":"info","message":"Permisos base verificados","timestamp":"2026-06-30T03:48:06.152Z"}
{"level":"info","message":"Tabla Usuarios verificada","timestamp":"2026-06-30T03:48:06.201Z"}
{"level":"info","message":"Tablas Sesiones y RecuperacionPassword verificadas","timestamp":"2026-06-30T03:48:06.215Z"}
{"level":"info","message":"Tablas CategoriasPlatillo y Platillos verificadas","timestamp":"2026-06-30T03:48:06.266Z"}
{"level":"info","message":"✅ Tablas Ciudades y Empresas verificadas","timestamp":"2026-06-30T03:48:06.345Z"}
{"level":"info","message":"✅ Ciudades base verificadas","timestamp":"2026-06-30T03:48:06.355Z"}
{"level":"info","message":"✅ Tabla Comedores verificada","timestamp":"2026-06-30T03:48:06.450Z"}
{"level":"info","message":"✅ Tablas Menus y MenuDetalle verificadas","timestamp":"2026-06-30T03:48:06.586Z"}
{"level":"info","message":"✅ Tablas Pedidos y PedidoDetalle verificadas","timestamp":"2026-06-30T03:48:06.671Z"}
{"level":"info","message":"Servidor corriendo en http://localhost:3000","timestamp":"2026-06-30T03:48:06.680Z"}
{"level":"info","message":"Conexión a SQL Server establecida","timestamp":"2026-06-30T03:49:21.332Z"}
{"level":"info","message":"Tablas Roles, Permisos y RolPermiso verificadas","timestamp":"2026-06-30T03:49:21.459Z"}
{"level":"info","message":"Permisos base verificados","timestamp":"2026-06-30T03:49:21.468Z"}
{"level":"info","message":"Tabla Usuarios verificada","timestamp":"2026-06-30T03:49:21.515Z"}
{"level":"info","message":"Tablas Sesiones y RecuperacionPassword verificadas","timestamp":"2026-06-30T03:49:21.534Z"}
{"level":"info","message":"Tablas CategoriasPlatillo y Platillos verificadas","timestamp":"2026-06-30T03:49:21.610Z"}
{"level":"info","message":"✅ Tablas Ciudades y Empresas verificadas","timestamp":"2026-06-30T03:49:21.723Z"}
{"level":"info","message":"✅ Ciudades base verificadas","timestamp":"2026-06-30T03:49:21.737Z"}
{"level":"info","message":"✅ Tabla Comedores verificada","timestamp":"2026-06-30T03:49:21.815Z"}
{"level":"info","message":"✅ Tablas Menus y MenuDetalle verificadas","timestamp":"2026-06-30T03:49:21.893Z"}
{"level":"info","message":"✅ Tablas Pedidos y PedidoDetalle verificadas","timestamp":"2026-06-30T03:49:21.990Z"}
{"level":"info","message":"Servidor corriendo en http://localhost:3000","timestamp":"2026-06-30T03:49:21.998Z"}
{"level":"info","message":"Conexión a SQL Server establecida","timestamp":"2026-06-30T03:49:27.611Z"}
{"level":"info","message":"Tablas Roles, Permisos y RolPermiso verificadas","timestamp":"2026-06-30T03:49:27.680Z"}
{"level":"info","message":"Permisos base verificados","timestamp":"2026-06-30T03:49:27.687Z"}
{"level":"info","message":"Tabla Usuarios verificada","timestamp":"2026-06-30T03:49:27.726Z"}
{"level":"info","message":"Tablas Sesiones y RecuperacionPassword verificadas","timestamp":"2026-06-30T03:49:27.745Z"}
{"level":"info","message":"Tablas CategoriasPlatillo y Platillos verificadas","timestamp":"2026-06-30T03:49:27.930Z"}
{"level":"info","message":"✅ Tablas Ciudades y Empresas verificadas","timestamp":"2026-06-30T03:49:28.008Z"}
{"level":"info","message":"✅ Ciudades base verificadas","timestamp":"2026-06-30T03:49:28.031Z"}
{"level":"info","message":"✅ Tabla Comedores verificada","timestamp":"2026-06-30T03:49:28.222Z"}
{"level":"info","message":"✅ Tablas Menus y MenuDetalle verificadas","timestamp":"2026-06-30T03:49:28.461Z"}
{"level":"info","message":"✅ Tablas Pedidos y PedidoDetalle verificadas","timestamp":"2026-06-30T03:49:28.572Z"}
{"level":"info","message":"Servidor corriendo en http://localhost:3000","timestamp":"2026-06-30T03:49:28.591Z"}
{"level":"info","message":"Conexión a SQL Server establecida","timestamp":"2026-06-30T03:49:58.929Z"}
{"level":"info","message":"Tablas Roles, Permisos y RolPermiso verificadas","timestamp":"2026-06-30T03:49:59.139Z"}
{"level":"info","message":"Permisos base verificados","timestamp":"2026-06-30T03:49:59.149Z"}
{"level":"info","message":"Tabla Usuarios verificada","timestamp":"2026-06-30T03:49:59.201Z"}
{"level":"info","message":"Tablas Sesiones y RecuperacionPassword verificadas","timestamp":"2026-06-30T03:49:59.227Z"}
{"level":"info","message":"Tablas CategoriasPlatillo y Platillos verificadas","timestamp":"2026-06-30T03:49:59.309Z"}
{"level":"info","message":"✅ Tablas Ciudades y Empresas verificadas","timestamp":"2026-06-30T03:49:59.370Z"}
{"level":"info","message":"✅ Ciudades base verificadas","timestamp":"2026-06-30T03:49:59.379Z"}
{"level":"info","message":"✅ Tabla Comedores verificada","timestamp":"2026-06-30T03:49:59.454Z"}
{"level":"info","message":"✅ Tablas Menus y MenuDetalle verificadas","timestamp":"2026-06-30T03:49:59.577Z"}
{"level":"info","message":"✅ Tablas Pedidos y PedidoDetalle verificadas","timestamp":"2026-06-30T03:49:59.633Z"}
{"level":"info","message":"Servidor corriendo en http://localhost:3000","timestamp":"2026-06-30T03:49:59.638Z"}
{"level":"info","message":"Conexión a SQL Server establecida","timestamp":"2026-06-30T03:50:14.609Z"}
{"level":"info","message":"Tablas Roles, Permisos y RolPermiso verificadas","timestamp":"2026-06-30T03:50:14.694Z"}
{"level":"info","message":"Permisos base verificados","timestamp":"2026-06-30T03:50:14.738Z"}
{"level":"info","message":"Tabla Usuarios verificada","timestamp":"2026-06-30T03:50:14.902Z"}
{"level":"info","message":"Tablas Sesiones y RecuperacionPassword verificadas","timestamp":"2026-06-30T03:50:14.934Z"}
{"level":"info","message":"Tablas CategoriasPlatillo y Platillos verificadas","timestamp":"2026-06-30T03:50:15.119Z"}
{"level":"info","message":"✅ Tablas Ciudades y Empresas verificadas","timestamp":"2026-06-30T03:50:15.341Z"}
{"level":"info","message":"✅ Ciudades base verificadas","timestamp":"2026-06-30T03:50:15.370Z"}
{"level":"info","message":"✅ Tabla Comedores verificada","timestamp":"2026-06-30T03:50:15.426Z"}
{"level":"info","message":"✅ Tablas Menus y MenuDetalle verificadas","timestamp":"2026-06-30T03:50:15.581Z"}
{"level":"info","message":"✅ Tablas Pedidos y PedidoDetalle verificadas","timestamp":"2026-06-30T03:50:15.673Z"}
{"level":"info","message":"Servidor corriendo en http://localhost:3000","timestamp":"2026-06-30T03:50:15.689Z"}
{"level":"info","message":"Conexión a SQL Server establecida","timestamp":"2026-06-30T03:50:24.534Z"}
{"level":"info","message":"Tablas Roles, Permisos y RolPermiso verificadas","timestamp":"2026-06-30T03:50:24.613Z"}
{"level":"info","message":"Permisos base verificados","timestamp":"2026-06-30T03:50:24.623Z"}
{"level":"info","message":"Tabla Usuarios verificada","timestamp":"2026-06-30T03:50:24.657Z"}
{"level":"info","message":"Tablas Sesiones y RecuperacionPassword verificadas","timestamp":"2026-06-30T03:50:24.679Z"}
{"level":"info","message":"Tablas CategoriasPlatillo y Platillos verificadas","timestamp":"2026-06-30T03:50:24.728Z"}
{"level":"info","message":"✅ Tablas Ciudades y Empresas verificadas","timestamp":"2026-06-30T03:50:24.785Z"}
{"level":"info","message":"✅ Ciudades base verificadas","timestamp":"2026-06-30T03:50:24.793Z"}
{"level":"info","message":"✅ Tabla Comedores verificada","timestamp":"2026-06-30T03:50:24.835Z"}
{"level":"info","message":"✅ Tablas Menus y MenuDetalle verificadas","timestamp":"2026-06-30T03:50:24.898Z"}
{"level":"info","message":"✅ Tablas Pedidos y PedidoDetalle verificadas","timestamp":"2026-06-30T03:50:24.959Z"}
{"level":"info","message":"Servidor corriendo en http://localhost:3000","timestamp":"2026-06-30T03:50:24.964Z"}
{"level":"info","message":"Conexión a SQL Server establecida","timestamp":"2026-06-30T03:50:56.728Z"}
{"level":"info","message":"Tablas Roles, Permisos y RolPermiso verificadas","timestamp":"2026-06-30T03:50:56.872Z"}
{"level":"info","message":"Permisos base verificados","timestamp":"2026-06-30T03:50:56.900Z"}
{"level":"info","message":"Tabla Usuarios verificada","timestamp":"2026-06-30T03:50:56.972Z"}
{"level":"info","message":"Tablas Sesiones y RecuperacionPassword verificadas","timestamp":"2026-06-30T03:50:56.999Z"}
{"level":"info","message":"Tablas CategoriasPlatillo y Platillos verificadas","timestamp":"2026-06-30T03:50:57.044Z"}
{"level":"info","message":"✅ Tablas Ciudades y Empresas verificadas","timestamp":"2026-06-30T03:50:57.102Z"}
{"level":"info","message":"✅ Ciudades base verificadas","timestamp":"2026-06-30T03:50:57.185Z"}
{"level":"info","message":"✅ Tabla Comedores verificada","timestamp":"2026-06-30T03:50:57.367Z"}
{"level":"info","message":"✅ Tablas Menus y MenuDetalle verificadas","timestamp":"2026-06-30T03:50:57.678Z"}
{"level":"info","message":"✅ Tablas Pedidos y PedidoDetalle verificadas","timestamp":"2026-06-30T03:50:57.884Z"}
{"level":"info","message":"Servidor corriendo en http://localhost:3000","timestamp":"2026-06-30T03:50:57.910Z"}
{"level":"info","message":"Conexión a SQL Server establecida","timestamp":"2026-06-30T03:51:08.963Z"}
{"level":"info","message":"Tablas Roles, Permisos y RolPermiso verificadas","timestamp":"2026-06-30T03:51:09.080Z"}
{"level":"info","message":"Permisos base verificados","timestamp":"2026-06-30T03:51:09.092Z"}
{"level":"info","message":"Tabla Usuarios verificada","timestamp":"2026-06-30T03:51:09.146Z"}
{"level":"info","message":"Tablas Sesiones y RecuperacionPassword verificadas","timestamp":"2026-06-30T03:51:09.176Z"}
{"level":"info","message":"Tablas CategoriasPlatillo y Platillos verificadas","timestamp":"2026-06-30T03:51:09.237Z"}
{"level":"info","message":"✅ Tablas Ciudades y Empresas verificadas","timestamp":"2026-06-30T03:51:09.300Z"}
{"level":"info","message":"✅ Ciudades base verificadas","timestamp":"2026-06-30T03:51:09.310Z"}
{"level":"info","message":"✅ Tabla Comedores verificada","timestamp":"2026-06-30T03:51:09.349Z"}
{"level":"info","message":"✅ Tablas Menus y MenuDetalle verificadas","timestamp":"2026-06-30T03:51:09.473Z"}
{"level":"info","message":"✅ Tablas Pedidos y PedidoDetalle verificadas","timestamp":"2026-06-30T03:51:09.631Z"}
{"level":"info","message":"Servidor corriendo en http://localhost:3000","timestamp":"2026-06-30T03:51:09.640Z"}
{"level":"info","message":"Conexión a SQL Server establecida","timestamp":"2026-06-30T03:51:27.640Z"}
{"level":"info","message":"Tablas Roles, Permisos y RolPermiso verificadas","timestamp":"2026-06-30T03:51:27.714Z"}
{"level":"info","message":"Permisos base verificados","timestamp":"2026-06-30T03:51:27.722Z"}
{"level":"info","message":"Tabla Usuarios verificada","timestamp":"2026-06-30T03:51:27.759Z"}
{"level":"info","message":"Tablas Sesiones y RecuperacionPassword verificadas","timestamp":"2026-06-30T03:51:27.776Z"}
{"level":"info","message":"Tablas CategoriasPlatillo y Platillos verificadas","timestamp":"2026-06-30T03:51:27.819Z"}
{"level":"info","message":"✅ Tablas Ciudades y Empresas verificadas","timestamp":"2026-06-30T03:51:27.867Z"}
{"level":"info","message":"✅ Ciudades base verificadas","timestamp":"2026-06-30T03:51:27.875Z"}
{"level":"info","message":"✅ Tabla Comedores verificada","timestamp":"2026-06-30T03:51:27.925Z"}
{"level":"info","message":"✅ Tablas Menus y MenuDetalle verificadas","timestamp":"2026-06-30T03:51:28.011Z"}
{"level":"info","message":"✅ Tablas Pedidos y PedidoDetalle verificadas","timestamp":"2026-06-30T03:51:28.055Z"}
{"level":"info","message":"Servidor corriendo en http://localhost:3000","timestamp":"2026-06-30T03:51:28.061Z"}
{"level":"info","message":"Conexión a SQL Server establecida","timestamp":"2026-06-30T03:52:42.677Z"}
{"level":"info","message":"Tablas Roles, Permisos y RolPermiso verificadas","timestamp":"2026-06-30T03:52:42.773Z"}
{"level":"info","message":"Permisos base verificados","timestamp":"2026-06-30T03:52:42.784Z"}
{"level":"info","message":"Tabla Usuarios verificada","timestamp":"2026-06-30T03:52:42.834Z"}
{"level":"info","message":"Tablas Sesiones y RecuperacionPassword verificadas","timestamp":"2026-06-30T03:52:42.853Z"}
{"level":"info","message":"Tablas CategoriasPlatillo y Platillos verificadas","timestamp":"2026-06-30T03:52:42.973Z"}
{"level":"info","message":"✅ Tablas Ciudades y Empresas verificadas","timestamp":"2026-06-30T03:52:43.442Z"}
{"level":"info","message":"✅ Ciudades base verificadas","timestamp":"2026-06-30T03:52:43.463Z"}
{"level":"info","message":"✅ Tabla Comedores verificada","timestamp":"2026-06-30T03:52:43.586Z"}
{"level":"info","message":"✅ Tablas Menus y MenuDetalle verificadas","timestamp":"2026-06-30T03:52:43.676Z"}
{"level":"info","message":"✅ Tablas Pedidos y PedidoDetalle verificadas","timestamp":"2026-06-30T03:52:43.787Z"}
{"level":"info","message":"Servidor corriendo en http://localhost:3000","timestamp":"2026-06-30T03:52:43.795Z"}
{"level":"info","message":"Conexión a SQL Server establecida","timestamp":"2026-06-30T03:53:35.004Z"}
{"level":"info","message":"Tablas Roles, Permisos y RolPermiso verificadas","timestamp":"2026-06-30T03:53:35.076Z"}
{"level":"info","message":"Permisos base verificados","timestamp":"2026-06-30T03:53:35.083Z"}
{"level":"info","message":"Tabla Usuarios verificada","timestamp":"2026-06-30T03:53:35.133Z"}
{"level":"info","message":"Tablas Sesiones y RecuperacionPassword verificadas","timestamp":"2026-06-30T03:53:35.169Z"}
{"level":"info","message":"Tablas CategoriasPlatillo y Platillos verificadas","timestamp":"2026-06-30T03:53:35.226Z"}
{"level":"info","message":"✅ Tablas Ciudades y Empresas verificadas","timestamp":"2026-06-30T03:53:35.283Z"}
{"level":"info","message":"✅ Ciudades base verificadas","timestamp":"2026-06-30T03:53:35.290Z"}
{"level":"info","message":"✅ Tabla Comedores verificada","timestamp":"2026-06-30T03:53:35.332Z"}
{"level":"info","message":"✅ Tablas Menus y MenuDetalle verificadas","timestamp":"2026-06-30T03:53:35.411Z"}
{"level":"info","message":"✅ Tablas Pedidos y PedidoDetalle verificadas","timestamp":"2026-06-30T03:53:35.534Z"}
{"level":"info","message":"Servidor corriendo en http://localhost:3000","timestamp":"2026-06-30T03:53:35.540Z"}
{"level":"info","message":"Conexión a SQL Server establecida","timestamp":"2026-06-30T03:59:29.980Z"}
{"level":"info","message":"Conexión a SQL Server establecida","timestamp":"2026-06-30T03:59:33.512Z"}
{"level":"info","message":"Tablas Roles, Permisos y RolPermiso verificadas","timestamp":"2026-06-30T03:59:33.654Z"}
{"level":"info","message":"Permisos base verificados","timestamp":"2026-06-30T03:59:33.663Z"}
{"level":"info","message":"Tabla Usuarios verificada","timestamp":"2026-06-30T03:59:33.710Z"}
{"level":"info","message":"Tablas Sesiones y RecuperacionPassword verificadas","timestamp":"2026-06-30T03:59:33.729Z"}
{"level":"info","message":"Tablas CategoriasPlatillo y Platillos verificadas","timestamp":"2026-06-30T03:59:33.783Z"}
{"level":"info","message":"✅ Tablas Ciudades y Empresas verificadas","timestamp":"2026-06-30T03:59:33.840Z"}
{"level":"info","message":"✅ Ciudades base verificadas","timestamp":"2026-06-30T03:59:33.847Z"}
{"level":"info","message":"✅ Tabla Comedores verificada","timestamp":"2026-06-30T03:59:33.876Z"}
{"level":"info","message":"✅ Tablas Menus y MenuDetalle verificadas","timestamp":"2026-06-30T03:59:33.915Z"}
{"level":"info","message":"✅ Tablas Pedidos y PedidoDetalle verificadas","timestamp":"2026-06-30T03:59:33.969Z"}
{"level":"info","message":"Servidor corriendo en http://localhost:3000","timestamp":"2026-06-30T03:59:33.974Z"}
{"level":"info","message":{"action":"LOGIN","email":"admin@wasteless.com","idUsuario":"1","ip":"::1"},"timestamp":"2026-06-30T03:59:51.834Z"}
{"level":"info","message":"Conexión a SQL Server establecida","timestamp":"2026-06-30T04:09:20.454Z"}
{"level":"info","message":"Tablas Roles, Permisos y RolPermiso verificadas","timestamp":"2026-06-30T04:09:20.547Z"}
{"level":"info","message":"Permisos base verificados","timestamp":"2026-06-30T04:09:20.554Z"}
{"level":"info","message":"Tabla Usuarios verificada","timestamp":"2026-06-30T04:09:20.600Z"}
{"level":"info","message":"Tablas Sesiones y RecuperacionPassword verificadas","timestamp":"2026-06-30T04:09:20.632Z"}
{"level":"info","message":"Tablas CategoriasPlatillo y Platillos verificadas","timestamp":"2026-06-30T04:09:20.701Z"}
{"level":"info","message":"✅ Tablas Ciudades y Empresas verificadas","timestamp":"2026-06-30T04:09:20.766Z"}
{"level":"info","message":"✅ Ciudades base verificadas","timestamp":"2026-06-30T04:09:20.775Z"}
{"level":"info","message":"✅ Tabla Comedores verificada","timestamp":"2026-06-30T04:09:20.821Z"}
{"level":"info","message":"✅ Tablas Menus y MenuDetalle verificadas","timestamp":"2026-06-30T04:09:20.886Z"}
{"level":"info","message":"✅ Tablas Pedidos y PedidoDetalle verificadas","timestamp":"2026-06-30T04:09:20.929Z"}
{"level":"info","message":"Servidor corriendo en http://localhost:3000","timestamp":"2026-06-30T04:09:20.932Z"}
{"level":"info","message":"Conexión a SQL Server establecida","timestamp":"2026-06-30T04:10:16.999Z"}
{"level":"info","message":"Tablas Roles, Permisos y RolPermiso verificadas","timestamp":"2026-06-30T04:10:17.092Z"}
{"level":"info","message":"Permisos base verificados","timestamp":"2026-06-30T04:10:17.101Z"}
{"level":"info","message":"Tabla Usuarios verificada","timestamp":"2026-06-30T04:10:17.141Z"}
{"level":"info","message":"Tablas Sesiones y RecuperacionPassword verificadas","timestamp":"2026-06-30T04:10:17.162Z"}
{"level":"info","message":"Tablas CategoriasPlatillo y Platillos verificadas","timestamp":"2026-06-30T04:10:17.203Z"}
{"level":"info","message":"✅ Tablas Ciudades y Empresas verificadas","timestamp":"2026-06-30T04:10:17.250Z"}
{"level":"info","message":"✅ Ciudades base verificadas","timestamp":"2026-06-30T04:10:17.258Z"}
{"level":"info","message":"✅ Tabla Comedores verificada","timestamp":"2026-06-30T04:10:17.290Z"}
{"level":"info","message":"✅ Tablas Menus y MenuDetalle verificadas","timestamp":"2026-06-30T04:10:17.341Z"}
{"level":"info","message":"✅ Tablas Pedidos y PedidoDetalle verificadas","timestamp":"2026-06-30T04:10:17.387Z"}
{"level":"info","message":"Servidor corriendo en http://localhost:3000","timestamp":"2026-06-30T04:10:17.393Z"}
{"level":"info","message":"Conexión a SQL Server establecida","timestamp":"2026-06-30T04:11:23.111Z"}
{"level":"info","message":"Tablas Roles, Permisos y RolPermiso verificadas","timestamp":"2026-06-30T04:11:23.193Z"}
{"level":"info","message":"Permisos base verificados","timestamp":"2026-06-30T04:11:23.200Z"}
{"level":"info","message":"Tabla Usuarios verificada","timestamp":"2026-06-30T04:11:23.235Z"}
{"level":"info","message":"Tablas Sesiones y RecuperacionPassword verificadas","timestamp":"2026-06-30T04:11:23.249Z"}
{"level":"info","message":"Tablas CategoriasPlatillo y Platillos verificadas","timestamp":"2026-06-30T04:11:23.285Z"}
{"level":"info","message":"✅ Tablas Ciudades y Empresas verificadas","timestamp":"2026-06-30T04:11:23.325Z"}
{"level":"info","message":"✅ Ciudades base verificadas","timestamp":"2026-06-30T04:11:23.332Z"}
{"level":"info","message":"✅ Tabla Comedores verificada","timestamp":"2026-06-30T04:11:23.368Z"}
{"level":"info","message":"✅ Tablas Menus y MenuDetalle verificadas","timestamp":"2026-06-30T04:11:23.411Z"}
{"level":"info","message":"✅ Tablas Pedidos y PedidoDetalle verificadas","timestamp":"2026-06-30T04:11:23.447Z"}
{"level":"info","message":"Servidor corriendo en http://localhost:3000","timestamp":"2026-06-30T04:11:23.453Z"}
{"level":"info","message":"Conexión a SQL Server establecida","timestamp":"2026-06-30T04:11:55.693Z"}
{"level":"info","message":"Tablas Roles, Permisos y RolPermiso verificadas","timestamp":"2026-06-30T04:11:55.760Z"}
{"level":"info","message":"Permisos base verificados","timestamp":"2026-06-30T04:11:55.771Z"}
{"level":"info","message":"Tabla Usuarios verificada","timestamp":"2026-06-30T04:11:55.792Z"}
{"level":"info","message":"Tablas Sesiones y RecuperacionPassword verificadas","timestamp":"2026-06-30T04:11:55.802Z"}
{"level":"info","message":"Tablas CategoriasPlatillo y Platillos verificadas","timestamp":"2026-06-30T04:11:55.822Z"}
{"level":"info","message":"✅ Tablas Ciudades y Empresas verificadas","timestamp":"2026-06-30T04:11:55.832Z"}
{"level":"info","message":"✅ Ciudades base verificadas","timestamp":"2026-06-30T04:11:55.836Z"}
{"level":"info","message":"✅ Tabla Comedores verificada","timestamp":"2026-06-30T04:11:55.843Z"}
{"level":"info","message":"✅ Tablas Menus y MenuDetalle verificadas","timestamp":"2026-06-30T04:11:55.854Z"}
{"level":"info","message":"✅ Tablas Pedidos y PedidoDetalle verificadas","timestamp":"2026-06-30T04:11:55.861Z"}
{"level":"info","message":"Servidor corriendo en http://localhost:3000","timestamp":"2026-06-30T04:11:55.870Z"}
{"level":"info","message":{"action":"LOGIN","email":"admin@wasteless.com","idUsuario":"1","ip":"::1"},"timestamp":"2026-06-30T04:12:15.759Z"}
{"level":"info","message":"Conexión a SQL Server establecida","timestamp":"2026-06-30T04:15:20.213Z"}
{"level":"info","message":"Tablas Roles, Permisos y RolPermiso verificadas","timestamp":"2026-06-30T04:15:20.333Z"}
{"level":"info","message":"Permisos base verificados","timestamp":"2026-06-30T04:15:20.342Z"}
{"level":"info","message":"Tabla Usuarios verificada","timestamp":"2026-06-30T04:15:20.384Z"}
{"level":"info","message":"Tablas Sesiones y RecuperacionPassword verificadas","timestamp":"2026-06-30T04:15:20.404Z"}
{"level":"info","message":"Tablas CategoriasPlatillo y Platillos verificadas","timestamp":"2026-06-30T04:15:20.467Z"}
{"level":"info","message":"✅ Tablas Ciudades y Empresas verificadas","timestamp":"2026-06-30T04:15:20.617Z"}
{"level":"info","message":"✅ Ciudades base verificadas","timestamp":"2026-06-30T04:15:20.629Z"}
{"level":"info","message":"✅ Tabla Comedores verificada","timestamp":"2026-06-30T04:15:20.679Z"}
{"level":"info","message":"✅ Tablas Menus y MenuDetalle verificadas","timestamp":"2026-06-30T04:15:20.738Z"}
{"level":"info","message":"✅ Tablas Pedidos y PedidoDetalle verificadas","timestamp":"2026-06-30T04:15:20.807Z"}
{"level":"info","message":"Servidor corriendo en http://localhost:3000","timestamp":"2026-06-30T04:15:20.813Z"}
{"level":"info","message":"Conexión a SQL Server establecida","timestamp":"2026-06-30T04:16:16.630Z"}
{"level":"info","message":"Tablas Roles, Permisos y RolPermiso verificadas","timestamp":"2026-06-30T04:16:16.700Z"}
{"level":"info","message":"Permisos base verificados","timestamp":"2026-06-30T04:16:16.715Z"}
{"level":"info","message":"Tabla Usuarios verificada","timestamp":"2026-06-30T04:16:16.755Z"}
{"level":"info","message":"Tablas Sesiones y RecuperacionPassword verificadas","timestamp":"2026-06-30T04:16:16.772Z"}
{"level":"info","message":"Tablas CategoriasPlatillo y Platillos verificadas","timestamp":"2026-06-30T04:16:16.813Z"}
{"level":"info","message":"✅ Tablas Ciudades y Empresas verificadas","timestamp":"2026-06-30T04:16:16.861Z"}
{"level":"info","message":"✅ Ciudades base verificadas","timestamp":"2026-06-30T04:16:16.868Z"}
{"level":"info","message":"✅ Tabla Comedores verificada","timestamp":"2026-06-30T04:16:16.901Z"}
{"level":"info","message":"✅ Tablas Menus y MenuDetalle verificadas","timestamp":"2026-06-30T04:16:16.950Z"}
{"level":"info","message":"✅ Tablas Pedidos y PedidoDetalle verificadas","timestamp":"2026-06-30T04:16:16.989Z"}
{"level":"info","message":"Servidor corriendo en http://localhost:3000","timestamp":"2026-06-30T04:16:16.994Z"}
{"level":"info","message":"Conexión a SQL Server establecida","timestamp":"2026-06-30T04:16:55.541Z"}
{"level":"info","message":"Tablas Roles, Permisos y RolPermiso verificadas","timestamp":"2026-06-30T04:16:55.746Z"}
{"level":"info","message":"Permisos base verificados","timestamp":"2026-06-30T04:16:55.771Z"}
{"level":"info","message":"Tabla Usuarios verificada","timestamp":"2026-06-30T04:16:55.857Z"}
{"level":"info","message":"Tablas Sesiones y RecuperacionPassword verificadas","timestamp":"2026-06-30T04:16:55.905Z"}
{"level":"info","message":"Tablas CategoriasPlatillo y Platillos verificadas","timestamp":"2026-06-30T04:16:55.996Z"}
{"level":"info","message":"✅ Tablas Ciudades y Empresas verificadas","timestamp":"2026-06-30T04:16:56.154Z"}
{"level":"info","message":"✅ Ciudades base verificadas","timestamp":"2026-06-30T04:16:56.183Z"}
{"level":"info","message":"✅ Tabla Comedores verificada","timestamp":"2026-06-30T04:16:56.237Z"}
{"level":"info","message":"✅ Tablas Menus y MenuDetalle verificadas","timestamp":"2026-06-30T04:16:56.310Z"}
{"level":"info","message":"✅ Tablas Pedidos y PedidoDetalle verificadas","timestamp":"2026-06-30T04:16:56.363Z"}
{"level":"info","message":"Servidor corriendo en http://localhost:3000","timestamp":"2026-06-30T04:16:56.372Z"}
{"level":"info","message":"Conexión a SQL Server establecida","timestamp":"2026-06-30T04:20:06.866Z"}
{"level":"info","message":"Tablas Roles, Permisos y RolPermiso verificadas","timestamp":"2026-06-30T04:20:07.132Z"}
{"level":"info","message":"Permisos base verificados","timestamp":"2026-06-30T04:20:07.169Z"}
{"level":"info","message":"Tabla Usuarios verificada","timestamp":"2026-06-30T04:20:07.257Z"}
{"level":"info","message":"Tablas Sesiones y RecuperacionPassword verificadas","timestamp":"2026-06-30T04:20:07.312Z"}
{"level":"info","message":"Tablas CategoriasPlatillo y Platillos verificadas","timestamp":"2026-06-30T04:20:07.395Z"}
{"level":"info","message":"✅ Tablas Ciudades y Empresas verificadas","timestamp":"2026-06-30T04:20:07.475Z"}
{"level":"info","message":"✅ Ciudades base verificadas","timestamp":"2026-06-30T04:20:07.490Z"}
{"level":"info","message":"✅ Tabla Comedores verificada","timestamp":"2026-06-30T04:20:07.554Z"}
{"level":"info","message":"✅ Tablas Menus y MenuDetalle verificadas","timestamp":"2026-06-30T04:20:07.630Z"}
{"level":"info","message":"✅ Tablas Pedidos y PedidoDetalle verificadas","timestamp":"2026-06-30T04:20:07.709Z"}
{"level":"info","message":"Servidor corriendo en http://localhost:3000","timestamp":"2026-06-30T04:20:07.718Z"}
{"level":"info","message":{"action":"LOGIN","email":"admin@wasteless.com","idUsuario":"1","ip":"::1"},"timestamp":"2026-06-30T04:22:39.389Z"}
{"level":"error","message":"[Microsoft][ODBC Driver 17 for SQL Server][SQL Server]Invalid column name 'nombre'.","method":"GET","path":"/api/orders/weeks/2","stack":"RequestError: [Microsoft][ODBC Driver 17 for SQL Server][SQL Server]Invalid column name 'nombre'.\n    at handleError (C:\\Users\\samue\\Desktop\\Api_WasteLess\\node_modules\\mssql\\lib\\msnodesqlv8\\request.js:291:21)\n    at StreamEvents.emit (node:events:518:28)\n    at C:\\Users\\samue\\Desktop\\Api_WasteLess\\node_modules\\msnodesqlv8\\lib\\reader.js:94:20\n    at Array.forEach (<anonymous>)\n    at Query.routeStatementError (C:\\Users\\samue\\Desktop\\Api_WasteLess\\node_modules\\msnodesqlv8\\lib\\reader.js:84:19)\n    at C:\\Users\\samue\\Desktop\\Api_WasteLess\\node_modules\\msnodesqlv8\\lib\\reader.js:436:12","timestamp":"2026-06-30T04:23:14.992Z"}
{"level":"error","message":"[Microsoft][ODBC Driver 17 for SQL Server][SQL Server]Invalid column name 'nombre'.","method":"GET","path":"/api/orders/weeks/2","stack":"RequestError: [Microsoft][ODBC Driver 17 for SQL Server][SQL Server]Invalid column name 'nombre'.\n    at handleError (C:\\Users\\samue\\Desktop\\Api_WasteLess\\node_modules\\mssql\\lib\\msnodesqlv8\\request.js:291:21)\n    at StreamEvents.emit (node:events:518:28)\n    at C:\\Users\\samue\\Desktop\\Api_WasteLess\\node_modules\\msnodesqlv8\\lib\\reader.js:94:20\n    at Array.forEach (<anonymous>)\n    at Query.routeStatementError (C:\\Users\\samue\\Desktop\\Api_WasteLess\\node_modules\\msnodesqlv8\\lib\\reader.js:84:19)\n    at C:\\Users\\samue\\Desktop\\Api_WasteLess\\node_modules\\msnodesqlv8\\lib\\reader.js:436:12","timestamp":"2026-06-30T04:23:22.484Z"}
{"level":"info","message":"Conexión a SQL Server establecida","timestamp":"2026-06-30T04:31:01.039Z"}
{"level":"info","message":"Tablas Roles, Permisos y RolPermiso verificadas","timestamp":"2026-06-30T04:31:01.236Z"}
{"level":"info","message":"Permisos base verificados","timestamp":"2026-06-30T04:31:01.249Z"}
{"level":"info","message":"Tabla Usuarios verificada","timestamp":"2026-06-30T04:31:01.304Z"}
{"level":"info","message":"Tablas Sesiones y RecuperacionPassword verificadas","timestamp":"2026-06-30T04:31:01.327Z"}
{"level":"info","message":"Tablas CategoriasPlatillo y Platillos verificadas","timestamp":"2026-06-30T04:31:01.406Z"}
{"level":"info","message":"✅ Tablas Ciudades y Empresas verificadas","timestamp":"2026-06-30T04:31:01.497Z"}
{"level":"info","message":"✅ Ciudades base verificadas","timestamp":"2026-06-30T04:31:01.511Z"}
{"level":"info","message":"✅ Tabla Comedores verificada","timestamp":"2026-06-30T04:31:01.557Z"}
{"level":"info","message":"✅ Tablas Menus y MenuDetalle verificadas","timestamp":"2026-06-30T04:31:01.615Z"}
{"level":"info","message":"✅ Tablas Pedidos y PedidoDetalle verificadas","timestamp":"2026-06-30T04:31:01.675Z"}
{"level":"info","message":"Servidor corriendo en http://localhost:3000","timestamp":"2026-06-30T04:31:01.682Z"}
{"level":"info","message":"Conexión a SQL Server establecida","timestamp":"2026-06-30T04:31:19.081Z"}
{"level":"info","message":"Tablas Roles, Permisos y RolPermiso verificadas","timestamp":"2026-06-30T04:31:19.179Z"}
{"level":"info","message":"Permisos base verificados","timestamp":"2026-06-30T04:31:19.191Z"}
{"level":"info","message":"Tabla Usuarios verificada","timestamp":"2026-06-30T04:31:19.232Z"}
{"level":"info","message":"Tablas Sesiones y RecuperacionPassword verificadas","timestamp":"2026-06-30T04:31:19.251Z"}
{"level":"info","message":"Tablas CategoriasPlatillo y Platillos verificadas","timestamp":"2026-06-30T04:31:19.304Z"}
{"level":"info","message":"✅ Tablas Ciudades y Empresas verificadas","timestamp":"2026-06-30T04:31:19.373Z"}
{"level":"info","message":"✅ Ciudades base verificadas","timestamp":"2026-06-30T04:31:19.385Z"}
{"level":"info","message":"✅ Tabla Comedores verificada","timestamp":"2026-06-30T04:31:19.437Z"}
{"level":"info","message":"✅ Tablas Menus y MenuDetalle verificadas","timestamp":"2026-06-30T04:31:19.492Z"}
{"level":"info","message":"✅ Tablas Pedidos y PedidoDetalle verificadas","timestamp":"2026-06-30T04:31:19.541Z"}
{"level":"info","message":"Servidor corriendo en http://localhost:3000","timestamp":"2026-06-30T04:31:19.545Z"}
{"level":"info","message":{"action":"LOGIN","email":"admin@wasteless.com","idUsuario":"1","ip":"::1"},"timestamp":"2026-06-30T05:14:53.519Z"}
{"level":"error","message":"[Microsoft][ODBC Driver 17 for SQL Server][SQL Server]Invalid column name 'nombre'.","method":"GET","path":"/api/orders/companies","stack":"RequestError: [Microsoft][ODBC Driver 17 for SQL Server][SQL Server]Invalid column name 'nombre'.\n    at handleError (C:\\Users\\samue\\Desktop\\Api_WasteLess\\node_modules\\mssql\\lib\\msnodesqlv8\\request.js:291:21)\n    at StreamEvents.emit (node:events:518:28)\n    at C:\\Users\\samue\\Desktop\\Api_WasteLess\\node_modules\\msnodesqlv8\\lib\\reader.js:94:20\n    at Array.forEach (<anonymous>)\n    at Query.routeStatementError (C:\\Users\\samue\\Desktop\\Api_WasteLess\\node_modules\\msnodesqlv8\\lib\\reader.js:84:19)\n    at C:\\Users\\samue\\Desktop\\Api_WasteLess\\node_modules\\msnodesqlv8\\lib\\reader.js:436:12","timestamp":"2026-06-30T05:14:53.564Z"}
{"level":"info","message":"Conexión a SQL Server establecida","timestamp":"2026-06-30T05:24:54.224Z"}
{"level":"info","message":"Tablas Roles, Permisos y RolPermiso verificadas","timestamp":"2026-06-30T05:24:54.358Z"}
{"level":"info","message":"Permisos base verificados","timestamp":"2026-06-30T05:24:54.374Z"}
{"level":"info","message":"Tabla Usuarios verificada","timestamp":"2026-06-30T05:24:54.417Z"}
{"level":"info","message":"Tablas Sesiones y RecuperacionPassword verificadas","timestamp":"2026-06-30T05:24:54.442Z"}
{"level":"info","message":"Tablas CategoriasPlatillo y Platillos verificadas","timestamp":"2026-06-30T05:24:54.495Z"}
{"level":"info","message":"✅ Tablas Ciudades y Empresas verificadas","timestamp":"2026-06-30T05:24:54.553Z"}
{"level":"info","message":"✅ Ciudades base verificadas","timestamp":"2026-06-30T05:24:54.564Z"}
{"level":"info","message":"✅ Tabla Comedores verificada","timestamp":"2026-06-30T05:24:54.613Z"}
{"level":"info","message":"✅ Tablas Menus y MenuDetalle verificadas","timestamp":"2026-06-30T05:24:54.662Z"}
{"level":"info","message":"✅ Tablas Pedidos y PedidoDetalle verificadas","timestamp":"2026-06-30T05:24:54.699Z"}
{"level":"info","message":"Servidor corriendo en http://localhost:3000","timestamp":"2026-06-30T05:24:54.707Z"}
{"level":"info","message":"Conexión a SQL Server establecida","timestamp":"2026-06-30T13:26:24.162Z"}
{"level":"info","message":"Tablas Roles, Permisos y RolPermiso verificadas","timestamp":"2026-06-30T13:26:24.272Z"}
{"level":"info","message":"Permisos base verificados","timestamp":"2026-06-30T13:26:24.288Z"}
{"level":"info","message":"Tabla Usuarios verificada","timestamp":"2026-06-30T13:26:24.355Z"}
{"level":"info","message":"Tablas Sesiones y RecuperacionPassword verificadas","timestamp":"2026-06-30T13:26:24.374Z"}
{"level":"info","message":"Tablas CategoriasPlatillo y Platillos verificadas","timestamp":"2026-06-30T13:26:24.458Z"}
{"level":"info","message":"✅ Tablas Ciudades y Empresas verificadas","timestamp":"2026-06-30T13:26:24.553Z"}
{"level":"info","message":"✅ Ciudades base verificadas","timestamp":"2026-06-30T13:26:24.572Z"}
{"level":"info","message":"✅ Tabla Comedores verificada","timestamp":"2026-06-30T13:26:24.643Z"}
{"level":"info","message":"✅ Tablas Menus y MenuDetalle verificadas","timestamp":"2026-06-30T13:26:24.703Z"}
{"level":"info","message":"✅ Tablas Pedidos y PedidoDetalle verificadas","timestamp":"2026-06-30T13:26:24.780Z"}
{"level":"info","message":"Servidor corriendo en http://localhost:3000","timestamp":"2026-06-30T13:26:24.785Z"}
{"level":"info","message":{"action":"LOGIN","email":"admin@wasteless.com","idUsuario":"1","ip":"::1"},"timestamp":"2026-06-30T13:26:35.017Z"}
{"level":"info","message":{"action":"CREATE_MENU","codigo":"Menu-002","idMenu":"8"},"timestamp":"2026-06-30T13:31:32.660Z"}
{"level":"info","message":{"action":"ASSIGN_DISH_TO_MENU","diaSemana":"Lunes","idMenu":8,"idPlatillo":12,"tipoComida":"Desayuno"},"timestamp":"2026-06-30T13:31:32.708Z"}
{"level":"info","message":{"action":"ASSIGN_DISH_TO_MENU","diaSemana":"Lunes","idMenu":8,"idPlatillo":11,"tipoComida":"Almuerzo"},"timestamp":"2026-06-30T13:31:32.729Z"}
{"level":"info","message":{"action":"ASSIGN_DISH_TO_MENU","diaSemana":"Lunes","idMenu":8,"idPlatillo":10,"tipoComida":"Media tarde"},"timestamp":"2026-06-30T13:31:32.753Z"}
{"level":"info","message":{"action":"ASSIGN_DISH_TO_MENU","diaSemana":"Martes","idMenu":8,"idPlatillo":12,"tipoComida":"Desayuno"},"timestamp":"2026-06-30T13:31:32.774Z"}
{"level":"info","message":{"action":"ASSIGN_DISH_TO_MENU","diaSemana":"Martes","idMenu":8,"idPlatillo":11,"tipoComida":"Almuerzo"},"timestamp":"2026-06-30T13:31:32.794Z"}
{"level":"info","message":{"action":"ASSIGN_DISH_TO_MENU","diaSemana":"Martes","idMenu":8,"idPlatillo":10,"tipoComida":"Media tarde"},"timestamp":"2026-06-30T13:31:32.818Z"}
{"level":"info","message":{"action":"ASSIGN_DISH_TO_MENU","diaSemana":"Miércoles","idMenu":8,"idPlatillo":12,"tipoComida":"Desayuno"},"timestamp":"2026-06-30T13:31:32.841Z"}
{"level":"info","message":{"action":"ASSIGN_DISH_TO_MENU","diaSemana":"Miércoles","idMenu":8,"idPlatillo":11,"tipoComida":"Almuerzo"},"timestamp":"2026-06-30T13:31:32.862Z"}
{"level":"info","message":{"action":"ASSIGN_DISH_TO_MENU","diaSemana":"Miércoles","idMenu":8,"idPlatillo":10,"tipoComida":"Media tarde"},"timestamp":"2026-06-30T13:31:32.885Z"}
{"level":"info","message":{"action":"ASSIGN_DISH_TO_MENU","diaSemana":"Jueves","idMenu":8,"idPlatillo":12,"tipoComida":"Desayuno"},"timestamp":"2026-06-30T13:31:32.903Z"}
{"level":"info","message":{"action":"ASSIGN_DISH_TO_MENU","diaSemana":"Jueves","idMenu":8,"idPlatillo":11,"tipoComida":"Almuerzo"},"timestamp":"2026-06-30T13:31:32.921Z"}
{"level":"info","message":{"action":"ASSIGN_DISH_TO_MENU","diaSemana":"Jueves","idMenu":8,"idPlatillo":10,"tipoComida":"Media tarde"},"timestamp":"2026-06-30T13:31:32.939Z"}
{"level":"info","message":{"action":"ASSIGN_DISH_TO_MENU","diaSemana":"Viernes","idMenu":8,"idPlatillo":12,"tipoComida":"Desayuno"},"timestamp":"2026-06-30T13:31:32.961Z"}
{"level":"info","message":{"action":"ASSIGN_DISH_TO_MENU","diaSemana":"Viernes","idMenu":8,"idPlatillo":11,"tipoComida":"Almuerzo"},"timestamp":"2026-06-30T13:31:32.989Z"}
{"level":"info","message":{"action":"ASSIGN_DISH_TO_MENU","diaSemana":"Viernes","idMenu":8,"idPlatillo":10,"tipoComida":"Media tarde"},"timestamp":"2026-06-30T13:31:33.009Z"}
{"level":"info","message":{"action":"ASSIGN_DISH_TO_MENU","diaSemana":"Sábado","idMenu":8,"idPlatillo":12,"tipoComida":"Desayuno"},"timestamp":"2026-06-30T13:31:33.030Z"}
{"level":"info","message":{"action":"ASSIGN_DISH_TO_MENU","diaSemana":"Sábado","idMenu":8,"idPlatillo":11,"tipoComida":"Almuerzo"},"timestamp":"2026-06-30T13:31:33.046Z"}
{"level":"info","message":{"action":"ASSIGN_DISH_TO_MENU","diaSemana":"Sábado","idMenu":8,"idPlatillo":10,"tipoComida":"Media tarde"},"timestamp":"2026-06-30T13:31:33.067Z"}
{"level":"info","message":{"action":"CREATE_COMPANY","idEmpresa":"9","nit":"CC-1025762829"},"timestamp":"2026-06-30T13:34:03.149Z"}
{"level":"info","message":{"action":"CHANGE_MENU_STATUS","estado":"inactivo","idMenu":8},"timestamp":"2026-06-30T13:38:11.276Z"}
{"level":"info","message":{"action":"CHANGE_MENU_STATUS","estado":"activo","idMenu":8},"timestamp":"2026-06-30T13:38:12.965Z"}
{"level":"error","message":"Credenciales inválidas","method":"POST","path":"/api/auth/login","stack":"Error: Credenciales inválidas\n    at LoginUser.execute (C:\\Users\\samue\\Desktop\\Api_WasteLess\\src\\modules\\usuarios\\gestion-acceso\\application\\use-cases\\LoginUser.js:14:22)\n    at runNextTicks (node:internal/process/task_queues:65:5)\n    at process.processImmediate (node:internal/timers:453:9)\n    at async AuthController.login (C:\\Users\\samue\\Desktop\\Api_WasteLess\\src\\modules\\usuarios\\gestion-acceso\\interfaces\\controllers\\AuthController.js:26:20)","timestamp":"2026-06-30T13:46:21.960Z"}
{"level":"info","message":{"action":"LOGIN","email":"admin@wasteless.com","idUsuario":"1","ip":"::1"},"timestamp":"2026-06-30T13:46:33.953Z"}
{"level":"info","message":"Conexión a SQL Server establecida","timestamp":"2026-06-30T19:52:31.558Z"}
{"level":"info","message":"Tablas Roles, Permisos y RolPermiso verificadas","timestamp":"2026-06-30T19:52:31.685Z"}
{"level":"info","message":"Permisos base verificados","timestamp":"2026-06-30T19:52:31.712Z"}
{"level":"info","message":"Tabla Usuarios verificada","timestamp":"2026-06-30T19:52:31.763Z"}
{"level":"info","message":"Tablas Sesiones y RecuperacionPassword verificadas","timestamp":"2026-06-30T19:52:31.788Z"}
{"level":"info","message":"Tablas CategoriasPlatillo y Platillos verificadas","timestamp":"2026-06-30T19:52:31.846Z"}
{"level":"info","message":"✅ Tablas Ciudades y Empresas verificadas","timestamp":"2026-06-30T19:52:31.905Z"}
{"level":"info","message":"✅ Ciudades base verificadas","timestamp":"2026-06-30T19:52:31.919Z"}
{"level":"info","message":"✅ Tabla Comedores verificada","timestamp":"2026-06-30T19:52:31.960Z"}
{"level":"info","message":"✅ Tablas Menus y MenuDetalle verificadas","timestamp":"2026-06-30T19:52:32.010Z"}
{"level":"info","message":"✅ Tablas Pedidos y PedidoDetalle verificadas","timestamp":"2026-06-30T19:52:32.045Z"}
{"level":"info","message":"Servidor corriendo en http://localhost:3000","timestamp":"2026-06-30T19:52:32.051Z"}
{"level":"info","message":"Conexión a SQL Server establecida","timestamp":"2026-06-30T19:52:43.208Z"}
{"level":"info","message":"Tablas Roles, Permisos y RolPermiso verificadas","timestamp":"2026-06-30T19:52:43.286Z"}
{"level":"info","message":"Permisos base verificados","timestamp":"2026-06-30T19:52:43.301Z"}
{"level":"info","message":"Tabla Usuarios verificada","timestamp":"2026-06-30T19:52:43.334Z"}
{"level":"info","message":"Tablas Sesiones y RecuperacionPassword verificadas","timestamp":"2026-06-30T19:52:43.347Z"}
{"level":"info","message":"Tablas CategoriasPlatillo y Platillos verificadas","timestamp":"2026-06-30T19:52:43.380Z"}
{"level":"info","message":"✅ Tablas Ciudades y Empresas verificadas","timestamp":"2026-06-30T19:52:43.424Z"}
{"level":"info","message":"✅ Ciudades base verificadas","timestamp":"2026-06-30T19:52:43.431Z"}
{"level":"info","message":"✅ Tabla Comedores verificada","timestamp":"2026-06-30T19:52:43.456Z"}
{"level":"info","message":"✅ Tablas Menus y MenuDetalle verificadas","timestamp":"2026-06-30T19:52:43.494Z"}
{"level":"info","message":"✅ Tablas Pedidos y PedidoDetalle verificadas","timestamp":"2026-06-30T19:52:43.530Z"}
{"level":"info","message":"Servidor corriendo en http://localhost:3000","timestamp":"2026-06-30T19:52:43.535Z"}
{"level":"info","message":"Conexión a SQL Server establecida","timestamp":"2026-06-30T19:52:50.940Z"}
{"level":"info","message":"Conexión a SQL Server establecida","timestamp":"2026-06-30T19:53:07.372Z"}
{"level":"info","message":"Tablas Roles, Permisos y RolPermiso verificadas","timestamp":"2026-06-30T19:53:07.477Z"}
{"level":"info","message":"Permisos base verificados","timestamp":"2026-06-30T19:53:07.486Z"}
{"level":"info","message":"Tabla Usuarios verificada","timestamp":"2026-06-30T19:53:07.569Z"}
{"level":"info","message":"Tablas Sesiones y RecuperacionPassword verificadas","timestamp":"2026-06-30T19:53:07.602Z"}
{"level":"info","message":"Tablas CategoriasPlatillo y Platillos verificadas","timestamp":"2026-06-30T19:53:07.694Z"}
{"level":"info","message":"✅ Tablas Ciudades y Empresas verificadas","timestamp":"2026-06-30T19:53:07.777Z"}
{"level":"info","message":"✅ Ciudades base verificadas","timestamp":"2026-06-30T19:53:07.789Z"}
{"level":"info","message":"✅ Tabla Comedores verificada","timestamp":"2026-06-30T19:53:07.845Z"}
{"level":"info","message":"✅ Tablas Menus y MenuDetalle verificadas","timestamp":"2026-06-30T19:53:07.906Z"}
{"level":"info","message":"✅ Tablas Pedidos y PedidoDetalle verificadas","timestamp":"2026-06-30T19:53:07.954Z"}
{"level":"info","message":"Servidor corriendo en http://localhost:3000","timestamp":"2026-06-30T19:53:07.960Z"}
{"level":"info","message":"Conexión a SQL Server establecida","timestamp":"2026-06-30T19:54:14.064Z"}
{"level":"info","message":"Tablas Roles, Permisos y RolPermiso verificadas","timestamp":"2026-06-30T19:54:14.182Z"}
{"level":"info","message":"Permisos base verificados","timestamp":"2026-06-30T19:54:14.192Z"}
{"level":"info","message":"Tabla Usuarios verificada","timestamp":"2026-06-30T19:54:14.240Z"}
{"level":"info","message":"Tablas Sesiones y RecuperacionPassword verificadas","timestamp":"2026-06-30T19:54:14.270Z"}
{"level":"info","message":"Tablas CategoriasPlatillo y Platillos verificadas","timestamp":"2026-06-30T19:54:14.338Z"}
{"level":"info","message":"✅ Tablas Ciudades y Empresas verificadas","timestamp":"2026-06-30T19:54:14.395Z"}
{"level":"info","message":"✅ Ciudades base verificadas","timestamp":"2026-06-30T19:54:14.405Z"}
{"level":"info","message":"✅ Tabla Comedores verificada","timestamp":"2026-06-30T19:54:14.452Z"}
{"level":"info","message":"✅ Tablas Menus y MenuDetalle verificadas","timestamp":"2026-06-30T19:54:14.514Z"}
{"level":"info","message":"✅ Tablas Pedidos y PedidoDetalle verificadas","timestamp":"2026-06-30T19:54:14.561Z"}
{"level":"info","message":"Servidor corriendo en http://localhost:3000","timestamp":"2026-06-30T19:54:14.567Z"}
{"level":"info","message":"Conexión a SQL Server establecida","timestamp":"2026-06-30T19:56:27.524Z"}
{"level":"info","message":"Tablas Roles, Permisos y RolPermiso verificadas","timestamp":"2026-06-30T19:56:27.608Z"}
{"level":"info","message":"Permisos base verificados","timestamp":"2026-06-30T19:56:27.617Z"}
{"level":"info","message":"Tabla Usuarios verificada","timestamp":"2026-06-30T19:56:27.651Z"}
{"level":"info","message":"Tablas Sesiones y RecuperacionPassword verificadas","timestamp":"2026-06-30T19:56:27.663Z"}
{"level":"info","message":"Tablas CategoriasPlatillo y Platillos verificadas","timestamp":"2026-06-30T19:56:27.706Z"}
{"level":"info","message":"✅ Tablas Ciudades y Empresas verificadas","timestamp":"2026-06-30T19:56:27.765Z"}
{"level":"info","message":"✅ Ciudades base verificadas","timestamp":"2026-06-30T19:56:27.773Z"}
{"level":"info","message":"✅ Tabla Comedores verificada","timestamp":"2026-06-30T19:56:27.805Z"}
{"level":"info","message":"✅ Tablas Menus y MenuDetalle verificadas","timestamp":"2026-06-30T19:56:27.858Z"}
{"level":"info","message":"✅ Tablas Pedidos y PedidoDetalle verificadas","timestamp":"2026-06-30T19:56:27.895Z"}
{"level":"info","message":"Servidor corriendo en http://localhost:3000","timestamp":"2026-06-30T19:56:27.900Z"}
{"level":"info","message":"Conexión a SQL Server establecida","timestamp":"2026-06-30T19:56:52.252Z"}
{"level":"info","message":"Tablas Roles, Permisos y RolPermiso verificadas","timestamp":"2026-06-30T19:56:52.446Z"}
{"level":"info","message":"Permisos base verificados","timestamp":"2026-06-30T19:56:52.460Z"}
{"level":"info","message":"Tabla Usuarios verificada","timestamp":"2026-06-30T19:56:52.518Z"}
{"level":"info","message":"Tablas Sesiones y RecuperacionPassword verificadas","timestamp":"2026-06-30T19:56:52.539Z"}
{"level":"info","message":"Tablas CategoriasPlatillo y Platillos verificadas","timestamp":"2026-06-30T19:56:52.588Z"}
{"level":"info","message":"✅ Tablas Ciudades y Empresas verificadas","timestamp":"2026-06-30T19:56:52.648Z"}
{"level":"info","message":"✅ Ciudades base verificadas","timestamp":"2026-06-30T19:56:52.659Z"}
{"level":"info","message":"✅ Tabla Comedores verificada","timestamp":"2026-06-30T19:56:52.726Z"}
{"level":"info","message":"✅ Tablas Menus y MenuDetalle verificadas","timestamp":"2026-06-30T19:56:52.781Z"}
{"level":"info","message":"✅ Tablas Pedidos y PedidoDetalle verificadas","timestamp":"2026-06-30T19:56:52.870Z"}
{"level":"info","message":"Servidor corriendo en http://localhost:3000","timestamp":"2026-06-30T19:56:52.879Z"}
{"level":"error","message":"El comedor no pertenece a la empresa indicada","method":"POST","path":"/api/orders","stack":"Error: El comedor no pertenece a la empresa indicada\n    at CreateOrder.execute (C:\\Users\\samue\\Desktop\\Api_WasteLess\\src\\modules\\gestion-produccion\\gestion-pedidos\\application\\use-cases\\CreateOrder.js:24:13)\n    at runNextTicks (node:internal/process/task_queues:65:5)\n    at process.processImmediate (node:internal/timers:453:9)\n    at async OrderController.create (C:\\Users\\samue\\Desktop\\Api_WasteLess\\src\\modules\\gestion-produccion\\gestion-pedidos\\interfaces\\controllers\\OrderController.js:29:21)","timestamp":"2026-06-30T19:59:17.821Z"}
{"level":"info","message":{"action":"LOGIN","email":"admin@wasteless.com","idUsuario":"1","ip":"::1"},"timestamp":"2026-06-30T20:20:44.001Z"}
{"level":"info","message":{"action":"CREATE_DINING_ROOM","idComedor":"5","nombre":"Comedor arte"},"timestamp":"2026-06-30T20:23:13.876Z"}
{"level":"error","message":"El menú no pertenece al comedor indicado","method":"POST","path":"/api/orders","stack":"Error: El menú no pertenece al comedor indicado\n    at CreateOrder.execute (C:\\Users\\samue\\Desktop\\Api_WasteLess\\src\\modules\\gestion-produccion\\gestion-pedidos\\application\\use-cases\\CreateOrder.js:31:13)\n    at runNextTicks (node:internal/process/task_queues:65:5)\n    at process.processImmediate (node:internal/timers:453:9)\n    at async OrderController.create (C:\\Users\\samue\\Desktop\\Api_WasteLess\\src\\modules\\gestion-produccion\\gestion-pedidos\\interfaces\\controllers\\OrderController.js:29:21)","timestamp":"2026-06-30T20:28:41.269Z"}
{"level":"info","message":{"action":"CREATE_MENU","codigo":"Menú-003","idMenu":"9"},"timestamp":"2026-06-30T20:33:50.488Z"}
{"level":"info","message":{"action":"ASSIGN_DISH_TO_MENU","diaSemana":"Lunes","idMenu":9,"idPlatillo":12,"tipoComida":"Desayuno"},"timestamp":"2026-06-30T20:33:50.535Z"}
{"level":"info","message":{"action":"ASSIGN_DISH_TO_MENU","diaSemana":"Lunes","idMenu":9,"idPlatillo":11,"tipoComida":"Almuerzo"},"timestamp":"2026-06-30T20:33:50.557Z"}
{"level":"info","message":{"action":"ASSIGN_DISH_TO_MENU","diaSemana":"Lunes","idMenu":9,"idPlatillo":10,"tipoComida":"Media tarde"},"timestamp":"2026-06-30T20:33:50.576Z"}
{"level":"info","message":{"action":"ASSIGN_DISH_TO_MENU","diaSemana":"Martes","idMenu":9,"idPlatillo":12,"tipoComida":"Desayuno"},"timestamp":"2026-06-30T20:33:50.594Z"}
{"level":"info","message":{"action":"ASSIGN_DISH_TO_MENU","diaSemana":"Martes","idMenu":9,"idPlatillo":11,"tipoComida":"Almuerzo"},"timestamp":"2026-06-30T20:33:50.608Z"}
{"level":"info","message":{"action":"ASSIGN_DISH_TO_MENU","diaSemana":"Martes","idMenu":9,"idPlatillo":10,"tipoComida":"Media tarde"},"timestamp":"2026-06-30T20:33:50.627Z"}
{"level":"info","message":{"action":"ASSIGN_DISH_TO_MENU","diaSemana":"Miércoles","idMenu":9,"idPlatillo":12,"tipoComida":"Desayuno"},"timestamp":"2026-06-30T20:33:50.645Z"}
{"level":"info","message":{"action":"ASSIGN_DISH_TO_MENU","diaSemana":"Miércoles","idMenu":9,"idPlatillo":11,"tipoComida":"Almuerzo"},"timestamp":"2026-06-30T20:33:50.658Z"}
{"level":"info","message":{"action":"ASSIGN_DISH_TO_MENU","diaSemana":"Miércoles","idMenu":9,"idPlatillo":10,"tipoComida":"Media tarde"},"timestamp":"2026-06-30T20:33:50.677Z"}
{"level":"info","message":{"action":"ASSIGN_DISH_TO_MENU","diaSemana":"Jueves","idMenu":9,"idPlatillo":12,"tipoComida":"Desayuno"},"timestamp":"2026-06-30T20:33:50.690Z"}
{"level":"info","message":{"action":"ASSIGN_DISH_TO_MENU","diaSemana":"Jueves","idMenu":9,"idPlatillo":11,"tipoComida":"Almuerzo"},"timestamp":"2026-06-30T20:33:50.708Z"}
{"level":"info","message":{"action":"ASSIGN_DISH_TO_MENU","diaSemana":"Jueves","idMenu":9,"idPlatillo":10,"tipoComida":"Media tarde"},"timestamp":"2026-06-30T20:33:50.722Z"}
{"level":"info","message":{"action":"ASSIGN_DISH_TO_MENU","diaSemana":"Viernes","idMenu":9,"idPlatillo":12,"tipoComida":"Desayuno"},"timestamp":"2026-06-30T20:33:50.738Z"}
{"level":"info","message":{"action":"ASSIGN_DISH_TO_MENU","diaSemana":"Viernes","idMenu":9,"idPlatillo":11,"tipoComida":"Almuerzo"},"timestamp":"2026-06-30T20:33:50.750Z"}
{"level":"info","message":{"action":"ASSIGN_DISH_TO_MENU","diaSemana":"Viernes","idMenu":9,"idPlatillo":10,"tipoComida":"Media tarde"},"timestamp":"2026-06-30T20:33:50.775Z"}
{"level":"info","message":{"action":"ASSIGN_DISH_TO_MENU","diaSemana":"Sábado","idMenu":9,"idPlatillo":12,"tipoComida":"Desayuno"},"timestamp":"2026-06-30T20:33:50.793Z"}
{"level":"info","message":{"action":"ASSIGN_DISH_TO_MENU","diaSemana":"Sábado","idMenu":9,"idPlatillo":11,"tipoComida":"Almuerzo"},"timestamp":"2026-06-30T20:33:50.809Z"}
{"level":"info","message":{"action":"ASSIGN_DISH_TO_MENU","diaSemana":"Sábado","idMenu":9,"idPlatillo":10,"tipoComida":"Media tarde"},"timestamp":"2026-06-30T20:33:50.822Z"}
{"level":"info","message":{"action":"LOGIN","email":"admin@wasteless.com","idUsuario":"1","ip":"::1"},"timestamp":"2026-06-30T20:36:40.889Z"}
{"level":"info","message":{"action":"LOGIN","email":"admin@wasteless.com","idUsuario":"1","ip":"::1"},"timestamp":"2026-06-30T20:40:22.301Z"}
{"level":"info","message":"Conexión a SQL Server establecida","timestamp":"2026-06-30T21:10:16.763Z"}
{"level":"info","message":"Tablas Roles, Permisos y RolPermiso verificadas","timestamp":"2026-06-30T21:10:16.844Z"}
{"level":"info","message":"Permisos base verificados","timestamp":"2026-06-30T21:10:16.851Z"}
{"level":"info","message":"Tabla Usuarios verificada","timestamp":"2026-06-30T21:10:16.884Z"}
{"level":"info","message":"Tablas Sesiones y RecuperacionPassword verificadas","timestamp":"2026-06-30T21:10:16.903Z"}
{"level":"info","message":"Tablas CategoriasPlatillo y Platillos verificadas","timestamp":"2026-06-30T21:10:16.945Z"}
{"level":"info","message":"✅ Tablas Ciudades y Empresas verificadas","timestamp":"2026-06-30T21:10:16.993Z"}
{"level":"info","message":"✅ Ciudades base verificadas","timestamp":"2026-06-30T21:10:17.002Z"}
{"level":"info","message":"✅ Tabla Comedores verificada","timestamp":"2026-06-30T21:10:17.034Z"}
{"level":"info","message":"✅ Tablas Menus y MenuDetalle verificadas","timestamp":"2026-06-30T21:10:17.082Z"}
{"level":"info","message":"✅ Tablas Pedidos y PedidoDetalle verificadas","timestamp":"2026-06-30T21:10:17.260Z"}
{"level":"info","message":"Servidor corriendo en http://localhost:3000","timestamp":"2026-06-30T21:10:17.274Z"}
{"level":"info","message":"Conexión a SQL Server establecida","timestamp":"2026-06-30T21:10:21.902Z"}
{"level":"info","message":"Tablas Roles, Permisos y RolPermiso verificadas","timestamp":"2026-06-30T21:10:21.932Z"}
{"level":"info","message":"Permisos base verificados","timestamp":"2026-06-30T21:10:21.947Z"}
{"level":"info","message":"Tabla Usuarios verificada","timestamp":"2026-06-30T21:10:21.961Z"}
{"level":"info","message":"Tablas Sesiones y RecuperacionPassword verificadas","timestamp":"2026-06-30T21:10:21.969Z"}
{"level":"info","message":"Tablas CategoriasPlatillo y Platillos verificadas","timestamp":"2026-06-30T21:10:21.999Z"}
{"level":"info","message":"✅ Tablas Ciudades y Empresas verificadas","timestamp":"2026-06-30T21:10:22.014Z"}
{"level":"info","message":"✅ Ciudades base verificadas","timestamp":"2026-06-30T21:10:22.054Z"}
{"level":"info","message":"✅ Tabla Comedores verificada","timestamp":"2026-06-30T21:10:22.061Z"}
{"level":"info","message":"✅ Tablas Menus y MenuDetalle verificadas","timestamp":"2026-06-30T21:10:22.079Z"}
{"level":"info","message":"✅ Tablas Pedidos y PedidoDetalle verificadas","timestamp":"2026-06-30T21:10:22.123Z"}
{"level":"info","message":"Servidor corriendo en http://localhost:3000","timestamp":"2026-06-30T21:10:22.136Z"}
{"level":"info","message":"Conexión a SQL Server establecida","timestamp":"2026-06-30T21:11:06.373Z"}
{"level":"info","message":"Tablas Roles, Permisos y RolPermiso verificadas","timestamp":"2026-06-30T21:11:06.436Z"}
{"level":"info","message":"Permisos base verificados","timestamp":"2026-06-30T21:11:06.443Z"}
{"level":"info","message":"Tabla Usuarios verificada","timestamp":"2026-06-30T21:11:06.475Z"}
{"level":"info","message":"Tablas Sesiones y RecuperacionPassword verificadas","timestamp":"2026-06-30T21:11:06.491Z"}
{"level":"info","message":"Tablas CategoriasPlatillo y Platillos verificadas","timestamp":"2026-06-30T21:11:06.527Z"}
{"level":"info","message":"✅ Tablas Ciudades y Empresas verificadas","timestamp":"2026-06-30T21:11:06.571Z"}
{"level":"info","message":"✅ Ciudades base verificadas","timestamp":"2026-06-30T21:11:06.577Z"}
{"level":"info","message":"✅ Tabla Comedores verificada","timestamp":"2026-06-30T21:11:06.609Z"}
{"level":"info","message":"✅ Tablas Menus y MenuDetalle verificadas","timestamp":"2026-06-30T21:11:06.654Z"}
{"level":"info","message":"✅ Tablas Pedidos y PedidoDetalle verificadas","timestamp":"2026-06-30T21:11:06.702Z"}
{"level":"info","message":"Servidor corriendo en http://localhost:3000","timestamp":"2026-06-30T21:11:06.709Z"}
{"level":"info","message":"Conexión a SQL Server establecida","timestamp":"2026-06-30T21:11:11.583Z"}
{"level":"info","message":"Tablas Roles, Permisos y RolPermiso verificadas","timestamp":"2026-06-30T21:11:11.617Z"}
{"level":"info","message":"Permisos base verificados","timestamp":"2026-06-30T21:11:11.627Z"}
{"level":"info","message":"Tabla Usuarios verificada","timestamp":"2026-06-30T21:11:11.634Z"}
{"level":"info","message":"Tablas Sesiones y RecuperacionPassword verificadas","timestamp":"2026-06-30T21:11:11.644Z"}
{"level":"info","message":"Tablas CategoriasPlatillo y Platillos verificadas","timestamp":"2026-06-30T21:11:11.649Z"}
{"level":"info","message":"✅ Tablas Ciudades y Empresas verificadas","timestamp":"2026-06-30T21:11:11.654Z"}
{"level":"info","message":"✅ Ciudades base verificadas","timestamp":"2026-06-30T21:11:11.660Z"}
{"level":"info","message":"✅ Tabla Comedores verificada","timestamp":"2026-06-30T21:11:11.671Z"}
{"level":"info","message":"✅ Tablas Menus y MenuDetalle verificadas","timestamp":"2026-06-30T21:11:11.677Z"}
{"level":"info","message":"✅ Tablas Pedidos y PedidoDetalle verificadas","timestamp":"2026-06-30T21:11:11.683Z"}
{"level":"info","message":"Servidor corriendo en http://localhost:3000","timestamp":"2026-06-30T21:11:11.687Z"}
{"level":"info","message":"Conexión a SQL Server establecida","timestamp":"2026-06-30T21:12:16.948Z"}
{"level":"info","message":"Tablas Roles, Permisos y RolPermiso verificadas","timestamp":"2026-06-30T21:12:17.103Z"}
{"level":"info","message":"Permisos base verificados","timestamp":"2026-06-30T21:12:17.114Z"}
{"level":"info","message":"Tabla Usuarios verificada","timestamp":"2026-06-30T21:12:17.160Z"}
{"level":"info","message":"Tablas Sesiones y RecuperacionPassword verificadas","timestamp":"2026-06-30T21:12:17.185Z"}
{"level":"info","message":"Tablas CategoriasPlatillo y Platillos verificadas","timestamp":"2026-06-30T21:12:17.258Z"}
{"level":"info","message":"✅ Tablas Ciudades y Empresas verificadas","timestamp":"2026-06-30T21:12:17.331Z"}
{"level":"info","message":"✅ Ciudades base verificadas","timestamp":"2026-06-30T21:12:17.344Z"}
{"level":"info","message":"✅ Tabla Comedores verificada","timestamp":"2026-06-30T21:12:17.403Z"}
{"level":"info","message":"✅ Tablas Menus y MenuDetalle verificadas","timestamp":"2026-06-30T21:12:17.573Z"}
{"level":"info","message":"✅ Tablas Pedidos y PedidoDetalle verificadas","timestamp":"2026-06-30T21:12:17.657Z"}
{"level":"info","message":"Servidor corriendo en http://localhost:3000","timestamp":"2026-06-30T21:12:17.665Z"}
{"level":"info","message":"Conexión a SQL Server establecida","timestamp":"2026-06-30T21:12:21.476Z"}
{"level":"info","message":"Tablas Roles, Permisos y RolPermiso verificadas","timestamp":"2026-06-30T21:12:21.534Z"}
{"level":"info","message":"Permisos base verificados","timestamp":"2026-06-30T21:12:21.548Z"}
{"level":"info","message":"Tabla Usuarios verificada","timestamp":"2026-06-30T21:12:21.553Z"}
{"level":"info","message":"Tablas Sesiones y RecuperacionPassword verificadas","timestamp":"2026-06-30T21:12:21.557Z"}
{"level":"info","message":"Tablas CategoriasPlatillo y Platillos verificadas","timestamp":"2026-06-30T21:12:21.562Z"}
{"level":"info","message":"✅ Tablas Ciudades y Empresas verificadas","timestamp":"2026-06-30T21:12:21.569Z"}
{"level":"info","message":"✅ Ciudades base verificadas","timestamp":"2026-06-30T21:12:21.576Z"}
{"level":"info","message":"✅ Tabla Comedores verificada","timestamp":"2026-06-30T21:12:21.582Z"}
{"level":"info","message":"✅ Tablas Menus y MenuDetalle verificadas","timestamp":"2026-06-30T21:12:21.596Z"}
{"level":"info","message":"✅ Tablas Pedidos y PedidoDetalle verificadas","timestamp":"2026-06-30T21:12:21.604Z"}
{"level":"info","message":"Servidor corriendo en http://localhost:3000","timestamp":"2026-06-30T21:12:21.613Z"}
{"level":"info","message":"Conexión a SQL Server establecida","timestamp":"2026-06-30T21:13:08.561Z"}
{"level":"info","message":"Tablas Roles, Permisos y RolPermiso verificadas","timestamp":"2026-06-30T21:13:08.673Z"}
{"level":"info","message":"Permisos base verificados","timestamp":"2026-06-30T21:13:08.683Z"}
{"level":"info","message":"Tabla Usuarios verificada","timestamp":"2026-06-30T21:13:08.725Z"}
{"level":"info","message":"Tablas Sesiones y RecuperacionPassword verificadas","timestamp":"2026-06-30T21:13:08.745Z"}
{"level":"info","message":"Tablas CategoriasPlatillo y Platillos verificadas","timestamp":"2026-06-30T21:13:08.829Z"}
{"level":"info","message":"✅ Tablas Ciudades y Empresas verificadas","timestamp":"2026-06-30T21:13:08.937Z"}
{"level":"info","message":"✅ Ciudades base verificadas","timestamp":"2026-06-30T21:13:08.944Z"}
{"level":"info","message":"✅ Tabla Comedores verificada","timestamp":"2026-06-30T21:13:08.982Z"}
{"level":"info","message":"✅ Tablas Menus y MenuDetalle verificadas","timestamp":"2026-06-30T21:13:09.033Z"}
{"level":"info","message":"✅ Tablas Pedidos y PedidoDetalle verificadas","timestamp":"2026-06-30T21:13:09.087Z"}
{"level":"info","message":"Servidor corriendo en http://localhost:3000","timestamp":"2026-06-30T21:13:09.092Z"}
{"level":"info","message":"Conexión a SQL Server establecida","timestamp":"2026-06-30T21:14:54.468Z"}
{"level":"info","message":"Tablas Roles, Permisos y RolPermiso verificadas","timestamp":"2026-06-30T21:14:54.576Z"}
{"level":"info","message":"Permisos base verificados","timestamp":"2026-06-30T21:14:54.587Z"}
{"level":"info","message":"Tabla Usuarios verificada","timestamp":"2026-06-30T21:14:54.647Z"}
{"level":"info","message":"Conexión a SQL Server establecida","timestamp":"2026-06-30T21:14:57.800Z"}
{"level":"info","message":"Tablas Roles, Permisos y RolPermiso verificadas","timestamp":"2026-06-30T21:14:57.845Z"}
{"level":"info","message":"Permisos base verificados","timestamp":"2026-06-30T21:14:57.849Z"}
{"level":"info","message":"Tabla Usuarios verificada","timestamp":"2026-06-30T21:14:57.855Z"}
{"level":"info","message":"Tablas Sesiones y RecuperacionPassword verificadas","timestamp":"2026-06-30T21:14:57.879Z"}
{"level":"info","message":"Tablas CategoriasPlatillo y Platillos verificadas","timestamp":"2026-06-30T21:14:57.920Z"}
{"level":"info","message":"✅ Tablas Ciudades y Empresas verificadas","timestamp":"2026-06-30T21:14:57.958Z"}
{"level":"info","message":"✅ Ciudades base verificadas","timestamp":"2026-06-30T21:14:57.965Z"}
{"level":"info","message":"✅ Tabla Comedores verificada","timestamp":"2026-06-30T21:14:57.997Z"}
{"level":"info","message":"✅ Tablas Menus y MenuDetalle verificadas","timestamp":"2026-06-30T21:14:58.045Z"}
{"level":"info","message":"✅ Tablas Pedidos y PedidoDetalle verificadas","timestamp":"2026-06-30T21:14:58.085Z"}
{"level":"info","message":"Servidor corriendo en http://localhost:3000","timestamp":"2026-06-30T21:14:58.090Z"}
{"level":"info","message":"Conexión a SQL Server establecida","timestamp":"2026-06-30T21:15:53.286Z"}
{"level":"info","message":"Tablas Roles, Permisos y RolPermiso verificadas","timestamp":"2026-06-30T21:15:53.359Z"}
{"level":"info","message":"Permisos base verificados","timestamp":"2026-06-30T21:15:53.366Z"}
{"level":"info","message":"Tabla Usuarios verificada","timestamp":"2026-06-30T21:15:53.402Z"}
{"level":"info","message":"Tablas Sesiones y RecuperacionPassword verificadas","timestamp":"2026-06-30T21:15:53.417Z"}
{"level":"info","message":"Tablas CategoriasPlatillo y Platillos verificadas","timestamp":"2026-06-30T21:15:53.460Z"}
{"level":"info","message":"✅ Tablas Ciudades y Empresas verificadas","timestamp":"2026-06-30T21:15:53.509Z"}
{"level":"info","message":"✅ Ciudades base verificadas","timestamp":"2026-06-30T21:15:53.519Z"}
{"level":"info","message":"✅ Tabla Comedores verificada","timestamp":"2026-06-30T21:15:53.552Z"}
{"level":"info","message":"✅ Tablas Menus y MenuDetalle verificadas","timestamp":"2026-06-30T21:15:53.600Z"}
{"level":"info","message":"✅ Tablas Pedidos y PedidoDetalle verificadas","timestamp":"2026-06-30T21:15:53.639Z"}
{"level":"info","message":"Servidor corriendo en http://localhost:3000","timestamp":"2026-06-30T21:15:53.645Z"}
{"level":"info","message":"Conexión a SQL Server establecida","timestamp":"2026-06-30T21:16:36.956Z"}
{"level":"info","message":"Tablas Roles, Permisos y RolPermiso verificadas","timestamp":"2026-06-30T21:16:37.017Z"}
{"level":"info","message":"Permisos base verificados","timestamp":"2026-06-30T21:16:37.023Z"}
{"level":"info","message":"Tabla Usuarios verificada","timestamp":"2026-06-30T21:16:37.056Z"}
{"level":"info","message":"Tablas Sesiones y RecuperacionPassword verificadas","timestamp":"2026-06-30T21:16:37.067Z"}
{"level":"info","message":"Tablas CategoriasPlatillo y Platillos verificadas","timestamp":"2026-06-30T21:16:37.101Z"}
{"level":"info","message":"✅ Tablas Ciudades y Empresas verificadas","timestamp":"2026-06-30T21:16:37.142Z"}
{"level":"info","message":"✅ Ciudades base verificadas","timestamp":"2026-06-30T21:16:37.150Z"}
{"level":"info","message":"✅ Tabla Comedores verificada","timestamp":"2026-06-30T21:16:37.190Z"}
{"level":"info","message":"✅ Tablas Menus y MenuDetalle verificadas","timestamp":"2026-06-30T21:16:37.237Z"}
{"level":"info","message":"✅ Tablas Pedidos y PedidoDetalle verificadas","timestamp":"2026-06-30T21:16:37.285Z"}
{"level":"info","message":"Servidor corriendo en http://localhost:3000","timestamp":"2026-06-30T21:16:37.290Z"}
